{"display":{"head":{},"firstperson_righthand":{},"thirdperson_lefthand":{},"firstperson_lefthand":{},"fixed":{},"ground":{},"thirdperson_righthand":{},"gui":{"rotation":[-150.0,-45.0,180.0]}},"elements":[{"from":[3.065864,22.75,4.815864],"to":[7.565864,27.25,9.315864],"rotation":{"origin":[8.065865,20.25,7.065864],"axis":"y","angle":-45.0},"faces":{"east":{"uv":[12.5,0.0,11.5,1.0],"texture":"#0","tintindex":0},"south":{"uv":[12.5,0.0,11.5,1.0],"texture":"#0","tintindex":0},"north":{"uv":[12.5,0.0,11.5,1.0],"texture":"#0","tintindex":0},"west":{"uv":[12.5,0.0,11.5,1.0],"texture":"#0","tintindex":0},"up":{"uv":[12.5,1.25,11.5,2.25],"texture":"#0","tintindex":0},"down":{"uv":[12.5,2.5,11.5,3.5],"texture":"#0","tintindex":0}}},{"from":[-2.0,8.0,-4.0],"to":[8.0,18.0,6.0],"faces":{"east":{"uv":[4.25,2.75,6.75,5.25],"texture":"#0","tintindex":0},"south":{"uv":[0.0,4.5,2.5,7.0],"texture":"#0","tintindex":0},"north":{"uv":[4.25,0.0,6.75,2.5],"texture":"#0","tintindex":0},"west":{"uv":[6.75,2.75,4.25,5.25],"texture":"#0","tintindex":0},"up":{"uv":[5.25,8.0,2.75,5.5],"texture":"#0","tintindex":0},"down":{"uv":[8.0,5.5,5.5,8.0],"texture":"#0","tintindex":0}}},{"from":[3.0,18.0,2.0],"to":[5.0,23.0,4.0],"rotation":{"origin":[4.0,20.0,3.0],"axis":"y","angle":-45.0},"faces":{"east":{"uv":[6.75,9.5,6.25,10.75],"texture":"#0","tintindex":0},"south":{"uv":[10.0,5.5,9.5,6.75],"texture":"#0","tintindex":0},"north":{"uv":[5.25,9.5,4.75,10.75],"texture":"#0","tintindex":0},"west":{"uv":[6.0,9.5,5.5,10.75],"texture":"#0","tintindex":0},"up":{"uv":[3.0,11.5,3.5,11.0],"texture":"#0","tintindex":0},"down":{"uv":[11.0,3.0,11.5,3.5],"texture":"#0","tintindex":0}}},{"from":[12.24772,12.0,5.7058206],"to":[12.28772,24.0,17.70582],"rotation":{"origin":[11.28772,19.0,10.55582],"axis":"y","angle":45.0},"faces":{"east":{"uv":[0.0,0.0,12.0,12.0],"texture":"#1","tintindex":0},"west":{"uv":[12.0,0.0,0.0,12.0],"texture":"#1","tintindex":0}}},{"from":[-3.0,21.0,-4.0],"to":[0.0,23.0,-2.0],"rotation":{"origin":[-0.25,21.25,-3.0],"axis":"y","angle":-45.0},"faces":{"east":{"uv":[1.25,10.75,0.75,11.25],"texture":"#0","tintindex":0},"south":{"uv":[11.0,4.5,10.25,5.0],"texture":"#0","tintindex":0},"north":{"uv":[11.0,3.75,10.25,4.25],"texture":"#0","tintindex":0},"west":{"uv":[0.5,10.75,0.0,11.25],"texture":"#0","tintindex":0},"up":{"uv":[10.25,5.75,11.0,5.25],"texture":"#0","tintindex":0},"down":{"uv":[10.25,6.0,11.0,6.5],"texture":"#0","tintindex":0}}},{"from":[3.75,18.75,-9.25],"to":[8.25,23.25,-4.75],"faces":{"east":{"uv":[12.5,0.0,11.5,1.0],"texture":"#0","tintindex":0},"south":{"uv":[12.5,0.0,11.5,1.0],"texture":"#0","tintindex":0},"north":{"uv":[12.5,0.0,11.5,1.0],"texture":"#0","tintindex":0},"west":{"uv":[12.5,0.0,11.5,1.0],"texture":"#0","tintindex":0},"up":{"uv":[12.5,1.25,11.5,2.25],"texture":"#0","tintindex":0},"down":{"uv":[12.5,2.5,11.5,3.5],"texture":"#0","tintindex":0}}},{"from":[5.0,18.0,-3.0],"to":[7.0,22.0,-1.0],"faces":{"east":{"uv":[10.75,2.5,10.25,3.5],"texture":"#0","tintindex":0},"south":{"uv":[10.5,9.5,10.0,10.5],"texture":"#0","tintindex":0},"north":{"uv":[10.5,7.0,10.0,8.0],"texture":"#0","tintindex":0},"west":{"uv":[10.5,8.25,10.0,9.25],"texture":"#0","tintindex":0},"up":{"uv":[10.75,7.25,11.25,6.75],"texture":"#0","tintindex":0},"down":{"uv":[10.75,7.5,11.25,8.0],"texture":"#0","tintindex":0}}},{"from":[-6.2877197,12.0,5.7058206],"to":[-6.24772,24.0,17.70582],"rotation":{"origin":[-5.2877197,19.0,10.55582],"axis":"y","angle":-45.0},"faces":{"east":{"uv":[0.0,0.0,12.0,12.0],"texture":"#1","tintindex":0},"west":{"uv":[12.0,0.0,0.0,12.0],"texture":"#1","tintindex":0}}},{"from":[5.0,21.0,2.0],"to":[8.0,23.0,4.0],"rotation":{"origin":[4.0,20.0,3.0],"axis":"y","angle":-45.0},"faces":{"east":{"uv":[5.0,11.0,4.5,11.5],"texture":"#0","tintindex":0},"south":{"uv":[11.25,0.75,10.5,1.25],"texture":"#0","tintindex":0},"north":{"uv":[11.25,0.0,10.5,0.5],"texture":"#0","tintindex":0},"west":{"uv":[4.25,11.0,3.75,11.5],"texture":"#0","tintindex":0},"up":{"uv":[10.5,2.0,11.25,1.5],"texture":"#0","tintindex":0},"down":{"uv":[7.0,10.5,7.75,11.0],"texture":"#0","tintindex":0}}},{"from":[8.4,18.4,6.4],"to":[-2.4,7.6,-4.4],"faces":{"east":{"uv":[12.75,0.0,13.25,0.5],"texture":"#0","tintindex":0},"south":{"uv":[12.75,0.0,13.25,0.5],"texture":"#0","tintindex":0},"north":{"uv":[12.75,0.0,13.25,0.5],"texture":"#0","tintindex":0},"west":{"uv":[12.75,0.0,13.25,0.5],"texture":"#0","tintindex":0},"up":{"uv":[12.75,0.0,13.25,0.5],"texture":"#0","tintindex":0},"down":{"uv":[12.75,0.0,13.25,0.5],"texture":"#0","tintindex":0}}},{"from":[5.0,20.0,-5.0],"to":[7.0,22.0,-3.0],"faces":{"east":{"uv":[11.25,9.75,10.75,10.25],"texture":"#0","tintindex":0},"south":{"uv":[10.0,10.75,9.5,11.25],"texture":"#0","tintindex":0},"north":{"uv":[11.25,8.25,10.75,8.75],"texture":"#0","tintindex":0},"west":{"uv":[11.25,9.0,10.75,9.5],"texture":"#0","tintindex":0},"up":{"uv":[10.25,11.25,10.75,10.75],"texture":"#0","tintindex":0},"down":{"uv":[11.0,2.25,11.5,2.75],"texture":"#0","tintindex":0}}},{"from":[-3.0,23.0,-4.0],"to":[-1.0,24.0,-2.0],"rotation":{"origin":[-0.25,21.25,-3.0],"axis":"y","angle":-45.0},"faces":{"east":{"uv":[11.5,10.5,11.0,10.75],"texture":"#0","tintindex":0},"south":{"uv":[6.5,11.0,6.0,11.25],"texture":"#0","tintindex":0},"north":{"uv":[7.5,5.0,7.0,5.25],"texture":"#0","tintindex":0},"west":{"uv":[5.75,11.0,5.25,11.25],"texture":"#0","tintindex":0},"up":{"uv":[1.5,11.25,2.0,10.75],"texture":"#0","tintindex":0},"down":{"uv":[2.25,10.75,2.75,11.25],"texture":"#0","tintindex":0}}},{"from":[-6.300253,23.75,-0.3002529],"to":[-1.8002529,28.25,4.1997476],"rotation":{"origin":[4.6997476,21.25,1.9497476],"axis":"y","angle":-45.0},"faces":{"east":{"uv":[12.5,0.0,11.5,1.0],"texture":"#0","tintindex":0},"south":{"uv":[12.5,0.0,11.5,1.0],"texture":"#0","tintindex":0},"north":{"uv":[12.5,0.0,11.5,1.0],"texture":"#0","tintindex":0},"west":{"uv":[12.5,0.0,11.5,1.0],"texture":"#0","tintindex":0},"up":{"uv":[12.5,1.25,11.5,2.25],"texture":"#0","tintindex":0},"down":{"uv":[12.5,2.5,11.5,3.5],"texture":"#0","tintindex":0}}},{"from":[0.0,18.0,-4.0],"to":[2.0,23.0,-2.0],"rotation":{"origin":[-0.25,21.25,-3.0],"axis":"y","angle":-45.0},"faces":{"east":{"uv":[10.0,4.0,9.5,5.25],"texture":"#0","tintindex":0},"south":{"uv":[4.5,9.5,4.0,10.75],"texture":"#0","tintindex":0},"north":{"uv":[10.0,2.5,9.5,3.75],"texture":"#0","tintindex":0},"west":{"uv":[3.75,9.5,3.25,10.75],"texture":"#0","tintindex":0},"up":{"uv":[8.0,11.0,8.5,10.5],"texture":"#0","tintindex":0},"down":{"uv":[8.75,10.5,9.25,11.0],"texture":"#0","tintindex":0}}},{"from":[-4.0,24.0,-5.0],"to":[0.0,28.0,-1.0],"rotation":{"origin":[-0.25,21.25,-3.0],"axis":"y","angle":-45.0},"faces":{"east":{"uv":[8.0,3.75,7.0,4.75],"texture":"#0","tintindex":0},"south":{"uv":[8.0,2.5,7.0,3.5],"texture":"#0","tintindex":0},"north":{"uv":[8.0,0.0,7.0,1.0],"texture":"#0","tintindex":0},"west":{"uv":[8.0,1.25,7.0,2.25],"texture":"#0","tintindex":0},"up":{"uv":[0.0,8.25,1.0,7.25],"texture":"#0","tintindex":0},"down":{"uv":[1.25,7.25,2.25,8.25],"texture":"#0","tintindex":0}}},{"from":[5.0,23.0,1.0],"to":[9.0,27.0,5.0],"rotation":{"origin":[4.0,20.0,3.0],"axis":"y","angle":-45.0},"faces":{"east":{"uv":[9.25,6.25,8.25,7.25],"texture":"#0","tintindex":0},"south":{"uv":[7.25,8.25,6.25,9.25],"texture":"#0","tintindex":0},"north":{"uv":[6.0,8.25,5.0,9.25],"texture":"#0","tintindex":0},"west":{"uv":[9.25,5.0,8.25,6.0],"texture":"#0","tintindex":0},"up":{"uv":[7.5,9.25,8.5,8.25],"texture":"#0","tintindex":0},"down":{"uv":[0.0,8.5,1.0,9.5],"texture":"#0","tintindex":0}}},{"from":[-3.0,2.4622803,2.2058206],"to":[9.0,2.5022802,14.205821],"rotation":{"origin":[-8.0,-0.28771973,10.55582],"axis":"x","angle":45.0},"faces":{"up":{"uv":[0.0,0.0,12.0,12.0],"texture":"#1","rotation":270,"tintindex":0},"down":{"uv":[12.0,0.0,0.0,12.0],"texture":"#1","rotation":270,"tintindex":0}}},{"from":[4.0,19.0,-9.0],"to":[8.0,23.0,-5.0],"faces":{"east":{"uv":[9.25,2.5,8.25,3.5],"texture":"#0","tintindex":0},"south":{"uv":[3.5,8.25,2.5,9.25],"texture":"#0","tintindex":0},"north":{"uv":[9.25,0.0,8.25,1.0],"texture":"#0","tintindex":0},"west":{"uv":[9.25,1.25,8.25,2.25],"texture":"#0","tintindex":0},"up":{"uv":[3.75,9.25,4.75,8.25],"texture":"#0","tintindex":0},"down":{"uv":[8.25,3.75,9.25,4.75],"texture":"#0","tintindex":0}}}],"textures":{"particle":"#0","0":"modelengine:entity/cubee_end","1":"modelengine:entity/end_particle"}}