{"display":{"head":{},"firstperson_righthand":{},"thirdperson_lefthand":{},"firstperson_lefthand":{},"fixed":{},"ground":{},"thirdperson_righthand":{},"gui":{"rotation":[-150.0,-45.0,180.0]}},"elements":[{"from":[7.0,5.0,7.0],"to":[9.0,9.0,9.0],"faces":{"east":{"uv":[3.0,9.5,2.5,10.5],"texture":"#0","tintindex":0},"south":{"uv":[3.25,4.5,2.75,5.5],"texture":"#0","tintindex":0},"north":{"uv":[4.25,4.5,3.75,5.5],"texture":"#0","tintindex":0},"west":{"uv":[3.75,4.5,3.25,5.5],"texture":"#0","tintindex":0},"up":{"uv":[2.5,9.5,2.0,10.0],"texture":"#0","tintindex":0},"down":{"uv":[2.5,10.0,2.0,10.5],"texture":"#0","tintindex":0}}},{"from":[10.5,5.5,10.5],"to":[5.5,0.5,5.5],"faces":{"east":{"uv":[12.75,0.0,13.25,0.5],"texture":"#0","tintindex":0},"south":{"uv":[12.75,0.0,13.25,0.5],"texture":"#0","tintindex":0},"north":{"uv":[12.75,0.0,13.25,0.5],"texture":"#0","tintindex":0},"west":{"uv":[12.75,0.0,13.25,0.5],"texture":"#0","tintindex":0},"up":{"uv":[12.75,0.0,13.25,0.5],"texture":"#0","tintindex":0},"down":{"uv":[12.75,0.0,13.25,0.5],"texture":"#0","tintindex":0}}},{"from":[5.75,0.75,5.75],"to":[10.25,5.25,10.25],"faces":{"east":{"uv":[12.5,1.0,11.5,0.0],"texture":"#0","tintindex":0},"south":{"uv":[12.5,1.0,11.5,0.0],"texture":"#0","tintindex":0},"north":{"uv":[12.5,1.0,11.5,0.0],"texture":"#0","tintindex":0},"west":{"uv":[12.5,1.0,11.5,0.0],"texture":"#0","tintindex":0},"up":{"uv":[12.5,3.5,11.5,2.5],"texture":"#0","tintindex":0},"down":{"uv":[12.5,2.25,11.5,1.25],"texture":"#0","tintindex":0}}},{"from":[9.3,9.3,9.3],"to":[6.7,5.5,6.7],"faces":{"east":{"uv":[12.75,0.0,13.25,0.5],"texture":"#0","tintindex":0},"south":{"uv":[12.75,0.0,13.25,0.5],"texture":"#0","tintindex":0},"north":{"uv":[12.75,0.0,13.25,0.5],"texture":"#0","tintindex":0},"west":{"uv":[12.75,0.0,13.25,0.5],"texture":"#0","tintindex":0}}},{"from":[6.0,1.0,6.0],"to":[10.0,5.0,10.0],"faces":{"east":{"uv":[10.25,0.0,9.25,1.0],"texture":"#0","tintindex":0},"south":{"uv":[10.25,0.0,9.25,1.0],"texture":"#0","tintindex":0},"north":{"uv":[10.25,0.0,9.25,1.0],"texture":"#0","tintindex":0},"west":{"uv":[10.25,0.0,9.25,1.0],"texture":"#0","tintindex":0},"up":{"uv":[10.25,1.25,9.25,2.25],"texture":"#0","tintindex":0},"down":{"uv":[9.75,7.5,8.75,8.5],"texture":"#0","tintindex":0}}}],"textures":{"particle":"#0","0":"modelengine:entity/cubee_end"}}