{"display":{"head":{},"firstperson_righthand":{},"thirdperson_lefthand":{},"firstperson_lefthand":{},"fixed":{},"ground":{},"thirdperson_righthand":{},"gui":{"rotation":[-150.0,-45.0,180.0]}},"elements":[{"from":[8.0,2.0,8.0],"to":[8.03,19.0,24.0],"rotation":{"origin":[8.0,8.0,8.0],"axis":"y","angle":45.0},"faces":{"east":{"uv":[0.0,0.0,4.0,4.25],"texture":"#0","tintindex":0},"west":{"uv":[4.0,0.0,0.0,4.25],"texture":"#0","tintindex":0}}},{"from":[8.01,1.25,7.25],"to":[8.02,19.75,24.75],"rotation":{"origin":[8.0,8.0,8.0],"axis":"y","angle":45.0},"faces":{"east":{"uv":[11.5,3.75,15.5,8.0],"texture":"#0","tintindex":0},"west":{"uv":[15.5,3.75,11.5,8.0],"texture":"#0","tintindex":0}}}],"textures":{"particle":"#0","0":"modelengine:entity/cubee_end"}}