{"display":{"head":{},"firstperson_righthand":{},"thirdperson_lefthand":{},"firstperson_lefthand":{},"fixed":{},"ground":{},"thirdperson_righthand":{},"gui":{"rotation":[-150.0,-45.0,180.0]}},"elements":[{"from":[7.0,7.0,7.0],"to":[10.0,9.0,9.0],"faces":{"east":{"uv":[12.75,9.0,12.25,9.5],"texture":"#0","tintindex":0},"south":{"uv":[11.25,8.25,12.0,8.75],"texture":"#0","tintindex":0},"north":{"uv":[12.0,8.25,11.25,8.75],"texture":"#0","tintindex":0},"west":{"uv":[12.0,9.0,11.5,9.5],"texture":"#0","tintindex":0},"up":{"uv":[12.75,9.75,12.0,10.25],"texture":"#0","tintindex":0},"down":{"uv":[12.0,9.75,11.25,10.25],"texture":"#0","tintindex":0}}},{"from":[14.5,10.5,10.5],"to":[9.5,5.5,5.5],"faces":{"east":{"uv":[13.25,0.0,12.75,0.5],"texture":"#0","tintindex":0},"south":{"uv":[13.25,0.0,12.75,0.5],"texture":"#0","tintindex":0},"north":{"uv":[13.25,0.0,12.75,0.5],"texture":"#0","tintindex":0},"west":{"uv":[13.25,0.0,12.75,0.5],"texture":"#0","tintindex":0},"up":{"uv":[13.25,0.0,12.75,0.5],"texture":"#0","tintindex":0},"down":{"uv":[13.25,0.0,12.75,0.5],"texture":"#0","tintindex":0}}},{"from":[9.75,5.75,5.75],"to":[14.25,10.25,10.25],"faces":{"east":{"uv":[11.5,0.0,12.5,1.0],"texture":"#0","tintindex":0},"south":{"uv":[11.5,0.0,12.5,1.0],"texture":"#0","tintindex":0},"north":{"uv":[11.5,0.0,12.5,1.0],"texture":"#0","tintindex":0},"west":{"uv":[11.5,0.0,12.5,1.0],"texture":"#0","tintindex":0},"up":{"uv":[11.5,1.25,12.5,2.25],"texture":"#0","tintindex":0},"down":{"uv":[11.5,2.5,12.5,3.5],"texture":"#0","tintindex":0}}},{"from":[10.0,6.0,6.0],"to":[14.0,10.0,10.0],"faces":{"east":{"uv":[12.75,10.5,11.75,11.5],"texture":"#0","tintindex":0},"south":{"uv":[12.75,10.5,11.75,11.5],"texture":"#0","tintindex":0},"north":{"uv":[12.75,10.5,11.75,11.5],"texture":"#0","tintindex":0},"west":{"uv":[12.75,10.5,11.75,11.5],"texture":"#0","tintindex":0},"up":{"uv":[13.75,10.5,12.75,11.5],"texture":"#0","tintindex":0},"down":{"uv":[13.75,9.0,12.75,10.0],"texture":"#0","tintindex":0}}},{"from":[10.3,9.3,9.3],"to":[6.7,6.7,6.7],"faces":{"south":{"uv":[13.25,0.0,12.75,0.5],"texture":"#0","tintindex":0},"north":{"uv":[13.25,0.0,12.75,0.5],"texture":"#0","tintindex":0},"up":{"uv":[13.25,0.0,12.75,0.5],"texture":"#0","tintindex":0},"down":{"uv":[13.25,0.0,12.75,0.5],"texture":"#0","tintindex":0}}}],"textures":{"particle":"#0","0":"modelengine:entity/cubee_end"}}