{"display":{"head":{},"firstperson_righthand":{},"thirdperson_lefthand":{},"firstperson_lefthand":{},"fixed":{},"ground":{},"thirdperson_righthand":{},"gui":{"rotation":[-150.0,-45.0,180.0]}},"elements":[{"from":[4.0,9.0,5.0],"to":[12.0,17.0,11.0],"faces":{"east":{"uv":[0.0,6.5,1.5,8.5],"texture":"#0","tintindex":0},"south":{"uv":[5.0,6.5,7.0,8.5],"texture":"#0","tintindex":0},"north":{"uv":[1.5,6.5,3.5,8.5],"texture":"#0","tintindex":0},"west":{"uv":[3.5,6.5,5.0,8.5],"texture":"#0","tintindex":0},"up":{"uv":[3.5,6.5,1.5,5.0],"texture":"#0","tintindex":0},"down":{"uv":[5.5,5.0,3.5,6.5],"texture":"#0","tintindex":0}}},{"from":[2.0,7.0,8.0],"to":[14.0,17.0,8.0],"faces":{"south":{"uv":[10.5,0.0,7.75,2.5],"texture":"#0","tintindex":0},"north":{"uv":[7.5,0.0,10.5,2.5],"texture":"#0","tintindex":0}}}],"textures":{"particle":"#0","0":"modelengine:entity/snowy_creeper"}}