{"display":{"head":{},"firstperson_righthand":{},"thirdperson_lefthand":{},"firstperson_lefthand":{},"fixed":{},"ground":{},"thirdperson_righthand":{},"gui":{"rotation":[-150.0,-45.0,180.0]}},"elements":[{"from":[1.0,9.0,6.0],"to":[15.0,20.0,6.0],"faces":{"south":{"uv":[10.5,5.0,7.0,7.75],"texture":"#0","tintindex":0},"north":{"uv":[7.0,5.0,10.5,7.75],"texture":"#0","tintindex":0}}},{"from":[-1.0,17.0,6.5],"to":[1.0,19.0,8.5],"faces":{"east":{"uv":[0.0,1.5,0.5,2.0],"texture":"#0","tintindex":0},"south":{"uv":[1.5,1.5,2.0,2.0],"texture":"#0","tintindex":0},"north":{"uv":[0.5,1.5,1.0,2.0],"texture":"#0","tintindex":0},"west":{"uv":[1.0,1.5,1.5,2.0],"texture":"#0","tintindex":0},"up":{"uv":[1.0,1.5,0.5,1.0],"texture":"#0","tintindex":0},"down":{"uv":[1.5,1.0,1.0,1.5],"texture":"#0","tintindex":0}}},{"from":[3.0,8.0,3.0],"to":[13.0,18.0,13.0],"faces":{"east":{"uv":[0.0,2.5,2.5,5.0],"texture":"#0","tintindex":0},"south":{"uv":[7.5,2.5,10.0,5.0],"texture":"#0","tintindex":0},"north":{"uv":[2.5,2.5,5.0,5.0],"texture":"#0","tintindex":0},"west":{"uv":[5.0,2.5,7.5,5.0],"texture":"#0","tintindex":0},"up":{"uv":[5.0,2.5,2.5,0.0],"texture":"#0","tintindex":0},"down":{"uv":[7.5,0.0,5.0,2.5],"texture":"#0","tintindex":0}}},{"from":[14.0,18.0,6.5],"to":[15.0,19.0,8.5],"faces":{"east":{"uv":[9.5,8.25,10.0,8.5],"texture":"#0","tintindex":0},"south":{"uv":[10.75,8.25,11.0,8.5],"texture":"#0","tintindex":0},"north":{"uv":[10.0,8.25,10.25,8.5],"texture":"#0","tintindex":0},"west":{"uv":[10.25,8.25,10.75,8.5],"texture":"#0","tintindex":0},"up":{"uv":[10.25,8.25,10.0,7.75],"texture":"#0","tintindex":0},"down":{"uv":[10.5,7.75,10.25,8.25],"texture":"#0","tintindex":0}}},{"from":[-1.0,14.0,6.0],"to":[3.0,17.0,9.0],"faces":{"east":{"uv":[10.5,8.5,11.25,9.25],"texture":"#0","tintindex":0},"south":{"uv":[13.0,8.5,14.0,9.25],"texture":"#0","tintindex":0},"north":{"uv":[11.25,8.5,12.25,9.25],"texture":"#0","tintindex":0},"west":{"uv":[12.25,8.5,13.0,9.25],"texture":"#0","tintindex":0},"up":{"uv":[12.25,8.5,11.25,7.75],"texture":"#0","tintindex":0},"down":{"uv":[13.25,7.75,12.25,8.5],"texture":"#0","tintindex":0}}},{"from":[1.0,9.0,10.0],"to":[15.0,20.0,10.0],"faces":{"south":{"uv":[10.5,5.0,7.0,7.75],"texture":"#0","tintindex":0},"north":{"uv":[7.0,5.0,10.5,7.75],"texture":"#0","tintindex":0}}},{"from":[13.0,14.0,6.0],"to":[17.0,17.0,9.0],"faces":{"east":{"uv":[10.0,3.25,10.75,4.0],"texture":"#0","tintindex":0},"south":{"uv":[12.5,3.25,13.5,4.0],"texture":"#0","tintindex":0},"north":{"uv":[10.75,3.25,11.75,4.0],"texture":"#0","tintindex":0},"west":{"uv":[11.75,3.25,12.5,4.0],"texture":"#0","tintindex":0},"up":{"uv":[11.75,3.25,10.75,2.5],"texture":"#0","tintindex":0},"down":{"uv":[12.75,2.5,11.75,3.25],"texture":"#0","tintindex":0}}},{"from":[1.0,18.0,6.5],"to":[2.0,19.0,8.5],"faces":{"east":{"uv":[4.5,10.25,5.0,10.5],"texture":"#0","tintindex":0},"south":{"uv":[5.75,10.25,6.0,10.5],"texture":"#0","tintindex":0},"north":{"uv":[5.0,10.25,5.25,10.5],"texture":"#0","tintindex":0},"west":{"uv":[5.25,10.25,5.75,10.5],"texture":"#0","tintindex":0},"up":{"uv":[5.25,10.25,5.0,9.75],"texture":"#0","tintindex":0},"down":{"uv":[5.5,9.75,5.25,10.25],"texture":"#0","tintindex":0}}},{"from":[15.0,17.0,6.5],"to":[17.0,19.0,8.5],"faces":{"east":{"uv":[0.0,0.5,0.5,1.0],"texture":"#0","tintindex":0},"south":{"uv":[1.5,0.5,2.0,1.0],"texture":"#0","tintindex":0},"north":{"uv":[0.5,0.5,1.0,1.0],"texture":"#0","tintindex":0},"west":{"uv":[1.0,0.5,1.5,1.0],"texture":"#0","tintindex":0},"up":{"uv":[1.0,0.5,0.5,0.0],"texture":"#0","tintindex":0},"down":{"uv":[1.5,0.0,1.0,0.5],"texture":"#0","tintindex":0}}}],"textures":{"particle":"#0","0":"modelengine:entity/snowy_creeper"}}