{"display":{"head":{},"firstperson_righthand":{},"thirdperson_lefthand":{},"firstperson_lefthand":{},"fixed":{},"ground":{},"thirdperson_righthand":{},"gui":{"rotation":[-150.0,-45.0,180.0]}},"elements":[{"from":[6.0,0.0,6.0],"to":[11.0,8.0,10.0],"faces":{"east":{"uv":[3.5,11.75,4.5,13.75],"texture":"#0","tintindex":0},"south":{"uv":[6.75,11.75,8.0,13.75],"texture":"#0","tintindex":0},"north":{"uv":[4.5,11.75,5.75,13.75],"texture":"#0","tintindex":0},"west":{"uv":[5.75,11.75,6.75,13.75],"texture":"#0","tintindex":0},"up":{"uv":[5.75,11.75,4.5,10.75],"texture":"#0","tintindex":0},"down":{"uv":[7.0,10.75,5.75,11.75],"texture":"#0","tintindex":0}}},{"from":[11.0,2.0,8.0],"to":[13.0,7.0,8.0],"faces":{"south":{"uv":[8.5,10.75,8.0,12.0],"texture":"#0","tintindex":0},"north":{"uv":[8.0,10.75,8.5,12.0],"texture":"#0","tintindex":0}}}],"textures":{"particle":"#0","0":"modelengine:entity/snowy_creeper"}}