{"display":{"head":{},"firstperson_righthand":{},"thirdperson_lefthand":{},"firstperson_lefthand":{},"fixed":{},"ground":{},"thirdperson_righthand":{},"gui":{"rotation":[-150.0,-45.0,180.0]}},"elements":[{"from":[4.0,-2.0,4.0],"to":[13.0,10.0,12.0],"faces":{"east":{"uv":[3.5,11.75,4.5,13.75],"texture":"#2","tintindex":0},"south":{"uv":[6.75,11.75,8.0,13.75],"texture":"#2","tintindex":0},"north":{"uv":[4.5,11.75,5.75,13.75],"texture":"#2","tintindex":0},"west":{"uv":[5.75,11.75,6.75,13.75],"texture":"#2","tintindex":0},"up":{"uv":[5.75,11.75,4.5,10.75],"texture":"#2","tintindex":0},"down":{"uv":[7.0,10.75,5.75,11.75],"texture":"#2","tintindex":0}}},{"from":[13.0,10.0,12.0],"to":[4.0,-2.0,4.0],"faces":{"east":{"uv":[5.75,13.75,6.75,11.75],"texture":"#2","tintindex":0},"south":{"uv":[4.5,13.75,5.75,11.75],"texture":"#2","tintindex":0},"north":{"uv":[6.75,13.75,8.0,11.75],"texture":"#2","tintindex":0},"west":{"uv":[3.5,13.75,4.5,11.75],"texture":"#2","tintindex":0},"up":{"uv":[5.75,10.75,7.0,11.75],"texture":"#2","tintindex":0},"down":{"uv":[4.5,11.75,5.75,10.75],"texture":"#2","tintindex":0}}}],"textures":{"particle":"#2","2":"modelengine:entity/creeper_armor_1"}}