{"display":{"head":{},"firstperson_righthand":{},"thirdperson_lefthand":{},"firstperson_lefthand":{},"fixed":{},"ground":{},"thirdperson_righthand":{},"gui":{"rotation":[-150.0,-45.0,180.0]}},"elements":[{"from":[5.0,0.0,6.0],"to":[10.0,8.0,10.0],"faces":{"east":{"uv":[9.5,10.75,10.5,12.75],"texture":"#0","tintindex":0},"south":{"uv":[12.75,10.75,14.0,12.75],"texture":"#0","tintindex":0},"north":{"uv":[10.5,10.75,11.75,12.75],"texture":"#0","tintindex":0},"west":{"uv":[11.75,10.75,12.75,12.75],"texture":"#0","tintindex":0},"up":{"uv":[11.75,10.75,10.5,9.75],"texture":"#0","tintindex":0},"down":{"uv":[13.0,9.75,11.75,10.75],"texture":"#0","tintindex":0}}},{"from":[3.0,2.0,8.0],"to":[5.0,7.0,8.0],"faces":{"south":{"uv":[0.5,5.0,0.0,6.25],"texture":"#0","tintindex":0},"north":{"uv":[0.0,5.0,0.5,6.25],"texture":"#0","tintindex":0}}}],"textures":{"particle":"#0","0":"modelengine:entity/snowy_creeper"}}