{"display":{"head":{},"firstperson_righthand":{},"thirdperson_lefthand":{},"firstperson_lefthand":{},"fixed":{},"ground":{},"thirdperson_righthand":{},"gui":{"rotation":[-150.0,-45.0,180.0]}},"elements":[{"from":[3.0,-2.0,4.0],"to":[12.0,10.0,12.0],"faces":{"east":{"uv":[9.5,10.75,10.5,12.75],"texture":"#2","tintindex":0},"south":{"uv":[12.75,10.75,14.0,12.75],"texture":"#2","tintindex":0},"north":{"uv":[10.5,10.75,11.75,12.75],"texture":"#2","tintindex":0},"west":{"uv":[11.75,10.75,12.75,12.75],"texture":"#2","tintindex":0},"up":{"uv":[11.75,10.75,10.5,9.75],"texture":"#2","tintindex":0},"down":{"uv":[13.0,9.75,11.75,10.75],"texture":"#2","tintindex":0}}},{"from":[12.0,10.0,12.0],"to":[3.0,-2.0,4.0],"faces":{"east":{"uv":[11.75,12.75,12.75,10.75],"texture":"#2","tintindex":0},"south":{"uv":[10.5,12.75,11.75,10.75],"texture":"#2","tintindex":0},"north":{"uv":[12.75,12.75,14.0,10.75],"texture":"#2","tintindex":0},"west":{"uv":[9.5,12.75,10.5,10.75],"texture":"#2","tintindex":0},"up":{"uv":[11.75,9.75,13.0,10.75],"texture":"#2","tintindex":0},"down":{"uv":[10.5,10.75,11.75,9.75],"texture":"#2","tintindex":0}}}],"textures":{"particle":"#2","2":"modelengine:entity/creeper_armor_1"}}