{"display":{"head":{},"firstperson_righthand":{},"thirdperson_lefthand":{},"firstperson_lefthand":{},"fixed":{},"ground":{},"thirdperson_righthand":{},"gui":{"rotation":[-150.0,-45.0,180.0]}},"elements":[{"from":[6.0,0.0,6.0],"to":[11.0,8.0,10.0],"faces":{"east":{"uv":[0.0,9.5,1.0,11.5],"texture":"#0","tintindex":0},"south":{"uv":[3.25,9.5,4.5,11.5],"texture":"#0","tintindex":0},"north":{"uv":[1.0,9.5,2.25,11.5],"texture":"#0","tintindex":0},"west":{"uv":[2.25,9.5,3.25,11.5],"texture":"#0","tintindex":0},"up":{"uv":[2.25,9.5,1.0,8.5],"texture":"#0","tintindex":0},"down":{"uv":[3.5,8.5,2.25,9.5],"texture":"#0","tintindex":0}}},{"from":[11.0,2.0,8.0],"to":[13.0,7.0,8.0],"faces":{"south":{"uv":[5.0,8.5,4.5,9.75],"texture":"#0","tintindex":0},"north":{"uv":[4.5,8.5,5.0,9.75],"texture":"#0","tintindex":0}}}],"textures":{"particle":"#0","0":"modelengine:entity/snowy_creeper"}}