{"display":{"head":{},"firstperson_righthand":{},"thirdperson_lefthand":{},"firstperson_lefthand":{},"fixed":{},"ground":{},"thirdperson_righthand":{},"gui":{"rotation":[-150.0,-45.0,180.0]}},"elements":[{"from":[12.0,10.0,12.0],"to":[3.0,-2.0,4.0],"faces":{"east":{"uv":[8.25,10.75,9.25,8.75],"texture":"#2","tintindex":0},"south":{"uv":[7.0,10.75,8.25,8.75],"texture":"#2","tintindex":0},"north":{"uv":[9.25,10.75,10.5,8.75],"texture":"#2","tintindex":0},"west":{"uv":[6.0,10.75,7.0,8.75],"texture":"#2","tintindex":0},"up":{"uv":[8.25,7.75,9.5,8.75],"texture":"#2","tintindex":0},"down":{"uv":[7.0,8.75,8.25,7.75],"texture":"#2","tintindex":0}}},{"from":[3.0,-2.0,4.0],"to":[12.0,10.0,12.0],"faces":{"east":{"uv":[6.0,8.75,7.0,10.75],"texture":"#2","tintindex":0},"south":{"uv":[9.25,8.75,10.5,10.75],"texture":"#2","tintindex":0},"north":{"uv":[7.0,8.75,8.25,10.75],"texture":"#2","tintindex":0},"west":{"uv":[8.25,8.75,9.25,10.75],"texture":"#2","tintindex":0},"up":{"uv":[8.25,8.75,7.0,7.75],"texture":"#2","tintindex":0},"down":{"uv":[9.5,7.75,8.25,8.75],"texture":"#2","tintindex":0}}}],"textures":{"particle":"#2","2":"modelengine:entity/creeper_armor_1"}}