{"display":{"head":{},"firstperson_righthand":{},"thirdperson_lefthand":{},"firstperson_lefthand":{},"fixed":{},"ground":{},"thirdperson_righthand":{},"gui":{"rotation":[-150.0,-45.0,180.0]}},"elements":[{"from":[14.0,16.0,14.0],"to":[2.0,6.0,2.0],"faces":{"east":{"uv":[10.0,9.5,12.0,8.0],"texture":"#2","tintindex":0},"south":{"uv":[8.0,9.5,10.0,8.0],"texture":"#2","tintindex":0},"north":{"uv":[12.0,9.5,14.0,8.0],"texture":"#2","tintindex":0},"west":{"uv":[6.0,9.5,8.0,8.0],"texture":"#2","tintindex":0},"up":{"uv":[10.0,6.0,12.0,8.0],"texture":"#2","tintindex":0},"down":{"uv":[8.0,8.0,10.0,6.0],"texture":"#2","tintindex":0}}},{"from":[2.0,6.0,2.0],"to":[14.0,16.0,14.0],"faces":{"east":{"uv":[6.0,8.0,8.0,9.5],"texture":"#2","tintindex":0},"south":{"uv":[12.0,8.0,14.0,9.5],"texture":"#2","tintindex":0},"north":{"uv":[8.0,8.0,10.0,9.5],"texture":"#2","tintindex":0},"west":{"uv":[10.0,8.0,12.0,9.5],"texture":"#2","tintindex":0},"up":{"uv":[10.0,8.0,8.0,6.0],"texture":"#2","tintindex":0},"down":{"uv":[12.0,6.0,10.0,8.0],"texture":"#2","tintindex":0}}}],"textures":{"particle":"#2","2":"modelengine:entity/creeper_armor_3"}}