{"display":{"head":{},"firstperson_righthand":{},"thirdperson_lefthand":{},"firstperson_lefthand":{},"fixed":{},"ground":{},"thirdperson_righthand":{},"gui":{"rotation":[-150.0,-45.0,180.0]}},"elements":[{"from":[3.0,10.0,4.0],"to":[13.0,12.0,10.0],"rotation":{"origin":[8.0,10.0,4.0],"axis":"x","angle":-22.5},"faces":{"east":{"uv":[6.0,1.5,7.5,2.0],"texture":"#0","tintindex":0},"south":{"uv":[11.5,1.5,14.0,2.0],"texture":"#0","tintindex":0},"north":{"uv":[7.5,1.5,10.0,2.0],"texture":"#0","tintindex":0},"west":{"uv":[10.0,1.5,11.5,2.0],"texture":"#0","tintindex":0},"up":{"uv":[10.0,1.5,7.5,0.0],"texture":"#0","tintindex":0},"down":{"uv":[12.5,0.0,10.0,1.5],"texture":"#0","tintindex":0}}},{"from":[4.0,8.0,4.0],"to":[12.0,14.0,12.0],"faces":{"east":{"uv":[6.0,8.0,8.0,9.5],"texture":"#0","tintindex":0},"south":{"uv":[12.0,8.0,14.0,9.5],"texture":"#0","tintindex":0},"north":{"uv":[8.0,8.0,10.0,9.5],"texture":"#0","tintindex":0},"west":{"uv":[10.0,8.0,12.0,9.5],"texture":"#0","tintindex":0},"up":{"uv":[10.0,8.0,8.0,6.0],"texture":"#0","tintindex":0},"down":{"uv":[12.0,6.0,10.0,8.0],"texture":"#0","tintindex":0}}}],"textures":{"particle":"#0","0":"modelengine:entity/savannah_creeper"}}