{"display":{"head":{},"firstperson_righthand":{},"thirdperson_lefthand":{},"firstperson_lefthand":{},"fixed":{},"ground":{},"thirdperson_righthand":{},"gui":{"rotation":[-150.0,-45.0,180.0]}},"elements":[{"from":[2.0,6.0,2.0],"to":[14.0,18.0,14.0],"faces":{"east":{"uv":[6.0,4.0,8.0,6.0],"texture":"#2","tintindex":0},"south":{"uv":[12.0,4.0,14.0,6.0],"texture":"#2","tintindex":0},"north":{"uv":[8.0,4.0,10.0,6.0],"texture":"#2","tintindex":0},"west":{"uv":[10.0,4.0,12.0,6.0],"texture":"#2","tintindex":0},"up":{"uv":[10.0,4.0,8.0,2.0],"texture":"#2","tintindex":0},"down":{"uv":[12.0,2.0,10.0,4.0],"texture":"#2","tintindex":0}}},{"from":[14.0,18.0,14.0],"to":[2.0,6.0,2.0],"faces":{"east":{"uv":[10.0,6.0,12.0,4.0],"texture":"#2","tintindex":0},"south":{"uv":[8.0,6.0,10.0,4.0],"texture":"#2","tintindex":0},"north":{"uv":[12.0,6.0,14.0,4.0],"texture":"#2","tintindex":0},"west":{"uv":[6.0,6.0,8.0,4.0],"texture":"#2","tintindex":0},"up":{"uv":[10.0,2.0,12.0,4.0],"texture":"#2","tintindex":0},"down":{"uv":[8.0,4.0,10.0,2.0],"texture":"#2","tintindex":0}}}],"textures":{"particle":"#2","2":"modelengine:entity/creeper_armor_3"}}