{"display":{"head":{},"firstperson_righthand":{},"thirdperson_lefthand":{},"firstperson_lefthand":{},"fixed":{},"ground":{},"thirdperson_righthand":{},"gui":{"rotation":[-150.0,-45.0,180.0]}},"elements":[{"from":[6.0,3.0,7.0],"to":[11.0,8.0,11.0],"faces":{"east":{"uv":[3.5,10.5,4.5,11.75],"texture":"#0","tintindex":0},"south":{"uv":[6.75,10.5,8.0,11.75],"texture":"#0","tintindex":0},"north":{"uv":[4.5,10.5,5.75,11.75],"texture":"#0","tintindex":0},"west":{"uv":[5.75,10.5,6.75,11.75],"texture":"#0","tintindex":0},"up":{"uv":[5.75,10.5,4.5,9.5],"texture":"#0","tintindex":0},"down":{"uv":[7.0,9.5,5.75,10.5],"texture":"#0","tintindex":0}}}],"textures":{"particle":"#0","0":"modelengine:entity/savannah_creeper"}}