{"display":{"head":{},"firstperson_righthand":{},"thirdperson_lefthand":{},"firstperson_lefthand":{},"fixed":{},"ground":{},"thirdperson_righthand":{},"gui":{"rotation":[-150.0,-45.0,180.0]}},"elements":[{"from":[5.0,3.0,7.0],"to":[10.0,8.0,11.0],"faces":{"east":{"uv":[0.0,9.0,1.0,10.25],"texture":"#0","tintindex":0},"south":{"uv":[3.25,9.0,4.5,10.25],"texture":"#0","tintindex":0},"north":{"uv":[1.0,9.0,2.25,10.25],"texture":"#0","tintindex":0},"west":{"uv":[2.25,9.0,3.25,10.25],"texture":"#0","tintindex":0},"up":{"uv":[2.25,9.0,1.0,8.0],"texture":"#0","tintindex":0},"down":{"uv":[3.5,8.0,2.25,9.0],"texture":"#0","tintindex":0}}}],"textures":{"particle":"#0","0":"modelengine:entity/savannah_creeper"}}