{"display":{"head":{},"firstperson_righthand":{},"thirdperson_lefthand":{},"firstperson_lefthand":{},"fixed":{},"ground":{},"thirdperson_righthand":{},"gui":{"rotation":[-150.0,-45.0,180.0]}},"elements":[{"from":[2.0,28.0,13.0],"to":[14.0,32.0,13.0],"faces":{"south":{"uv":[8.0,8.5,11.0,9.5],"texture":"#0","tintindex":0},"north":{"uv":[11.0,8.5,8.0,9.5],"texture":"#0","tintindex":0}}},{"from":[13.0,28.0,2.0],"to":[13.0,32.0,14.0],"faces":{"east":{"uv":[0.0,10.75,3.0,11.75],"texture":"#0","tintindex":0},"west":{"uv":[3.0,10.75,0.0,11.75],"texture":"#0","tintindex":0}}},{"from":[0.0,15.0,8.0],"to":[16.0,28.0,8.0],"faces":{"south":{"uv":[4.0,7.5,0.0,10.75],"texture":"#0","tintindex":0},"north":{"uv":[0.0,7.5,4.0,10.75],"texture":"#0","tintindex":0}}},{"from":[3.0,28.0,2.0],"to":[3.0,32.0,14.0],"faces":{"east":{"uv":[0.0,10.75,3.0,11.75],"texture":"#0","tintindex":0},"west":{"uv":[3.0,10.75,0.0,11.75],"texture":"#0","tintindex":0}}},{"from":[13.0,28.0,13.0],"to":[3.0,8.0,3.0],"faces":{"east":{"uv":[5.0,7.5,7.5,2.5],"texture":"#0","tintindex":0},"south":{"uv":[2.5,7.5,5.0,2.5],"texture":"#0","tintindex":0},"north":{"uv":[7.5,7.5,10.0,2.5],"texture":"#0","tintindex":0},"west":{"uv":[0.0,7.5,2.5,2.5],"texture":"#0","tintindex":0},"up":{"uv":[5.0,0.0,7.5,2.5],"texture":"#0","tintindex":0},"down":{"uv":[2.5,2.5,5.0,0.0],"texture":"#0","tintindex":0}}},{"from":[3.0,8.0,3.0],"to":[13.0,28.0,13.0],"faces":{"east":{"uv":[0.0,2.5,2.5,7.5],"texture":"#0","tintindex":0},"south":{"uv":[7.5,2.5,10.0,7.5],"texture":"#0","tintindex":0},"north":{"uv":[2.5,2.5,5.0,7.5],"texture":"#0","tintindex":0},"west":{"uv":[5.0,2.5,7.5,7.5],"texture":"#0","tintindex":0},"up":{"uv":[5.0,2.5,2.5,0.0],"texture":"#0","tintindex":0},"down":{"uv":[7.5,0.0,5.0,2.5],"texture":"#0","tintindex":0}}},{"from":[2.0,28.0,3.0],"to":[14.0,32.0,3.0],"faces":{"south":{"uv":[11.0,8.5,8.0,9.5],"texture":"#0","tintindex":0},"north":{"uv":[8.0,8.5,11.0,9.5],"texture":"#0","tintindex":0}}},{"from":[3.0,25.0,3.0],"to":[13.0,25.0,13.0],"faces":{"up":{"uv":[10.0,2.5,7.5,0.0],"texture":"#0","tintindex":0},"down":{"uv":[12.5,0.0,10.0,2.5],"texture":"#0","tintindex":0}}}],"textures":{"particle":"#0","0":"modelengine:entity/dark_oak_creeper"}}