{"display":{"head":{},"firstperson_righthand":{},"thirdperson_lefthand":{},"firstperson_lefthand":{},"fixed":{},"ground":{},"thirdperson_righthand":{},"gui":{"rotation":[-150.0,-45.0,180.0]}},"elements":[{"from":[1.0,6.0,1.0],"to":[15.0,30.0,15.0],"faces":{"east":{"uv":[0.0,2.5,2.5,7.5],"texture":"#2","tintindex":0},"south":{"uv":[7.5,2.5,10.0,7.5],"texture":"#2","tintindex":0},"north":{"uv":[2.5,2.5,5.0,7.5],"texture":"#2","tintindex":0},"west":{"uv":[5.0,2.5,7.5,7.5],"texture":"#2","tintindex":0},"up":{"uv":[5.0,2.5,2.5,0.0],"texture":"#2","tintindex":0},"down":{"uv":[7.5,0.0,5.0,2.5],"texture":"#2","tintindex":0}}},{"from":[15.0,30.0,15.0],"to":[1.0,6.0,1.0],"faces":{"east":{"uv":[5.0,7.5,7.5,2.5],"texture":"#2","tintindex":0},"south":{"uv":[2.5,7.5,5.0,2.5],"texture":"#2","tintindex":0},"north":{"uv":[7.5,7.5,10.0,2.5],"texture":"#2","tintindex":0},"west":{"uv":[0.0,7.5,2.5,2.5],"texture":"#2","tintindex":0},"up":{"uv":[5.0,0.0,7.5,2.5],"texture":"#2","tintindex":0},"down":{"uv":[2.5,2.5,5.0,0.0],"texture":"#2","tintindex":0}}}],"textures":{"particle":"#2","2":"modelengine:entity/creeper_armor_3"}}