{"display":{"head":{},"firstperson_righthand":{},"thirdperson_lefthand":{},"firstperson_lefthand":{},"fixed":{},"ground":{},"thirdperson_righthand":{},"gui":{"rotation":[-150.0,-45.0,180.0]}},"elements":[{"from":[6.0,2.0,6.0],"to":[11.0,8.0,10.0],"faces":{"east":{"uv":[8.0,10.5,9.0,12.0],"texture":"#0","tintindex":0},"south":{"uv":[11.25,10.5,12.5,12.0],"texture":"#0","tintindex":0},"north":{"uv":[9.0,10.5,10.25,12.0],"texture":"#0","tintindex":0},"west":{"uv":[10.25,10.5,11.25,12.0],"texture":"#0","tintindex":0},"up":{"uv":[10.25,10.5,9.0,9.5],"texture":"#0","tintindex":0},"down":{"uv":[11.5,9.5,10.25,10.5],"texture":"#0","tintindex":0}}}],"textures":{"particle":"#0","0":"modelengine:entity/dark_oak_creeper"}}