{"display":{"head":{},"firstperson_righthand":{},"thirdperson_lefthand":{},"firstperson_lefthand":{},"fixed":{},"ground":{},"thirdperson_righthand":{},"gui":{"rotation":[-150.0,-45.0,180.0]}},"elements":[{"from":[3.0,0.0,4.0],"to":[12.0,10.0,12.0],"faces":{"east":{"uv":[10.0,3.5,11.0,5.0],"texture":"#2","tintindex":0},"south":{"uv":[13.25,3.5,14.5,5.0],"texture":"#2","tintindex":0},"north":{"uv":[11.0,3.5,12.25,5.0],"texture":"#2","tintindex":0},"west":{"uv":[12.25,3.5,13.25,5.0],"texture":"#2","tintindex":0},"up":{"uv":[12.25,3.5,11.0,2.5],"texture":"#2","tintindex":0},"down":{"uv":[13.5,2.5,12.25,3.5],"texture":"#2","tintindex":0}}},{"from":[12.0,10.0,12.0],"to":[3.0,0.0,4.0],"faces":{"east":{"uv":[12.25,5.0,13.25,3.5],"texture":"#2","tintindex":0},"south":{"uv":[11.0,5.0,12.25,3.5],"texture":"#2","tintindex":0},"north":{"uv":[13.25,5.0,14.5,3.5],"texture":"#2","tintindex":0},"west":{"uv":[10.0,5.0,11.0,3.5],"texture":"#2","tintindex":0},"up":{"uv":[12.25,2.5,13.5,3.5],"texture":"#2","tintindex":0},"down":{"uv":[11.0,3.5,12.25,2.5],"texture":"#2","tintindex":0}}}],"textures":{"particle":"#2","2":"modelengine:entity/creeper_armor_3"}}