{"display":{"head":{},"firstperson_righthand":{},"thirdperson_lefthand":{},"firstperson_lefthand":{},"fixed":{},"ground":{},"thirdperson_righthand":{},"gui":{"rotation":[-150.0,-45.0,180.0]}},"elements":[{"from":[6.0,2.0,6.0],"to":[11.0,8.0,10.0],"faces":{"east":{"uv":[10.0,6.0,11.0,7.5],"texture":"#0","tintindex":0},"south":{"uv":[13.25,6.0,14.5,7.5],"texture":"#0","tintindex":0},"north":{"uv":[11.0,6.0,12.25,7.5],"texture":"#0","tintindex":0},"west":{"uv":[12.25,6.0,13.25,7.5],"texture":"#0","tintindex":0},"up":{"uv":[12.25,6.0,11.0,5.0],"texture":"#0","tintindex":0},"down":{"uv":[13.5,5.0,12.25,6.0],"texture":"#0","tintindex":0}}}],"textures":{"particle":"#0","0":"modelengine:entity/dark_oak_creeper"}}