{"display":{"head":{},"firstperson_righthand":{},"thirdperson_lefthand":{},"firstperson_lefthand":{},"fixed":{},"ground":{},"thirdperson_righthand":{},"gui":{"rotation":[-150.0,-45.0,180.0]}},"elements":[{"from":[3.0,0.0,4.0],"to":[12.0,10.0,12.0],"faces":{"east":{"uv":[11.5,12.0,12.5,13.5],"texture":"#2","tintindex":0},"south":{"uv":[14.75,12.0,16.0,13.5],"texture":"#2","tintindex":0},"north":{"uv":[12.5,12.0,13.75,13.5],"texture":"#2","tintindex":0},"west":{"uv":[13.75,12.0,14.75,13.5],"texture":"#2","tintindex":0},"up":{"uv":[13.75,12.0,12.5,11.0],"texture":"#2","tintindex":0},"down":{"uv":[15.0,11.0,13.75,12.0],"texture":"#2","tintindex":0}}},{"from":[12.0,10.0,12.0],"to":[3.0,0.0,4.0],"faces":{"east":{"uv":[13.75,13.5,14.75,12.0],"texture":"#2","tintindex":0},"south":{"uv":[12.5,13.5,13.75,12.0],"texture":"#2","tintindex":0},"north":{"uv":[14.75,13.5,16.0,12.0],"texture":"#2","tintindex":0},"west":{"uv":[11.5,13.5,12.5,12.0],"texture":"#2","tintindex":0},"up":{"uv":[13.75,11.0,15.0,12.0],"texture":"#2","tintindex":0},"down":{"uv":[12.5,12.0,13.75,11.0],"texture":"#2","tintindex":0}}}],"textures":{"particle":"#2","2":"modelengine:entity/creeper_armor_3"}}