{"display":{"head":{},"firstperson_righthand":{},"thirdperson_lefthand":{},"firstperson_lefthand":{},"fixed":{},"ground":{},"thirdperson_righthand":{},"gui":{"rotation":[-150.0,-45.0,180.0]}},"elements":[{"from":[5.0,2.0,6.0],"to":[10.0,8.0,10.0],"faces":{"east":{"uv":[11.5,12.0,12.5,13.5],"texture":"#0","tintindex":0},"south":{"uv":[14.75,12.0,16.0,13.5],"texture":"#0","tintindex":0},"north":{"uv":[12.5,12.0,13.75,13.5],"texture":"#0","tintindex":0},"west":{"uv":[13.75,12.0,14.75,13.5],"texture":"#0","tintindex":0},"up":{"uv":[13.75,12.0,12.5,11.0],"texture":"#0","tintindex":0},"down":{"uv":[15.0,11.0,13.75,12.0],"texture":"#0","tintindex":0}}}],"textures":{"particle":"#0","0":"modelengine:entity/dark_oak_creeper"}}