{"display":{"head":{},"firstperson_righthand":{},"thirdperson_lefthand":{},"firstperson_lefthand":{},"fixed":{},"ground":{},"thirdperson_righthand":{},"gui":{"rotation":[-150.0,-45.0,180.0]}},"elements":[{"from":[5.4975,6.922,7.9615],"to":[7.6535,9.077999,8.0385],"faces":{"east":{"uv":[5.5,14.0,5.75,15.0],"texture":"#0","tintindex":0},"south":{"uv":[0.0,13.0,1.0,14.0],"texture":"#0","tintindex":0},"north":{"uv":[12.0,12.0,13.0,13.0],"texture":"#0","tintindex":0},"west":{"uv":[6.0,14.0,6.25,15.0],"texture":"#0","tintindex":0},"up":{"uv":[15.0,5.75,14.0,5.5],"texture":"#0","tintindex":0},"down":{"uv":[7.5,14.0,6.5,14.25],"texture":"#0","tintindex":0}}},{"from":[8.3465,6.922,7.9615],"to":[10.502501,9.077999,8.0385],"faces":{"east":{"uv":[7.5,14.0,7.75,15.0],"texture":"#0","tintindex":0},"south":{"uv":[2.0,13.0,3.0,14.0],"texture":"#0","tintindex":0},"north":{"uv":[1.0,13.0,2.0,14.0],"texture":"#0","tintindex":0},"west":{"uv":[8.0,14.0,8.25,15.0],"texture":"#0","tintindex":0},"up":{"uv":[15.0,9.25,14.0,9.0],"texture":"#0","tintindex":0},"down":{"uv":[15.0,9.5,14.0,9.75],"texture":"#0","tintindex":0}}}],"textures":{"particle":"#0","0":"modelengine:entity/fire_cubee"}}