{"display":{"head":{},"firstperson_righthand":{},"thirdperson_lefthand":{},"firstperson_lefthand":{},"fixed":{},"ground":{},"thirdperson_righthand":{},"gui":{"rotation":[-150.0,-45.0,180.0]}},"elements":[{"from":[5.4975,6.922,8.0],"to":[7.6535,9.077999,8.0],"faces":{"south":{"uv":[12.0,9.0,13.0,10.0],"texture":"#0","tintindex":0},"north":{"uv":[8.0,6.0,9.0,7.0],"texture":"#0","tintindex":0}}},{"from":[8.3465,6.922,8.0],"to":[10.502501,9.077999,8.0],"faces":{"south":{"uv":[12.0,11.0,13.0,12.0],"texture":"#0","tintindex":0},"north":{"uv":[12.0,10.0,13.0,11.0],"texture":"#0","tintindex":0}}}],"textures":{"particle":"#0","0":"modelengine:entity/fire_cubee"}}