{"display":{"head":{},"firstperson_righthand":{},"thirdperson_lefthand":{},"firstperson_lefthand":{},"fixed":{},"ground":{},"thirdperson_righthand":{},"gui":{"rotation":[-150.0,-45.0,180.0]}},"elements":[{"from":[5.1895,10.810501,5.1895],"to":[10.8105,13.810501,5.1895],"faces":{"south":{"uv":[12.016,7.516,14.75,8.984],"texture":"#0","tintindex":0},"north":{"uv":[12.016,6.016,14.75,7.484],"texture":"#0","tintindex":0}}},{"from":[10.9855,10.9855,11.0105],"to":[5.0144997,5.0145006,4.9895],"faces":{"east":{"uv":[3.0,7.0,6.0,10.0],"texture":"#0","tintindex":0},"south":{"uv":[6.0,7.0,9.0,10.0],"texture":"#0","tintindex":0},"north":{"uv":[0.0,7.0,3.0,10.0],"texture":"#0","tintindex":0},"west":{"uv":[8.0,0.0,11.0,3.0],"texture":"#0","tintindex":0},"up":{"uv":[11.0,6.0,8.0,3.0],"texture":"#0","tintindex":0},"down":{"uv":[12.0,6.0,9.0,9.0],"texture":"#0","tintindex":0}}},{"from":[10.8105,10.810501,5.1895],"to":[10.8095,13.810501,10.8105],"faces":{"east":{"uv":[11.75425,12.0,9.0,13.5],"texture":"#0","tintindex":0},"south":{"uv":[12.0,7.5,14.75,9.0],"texture":"#0","tintindex":0},"north":{"uv":[12.0,6.0,14.75,7.5],"texture":"#0","tintindex":0},"west":{"uv":[9.0,12.0,11.75,13.5],"texture":"#0","tintindex":0}}},{"from":[5.1895,5.189501,5.1895],"to":[10.8105,10.810501,10.8105],"faces":{"east":{"uv":[0.0,10.0,2.75,12.75],"texture":"#0","tintindex":0},"south":{"uv":[3.0,10.0,5.75,12.75],"texture":"#0","tintindex":0},"north":{"uv":[9.0,9.0,11.75,11.75],"texture":"#0","tintindex":0},"west":{"uv":[6.0,10.0,8.75,12.75],"texture":"#0","tintindex":0},"up":{"uv":[13.75,2.75,11.0,0.0],"texture":"#0","tintindex":0},"down":{"uv":[13.75,3.0,11.0,5.75],"texture":"#0","tintindex":0}}},{"from":[5.1905003,10.810501,5.1895],"to":[5.1895,13.810501,10.8105],"faces":{"east":{"uv":[11.75,12.0,9.0,13.5],"texture":"#0","tintindex":0},"south":{"uv":[14.75,7.5,12.0,9.0],"texture":"#0","tintindex":0},"north":{"uv":[14.75,6.0,12.0,7.5],"texture":"#0","tintindex":0},"west":{"uv":[9.0,12.0,11.75425,13.5],"texture":"#0","tintindex":0}}}],"textures":{"particle":"#0","0":"modelengine:entity/fire_cubee"}}