{"display":{"head":{},"firstperson_righthand":{},"thirdperson_lefthand":{},"firstperson_lefthand":{},"fixed":{},"ground":{},"thirdperson_righthand":{},"gui":{"rotation":[-150.0,-45.0,180.0]}},"elements":[{"from":[6.571062,7.2973747,7.297375],"to":[8.678938,8.702624,8.702625],"faces":{"east":{"uv":[14.0,2.0,14.75,2.75],"texture":"#0","tintindex":0},"south":{"uv":[12.0,13.0,13.0,13.75],"texture":"#0","tintindex":0},"north":{"uv":[13.0,11.0,14.0,11.75],"texture":"#0","tintindex":0},"west":{"uv":[3.0,14.0,3.75,14.75],"texture":"#0","tintindex":0},"up":{"uv":[14.0,12.75,13.0,12.0],"texture":"#0","tintindex":0},"down":{"uv":[14.0,13.0,13.0,13.75],"texture":"#0","tintindex":0}}}],"textures":{"particle":"#0","0":"modelengine:entity/fire_cubee"}}