{"display":{"head":{},"firstperson_righthand":{},"thirdperson_lefthand":{},"firstperson_lefthand":{},"fixed":{},"ground":{},"thirdperson_righthand":{},"gui":{"rotation":[-150.0,-45.0,180.0]}},"elements":[{"from":[7.2973747,5.896062,7.297375],"to":[8.702625,8.003938,8.702625],"faces":{"east":{"uv":[8.0,13.0,8.75,14.0],"texture":"#0","tintindex":0},"south":{"uv":[13.0,9.0,13.75,10.0],"texture":"#0","tintindex":0},"north":{"uv":[7.0,13.0,7.75,14.0],"texture":"#0","tintindex":0},"west":{"uv":[13.0,10.0,13.75,11.0],"texture":"#0","tintindex":0},"up":{"uv":[14.75,1.75,14.0,1.0],"texture":"#0","tintindex":0},"down":{"uv":[2.75,14.0,2.0,14.75],"texture":"#0","tintindex":0}}}],"textures":{"particle":"#0","0":"modelengine:entity/fire_cubee"}}