{"display":{"head":{},"firstperson_righthand":{},"thirdperson_lefthand":{},"firstperson_lefthand":{},"fixed":{},"ground":{},"thirdperson_righthand":{},"gui":{"rotation":[-150.0,-45.0,180.0]}},"elements":[{"from":[4.0,8.0,4.0],"to":[12.0,16.0,12.0],"faces":{"east":{"uv":[0.0,2.0,2.0,4.0],"texture":"#0","tintindex":0},"south":{"uv":[6.0,2.0,8.0,4.0],"texture":"#0","tintindex":0},"north":{"uv":[2.0,2.0,4.0,4.0],"texture":"#0","tintindex":0},"west":{"uv":[4.0,2.0,6.0,4.0],"texture":"#0","tintindex":0},"up":{"uv":[4.0,2.0,2.0,0.0],"texture":"#0","tintindex":0},"down":{"uv":[6.0,0.0,4.0,2.0],"texture":"#0","tintindex":0}}},{"from":[2.0,14.0,2.0],"to":[14.0,17.0,14.0],"faces":{"east":{"uv":[0.0,11.0,3.0,11.75],"texture":"#0","tintindex":0},"south":{"uv":[9.0,11.0,12.0,11.75],"texture":"#0","tintindex":0},"north":{"uv":[3.0,11.0,6.0,11.75],"texture":"#0","tintindex":0},"west":{"uv":[6.0,11.0,9.0,11.75],"texture":"#0","tintindex":0},"up":{"uv":[6.0,11.0,3.0,8.0],"texture":"#0","tintindex":0},"down":{"uv":[9.0,8.0,6.0,11.0],"texture":"#0","tintindex":0}}},{"from":[0.0,17.0,6.0],"to":[2.0,18.0,10.0],"faces":{"east":{"uv":[9.0,10.75,10.0,11.0],"texture":"#0","tintindex":0},"south":{"uv":[11.5,10.75,12.0,11.0],"texture":"#0","tintindex":0},"north":{"uv":[10.0,10.75,10.5,11.0],"texture":"#0","tintindex":0},"west":{"uv":[10.5,10.75,11.5,11.0],"texture":"#0","tintindex":0},"up":{"uv":[10.5,10.75,10.0,9.75],"texture":"#0","tintindex":0},"down":{"uv":[11.0,9.75,10.5,10.75],"texture":"#0","tintindex":0}}},{"from":[4.0,17.0,4.0],"to":[12.0,22.0,12.0],"faces":{"east":{"uv":[0.0,13.75,2.0,15.0],"texture":"#0","tintindex":0},"south":{"uv":[6.0,13.75,8.0,15.0],"texture":"#0","tintindex":0},"north":{"uv":[2.0,13.75,4.0,15.0],"texture":"#0","tintindex":0},"west":{"uv":[4.0,13.75,6.0,15.0],"texture":"#0","tintindex":0},"up":{"uv":[4.0,13.75,2.0,11.75],"texture":"#0","tintindex":0},"down":{"uv":[6.0,11.75,4.0,13.75],"texture":"#0","tintindex":0}}},{"from":[0.0,18.0,6.0],"to":[4.0,22.0,10.0],"faces":{"east":{"uv":[9.0,13.5,10.0,14.5],"texture":"#0","tintindex":0},"south":{"uv":[12.0,13.5,13.0,14.5],"texture":"#0","tintindex":0},"north":{"uv":[10.0,13.5,11.0,14.5],"texture":"#0","tintindex":0},"west":{"uv":[11.0,13.5,12.0,14.5],"texture":"#0","tintindex":0},"up":{"uv":[11.0,13.5,10.0,12.5],"texture":"#0","tintindex":0},"down":{"uv":[12.0,12.5,11.0,13.5],"texture":"#0","tintindex":0}}},{"from":[-1.0,13.0,6.0],"to":[3.0,17.0,10.0],"faces":{"east":{"uv":[12.0,15.0,13.0,16.0],"texture":"#0","tintindex":0},"south":{"uv":[15.0,15.0,16.0,16.0],"texture":"#0","tintindex":0},"north":{"uv":[13.0,15.0,14.0,16.0],"texture":"#0","tintindex":0},"west":{"uv":[14.0,15.0,15.0,16.0],"texture":"#0","tintindex":0},"up":{"uv":[14.0,15.0,13.0,14.0],"texture":"#0","tintindex":0},"down":{"uv":[15.0,14.0,14.0,15.0],"texture":"#0","tintindex":0}}}],"textures":{"particle":"#0","0":"modelengine:entity/plains_creeper_christmas"}}