{"display":{"head":{},"firstperson_righthand":{},"thirdperson_lefthand":{},"firstperson_lefthand":{},"fixed":{},"ground":{},"thirdperson_righthand":{},"gui":{"rotation":[-150.0,-45.0,180.0]}},"elements":[{"from":[4.0,0.0,4.0],"to":[12.0,10.0,12.0],"faces":{"east":{"uv":[10.0,6.5,11.0,8.0],"texture":"#2","tintindex":0},"south":{"uv":[13.0,6.5,14.0,8.0],"texture":"#2","tintindex":0},"north":{"uv":[11.0,6.5,12.0,8.0],"texture":"#2","tintindex":0},"west":{"uv":[12.0,6.5,13.0,8.0],"texture":"#2","tintindex":0},"up":{"uv":[12.0,6.5,11.0,5.5],"texture":"#2","tintindex":0},"down":{"uv":[13.0,5.5,12.0,6.5],"texture":"#2","tintindex":0}}},{"from":[12.0,10.0,12.0],"to":[4.0,0.0,4.0],"faces":{"east":{"uv":[12.0,8.0,13.0,6.5],"texture":"#2","tintindex":0},"south":{"uv":[11.0,8.0,12.0,6.5],"texture":"#2","tintindex":0},"north":{"uv":[13.0,8.0,14.0,6.5],"texture":"#2","tintindex":0},"west":{"uv":[10.0,8.0,11.0,6.5],"texture":"#2","tintindex":0},"up":{"uv":[12.0,5.5,13.0,6.5],"texture":"#2","tintindex":0},"down":{"uv":[11.0,6.5,12.0,5.5],"texture":"#2","tintindex":0}}}],"textures":{"particle":"#2","2":"modelengine:entity/creeper_armor_1"}}