{"display":{"head":{},"firstperson_righthand":{},"thirdperson_lefthand":{},"firstperson_lefthand":{},"fixed":{},"ground":{},"thirdperson_righthand":{},"gui":{"rotation":[-150.0,-45.0,180.0]}},"elements":[{"from":[13.0,18.0,12.0],"to":[3.0,5.0,4.0],"faces":{"east":{"uv":[2.5,7.25,3.5,5.0],"texture":"#2","tintindex":0},"south":{"uv":[1.0,7.25,2.5,5.0],"texture":"#2","tintindex":0},"north":{"uv":[3.5,7.25,5.0,5.0],"texture":"#2","tintindex":0},"west":{"uv":[0.0,7.25,1.0,5.0],"texture":"#2","tintindex":0},"up":{"uv":[2.5,4.0,4.0,5.0],"texture":"#2","tintindex":0},"down":{"uv":[1.0,5.0,2.5,4.0],"texture":"#2","tintindex":0}}},{"from":[3.0,5.0,4.0],"to":[13.0,18.0,12.0],"faces":{"east":{"uv":[0.0,5.0,1.0,7.25],"texture":"#2","tintindex":0},"south":{"uv":[3.5,5.0,5.0,7.25],"texture":"#2","tintindex":0},"north":{"uv":[1.0,5.0,2.5,7.25],"texture":"#2","tintindex":0},"west":{"uv":[2.5,5.0,3.5,7.25],"texture":"#2","tintindex":0},"up":{"uv":[2.5,5.0,1.0,4.0],"texture":"#2","tintindex":0},"down":{"uv":[4.0,4.0,2.5,5.0],"texture":"#2","tintindex":0}}}],"textures":{"particle":"#2","2":"modelengine:entity/creeper_armor_2"}}