{"display":{"head":{},"firstperson_righthand":{},"thirdperson_lefthand":{},"firstperson_lefthand":{},"fixed":{},"ground":{},"thirdperson_righthand":{},"gui":{"rotation":[-150.0,-45.0,180.0]}},"elements":[{"from":[5.0,7.0,6.0],"to":[11.0,16.0,10.0],"faces":{"east":{"uv":[0.0,5.0,1.0,7.25],"texture":"#0","tintindex":0},"south":{"uv":[3.5,5.0,5.0,7.25],"texture":"#0","tintindex":0},"north":{"uv":[1.0,5.0,2.5,7.25],"texture":"#0","tintindex":0},"west":{"uv":[2.5,5.0,3.5,7.25],"texture":"#0","tintindex":0},"up":{"uv":[2.5,5.0,1.0,4.0],"texture":"#0","tintindex":0},"down":{"uv":[4.0,4.0,2.5,5.0],"texture":"#0","tintindex":0}}}],"textures":{"particle":"#0","0":"modelengine:entity/beach_creeper"}}