{"display":{"head":{},"firstperson_righthand":{},"thirdperson_lefthand":{},"firstperson_lefthand":{},"fixed":{},"ground":{},"thirdperson_righthand":{},"gui":{"rotation":[-150.0,-45.0,180.0]}},"elements":[{"from":[4.0,8.0,4.0],"to":[12.0,16.0,12.0],"faces":{"east":{"uv":[0.0,2.0,2.0,4.0],"texture":"#0","tintindex":0},"south":{"uv":[6.0,2.0,8.0,4.0],"texture":"#0","tintindex":0},"north":{"uv":[2.0,2.0,4.0,4.0],"texture":"#0","tintindex":0},"west":{"uv":[4.0,2.0,6.0,4.0],"texture":"#0","tintindex":0},"up":{"uv":[4.0,2.0,2.0,0.0],"texture":"#0","tintindex":0},"down":{"uv":[6.0,0.0,4.0,2.0],"texture":"#0","tintindex":0}}},{"from":[8.0,16.0,8.0],"to":[12.0,20.0,10.0],"faces":{"east":{"uv":[8.0,3.25,8.5,4.25],"texture":"#0","tintindex":0},"south":{"uv":[10.0,3.25,11.0,4.25],"texture":"#0","tintindex":0},"north":{"uv":[8.5,3.25,9.5,4.25],"texture":"#0","tintindex":0},"west":{"uv":[9.5,3.25,10.0,4.25],"texture":"#0","tintindex":0},"up":{"uv":[9.5,3.25,8.5,2.75],"texture":"#0","tintindex":0},"down":{"uv":[10.5,2.75,9.5,3.25],"texture":"#0","tintindex":0}}},{"from":[4.0,16.0,6.0],"to":[7.0,17.0,9.0],"faces":{"east":{"uv":[6.0,0.75,6.75,1.0],"texture":"#0","tintindex":0},"south":{"uv":[8.25,0.75,9.0,1.0],"texture":"#0","tintindex":0},"north":{"uv":[6.75,0.75,7.5,1.0],"texture":"#0","tintindex":0},"west":{"uv":[7.5,0.75,8.25,1.0],"texture":"#0","tintindex":0},"up":{"uv":[7.5,0.75,6.75,0.0],"texture":"#0","tintindex":0},"down":{"uv":[8.25,0.0,7.5,0.75],"texture":"#0","tintindex":0}}}],"textures":{"particle":"#0","0":"modelengine:entity/beach_creeper"}}