{"display":{"head":{},"firstperson_righthand":{},"thirdperson_lefthand":{},"firstperson_lefthand":{},"fixed":{},"ground":{},"thirdperson_righthand":{},"gui":{"rotation":[-150.0,-45.0,180.0]}},"elements":[{"from":[14.0,18.0,14.0],"to":[2.0,6.0,2.0],"faces":{"east":{"uv":[4.0,4.0,6.0,2.0],"texture":"#2","tintindex":0},"south":{"uv":[2.0,4.0,4.0,2.0],"texture":"#2","tintindex":0},"north":{"uv":[6.0,4.0,8.0,2.0],"texture":"#2","tintindex":0},"west":{"uv":[0.0,4.0,2.0,2.0],"texture":"#2","tintindex":0},"up":{"uv":[4.0,0.0,6.0,2.0],"texture":"#2","tintindex":0},"down":{"uv":[2.0,2.0,4.0,0.0],"texture":"#2","tintindex":0}}},{"from":[2.0,6.0,2.0],"to":[14.0,18.0,14.0],"faces":{"east":{"uv":[0.0,2.0,2.0,4.0],"texture":"#2","tintindex":0},"south":{"uv":[6.0,2.0,8.0,4.0],"texture":"#2","tintindex":0},"north":{"uv":[2.0,2.0,4.0,4.0],"texture":"#2","tintindex":0},"west":{"uv":[4.0,2.0,6.0,4.0],"texture":"#2","tintindex":0},"up":{"uv":[4.0,2.0,2.0,0.0],"texture":"#2","tintindex":0},"down":{"uv":[6.0,0.0,4.0,2.0],"texture":"#2","tintindex":0}}}],"textures":{"particle":"#2","2":"modelengine:entity/creeper_armor_2"}}