{"display":{"head":{},"firstperson_righthand":{},"thirdperson_lefthand":{},"firstperson_lefthand":{},"fixed":{},"ground":{},"thirdperson_righthand":{},"gui":{"rotation":[-150.0,-45.0,180.0]}},"elements":[{"from":[4.0,-1.0,4.0],"to":[12.0,10.0,12.0],"faces":{"east":{"uv":[0.0,8.25,1.0,10.0],"texture":"#2","tintindex":0},"south":{"uv":[3.0,8.25,4.0,10.0],"texture":"#2","tintindex":0},"north":{"uv":[1.0,8.25,2.0,10.0],"texture":"#2","tintindex":0},"west":{"uv":[2.0,8.25,3.0,10.0],"texture":"#2","tintindex":0},"up":{"uv":[2.0,8.25,1.0,7.25],"texture":"#2","tintindex":0},"down":{"uv":[3.0,7.25,2.0,8.25],"texture":"#2","tintindex":0}}},{"from":[12.0,10.0,12.0],"to":[4.0,-1.0,4.0],"faces":{"east":{"uv":[2.0,10.0,3.0,8.25],"texture":"#2","tintindex":0},"south":{"uv":[1.0,10.0,2.0,8.25],"texture":"#2","tintindex":0},"north":{"uv":[3.0,10.0,4.0,8.25],"texture":"#2","tintindex":0},"west":{"uv":[0.0,10.0,1.0,8.25],"texture":"#2","tintindex":0},"up":{"uv":[2.0,7.25,3.0,8.25],"texture":"#2","tintindex":0},"down":{"uv":[1.0,8.25,2.0,7.25],"texture":"#2","tintindex":0}}}],"textures":{"particle":"#2","2":"modelengine:entity/creeper_armor_2"}}