{"display":{"head":{},"firstperson_righthand":{},"thirdperson_lefthand":{},"firstperson_lefthand":{},"fixed":{},"ground":{},"thirdperson_righthand":{},"gui":{"rotation":[-150.0,-45.0,180.0]}},"elements":[{"from":[6.0,1.0,6.0],"to":[10.0,8.0,10.0],"faces":{"east":{"uv":[0.0,8.25,1.0,10.0],"texture":"#0","tintindex":0},"south":{"uv":[3.0,8.25,4.0,10.0],"texture":"#0","tintindex":0},"north":{"uv":[1.0,8.25,2.0,10.0],"texture":"#0","tintindex":0},"west":{"uv":[2.0,8.25,3.0,10.0],"texture":"#0","tintindex":0},"up":{"uv":[2.0,8.25,1.0,7.25],"texture":"#0","tintindex":0},"down":{"uv":[3.0,7.25,2.0,8.25],"texture":"#0","tintindex":0}}}],"textures":{"particle":"#0","0":"modelengine:entity/beach_creeper"}}