{"display":{"head":{},"firstperson_righthand":{},"thirdperson_lefthand":{},"firstperson_lefthand":{},"fixed":{},"ground":{},"thirdperson_righthand":{},"gui":{"rotation":[-150.0,-45.0,180.0]}},"elements":[{"from":[12.0,10.0,12.0],"to":[4.0,-1.0,4.0],"faces":{"east":{"uv":[6.0,9.5,7.0,7.75],"texture":"#2","tintindex":0},"south":{"uv":[5.0,9.5,6.0,7.75],"texture":"#2","tintindex":0},"north":{"uv":[7.0,9.5,8.0,7.75],"texture":"#2","tintindex":0},"west":{"uv":[4.0,9.5,5.0,7.75],"texture":"#2","tintindex":0},"up":{"uv":[6.0,6.75,7.0,7.75],"texture":"#2","tintindex":0},"down":{"uv":[5.0,7.75,6.0,6.75],"texture":"#2","tintindex":0}}},{"from":[4.0,-1.0,4.0],"to":[12.0,10.0,12.0],"faces":{"east":{"uv":[4.0,7.75,5.0,9.5],"texture":"#2","tintindex":0},"south":{"uv":[7.0,7.75,8.0,9.5],"texture":"#2","tintindex":0},"north":{"uv":[5.0,7.75,6.0,9.5],"texture":"#2","tintindex":0},"west":{"uv":[6.0,7.75,7.0,9.5],"texture":"#2","tintindex":0},"up":{"uv":[6.0,7.75,5.0,6.75],"texture":"#2","tintindex":0},"down":{"uv":[7.0,6.75,6.0,7.75],"texture":"#2","tintindex":0}}}],"textures":{"particle":"#2","2":"modelengine:entity/creeper_armor_2"}}