{"display":{"head":{},"firstperson_righthand":{},"thirdperson_lefthand":{},"firstperson_lefthand":{},"fixed":{},"ground":{},"thirdperson_righthand":{},"gui":{"rotation":[-150.0,-45.0,180.0]}},"elements":[{"from":[6.0,1.0,6.0],"to":[10.0,8.0,10.0],"faces":{"east":{"uv":[5.0,5.0,6.0,6.75],"texture":"#0","tintindex":0},"south":{"uv":[8.0,5.0,9.0,6.75],"texture":"#0","tintindex":0},"north":{"uv":[6.0,5.0,7.0,6.75],"texture":"#0","tintindex":0},"west":{"uv":[7.0,5.0,8.0,6.75],"texture":"#0","tintindex":0},"up":{"uv":[7.0,5.0,6.0,4.0],"texture":"#0","tintindex":0},"down":{"uv":[8.0,4.0,7.0,5.0],"texture":"#0","tintindex":0}}}],"textures":{"particle":"#0","0":"modelengine:entity/beach_creeper"}}