{"sources":[{"type":"directory","source":"entity","prefix":"entity/"},{"type":"filter","pattern":{"namespace":"minecraft","path":"entity/fishing_hook"}},{"type":"directory","source":"entity","prefix":"entity/"},{"type":"filter","pattern":{"namespace":"minecraft","path":"entity/fishing_hook"}},{"type":"single","resource":"block/dark_oak_planks"},{"type":"single","resource":"modelengine:entity/09c42b8b-3a82-3778-8810-60e74e9cf247"},{"type":"single","resource":"modelengine:entity/aloc_main"},{"type":"single","resource":"modelengine:entity/aloc_main"},{"type":"single","resource":"modelengine:entity/aloc_main"},{"type":"single","resource":"modelengine:entity/badlands_creeper"},{"type":"single","resource":"modelengine:entity/badlands_creeper"},{"type":"single","resource":"modelengine:entity/badlands_creeper"},{"type":"single","resource":"modelengine:entity/badlands_creeper"},{"type":"single","resource":"modelengine:entity/badlands_creeper"},{"type":"single","resource":"modelengine:entity/bamboo_creeper"},{"type":"single","resource":"modelengine:entity/bamboo_creeper"},{"type":"single","resource":"modelengine:entity/bamboo_creeper"},{"type":"single","resource":"modelengine:entity/bamboo_creeper"},{"type":"single","resource":"modelengine:entity/bamboo_creeper"},{"type":"single","resource":"modelengine:entity/bamboo_creeper"},{"type":"single","resource":"modelengine:entity/beach_creeper"},{"type":"single","resource":"modelengine:entity/beach_creeper"},{"type":"single","resource":"modelengine:entity/beach_creeper"},{"type":"single","resource":"modelengine:entity/beach_creeper"},{"type":"single","resource":"modelengine:entity/beach_creeper"},{"type":"single","resource":"modelengine:entity/beach_creeper"},{"type":"single","resource":"modelengine:entity/cave_creeper"},{"type":"single","resource":"modelengine:entity/cave_creeper"},{"type":"single","resource":"modelengine:entity/cave_creeper"},{"type":"single","resource":"modelengine:entity/cave_creeper"},{"type":"single","resource":"modelengine:entity/cave_creeper"},{"type":"single","resource":"modelengine:entity/cave_creeper"},{"type":"single","resource":"modelengine:entity/ce87828b-e79e-3451-ba37-df2252904e58"},{"type":"single","resource":"modelengine:entity/ce87828b-e79e-3451-ba37-df2252904e58"},{"type":"single","resource":"modelengine:entity/ce87828b-e79e-3451-ba37-df2252904e58"},{"type":"single","resource":"modelengine:entity/ce87828b-e79e-3451-ba37-df2252904e58"},{"type":"single","resource":"modelengine:entity/ce87828b-e79e-3451-ba37-df2252904e58"},{"type":"single","resource":"modelengine:entity/ce87828b-e79e-3451-ba37-df2252904e58"},{"type":"single","resource":"modelengine:entity/ce87828b-e79e-3451-ba37-df2252904e58"},{"type":"single","resource":"modelengine:entity/ce87828b-e79e-3451-ba37-df2252904e58"},{"type":"single","resource":"modelengine:entity/ce87828b-e79e-3451-ba37-df2252904e58"},{"type":"single","resource":"modelengine:entity/ce87828b-e79e-3451-ba37-df2252904e58"},{"type":"single","resource":"modelengine:entity/ce87828b-e79e-3451-ba37-df2252904e58"},{"type":"single","resource":"modelengine:entity/ce87828b-e79e-3451-ba37-df2252904e58"},{"type":"single","resource":"modelengine:entity/ce87828b-e79e-3451-ba37-df2252904e58"},{"type":"single","resource":"modelengine:entity/ce87828b-e79e-3451-ba37-df2252904e58"},{"type":"single","resource":"modelengine:entity/coding_smp"},{"type":"single","resource":"modelengine:entity/coding_smp"},{"type":"single","resource":"modelengine:entity/coding_smp"},{"type":"single","resource":"modelengine:entity/coding_smp"},{"type":"single","resource":"modelengine:entity/coding_smp"},{"type":"single","resource":"modelengine:entity/coding_smp"},{"type":"single","resource":"modelengine:entity/coding_smp"},{"type":"single","resource":"modelengine:entity/coding_smp"},{"type":"single","resource":"modelengine:entity/coding_smp"},{"type":"single","resource":"modelengine:entity/coding_smp"},{"type":"single","resource":"modelengine:entity/coding_smp"},{"type":"single","resource":"modelengine:entity/coding_smp"},{"type":"single","resource":"modelengine:entity/coding_smp"},{"type":"single","resource":"modelengine:entity/coding_smp"},{"type":"single","resource":"modelengine:entity/coding_smp"},{"type":"single","resource":"modelengine:entity/coding_smp"},{"type":"single","resource":"modelengine:entity/coding_smp"},{"type":"single","resource":"modelengine:entity/coding_smp"},{"type":"single","resource":"modelengine:entity/coding_smp"},{"type":"single","resource":"modelengine:entity/coding_smp"},{"type":"single","resource":"modelengine:entity/coding_smp"},{"type":"single","resource":"modelengine:entity/coding_smp"},{"type":"single","resource":"modelengine:entity/coding_smp"},{"type":"single","resource":"modelengine:entity/coding_smp"},{"type":"single","resource":"modelengine:entity/coding_smp"},{"type":"single","resource":"modelengine:entity/coding_smp"},{"type":"single","resource":"modelengine:entity/coding_smp"},{"type":"single","resource":"modelengine:entity/creeper_armor_1"},{"type":"single","resource":"modelengine:entity/creeper_armor_1"},{"type":"single","resource":"modelengine:entity/creeper_armor_1"},{"type":"single","resource":"modelengine:entity/creeper_armor_1"},{"type":"single","resource":"modelengine:entity/creeper_armor_1"},{"type":"single","resource":"modelengine:entity/creeper_armor_1"},{"type":"single","resource":"modelengine:entity/creeper_armor_1"},{"type":"single","resource":"modelengine:entity/creeper_armor_1"},{"type":"single","resource":"modelengine:entity/creeper_armor_1"},{"type":"single","resource":"modelengine:entity/creeper_armor_1"},{"type":"single","resource":"modelengine:entity/creeper_armor_1"},{"type":"single","resource":"modelengine:entity/creeper_armor_1"},{"type":"single","resource":"modelengine:entity/creeper_armor_1"},{"type":"single","resource":"modelengine:entity/creeper_armor_1"},{"type":"single","resource":"modelengine:entity/creeper_armor_1"},{"type":"single","resource":"modelengine:entity/creeper_armor_1"},{"type":"single","resource":"modelengine:entity/creeper_armor_1"},{"type":"single","resource":"modelengine:entity/creeper_armor_1"},{"type":"single","resource":"modelengine:entity/creeper_armor_1"},{"type":"single","resource":"modelengine:entity/creeper_armor_1"},{"type":"single","resource":"modelengine:entity/creeper_armor_1"},{"type":"single","resource":"modelengine:entity/creeper_armor_1"},{"type":"single","resource":"modelengine:entity/creeper_armor_1"},{"type":"single","resource":"modelengine:entity/creeper_armor_1"},{"type":"single","resource":"modelengine:entity/creeper_armor_1"},{"type":"single","resource":"modelengine:entity/creeper_armor_1"},{"type":"single","resource":"modelengine:entity/creeper_armor_1"},{"type":"single","resource":"modelengine:entity/creeper_armor_1"},{"type":"single","resource":"modelengine:entity/creeper_armor_1"},{"type":"single","resource":"modelengine:entity/creeper_armor_1"},{"type":"single","resource":"modelengine:entity/creeper_armor_1"},{"type":"single","resource":"modelengine:entity/creeper_armor_1"},{"type":"single","resource":"modelengine:entity/creeper_armor_1"},{"type":"single","resource":"modelengine:entity/creeper_armor_1"},{"type":"single","resource":"modelengine:entity/creeper_armor_1"},{"type":"single","resource":"modelengine:entity/creeper_armor_1"},{"type":"single","resource":"modelengine:entity/creeper_armor_1"},{"type":"single","resource":"modelengine:entity/creeper_armor_1"},{"type":"single","resource":"modelengine:entity/creeper_armor_1"},{"type":"single","resource":"modelengine:entity/creeper_armor_1"},{"type":"single","resource":"modelengine:entity/creeper_armor_1"},{"type":"single","resource":"modelengine:entity/creeper_armor_1"},{"type":"single","resource":"modelengine:entity/creeper_armor_1"},{"type":"single","resource":"modelengine:entity/creeper_armor_1"},{"type":"single","resource":"modelengine:entity/creeper_armor_1"},{"type":"single","resource":"modelengine:entity/creeper_armor_1"},{"type":"single","resource":"modelengine:entity/creeper_armor_1"},{"type":"single","resource":"modelengine:entity/creeper_armor_1"},{"type":"single","resource":"modelengine:entity/creeper_armor_2"},{"type":"single","resource":"modelengine:entity/creeper_armor_2"},{"type":"single","resource":"modelengine:entity/creeper_armor_2"},{"type":"single","resource":"modelengine:entity/creeper_armor_2"},{"type":"single","resource":"modelengine:entity/creeper_armor_2"},{"type":"single","resource":"modelengine:entity/creeper_armor_2"},{"type":"single","resource":"modelengine:entity/creeper_armor_2"},{"type":"single","resource":"modelengine:entity/creeper_armor_2"},{"type":"single","resource":"modelengine:entity/creeper_armor_2"},{"type":"single","resource":"modelengine:entity/creeper_armor_2"},{"type":"single","resource":"modelengine:entity/creeper_armor_2"},{"type":"single","resource":"modelengine:entity/creeper_armor_2"},{"type":"single","resource":"modelengine:entity/creeper_armor_2"},{"type":"single","resource":"modelengine:entity/creeper_armor_2"},{"type":"single","resource":"modelengine:entity/creeper_armor_2"},{"type":"single","resource":"modelengine:entity/creeper_armor_2"},{"type":"single","resource":"modelengine:entity/creeper_armor_2"},{"type":"single","resource":"modelengine:entity/creeper_armor_2"},{"type":"single","resource":"modelengine:entity/creeper_armor_2"},{"type":"single","resource":"modelengine:entity/creeper_armor_2"},{"type":"single","resource":"modelengine:entity/creeper_armor_2"},{"type":"single","resource":"modelengine:entity/creeper_armor_2"},{"type":"single","resource":"modelengine:entity/creeper_armor_2"},{"type":"single","resource":"modelengine:entity/creeper_armor_2"},{"type":"single","resource":"modelengine:entity/creeper_armor_2"},{"type":"single","resource":"modelengine:entity/creeper_armor_2"},{"type":"single","resource":"modelengine:entity/creeper_armor_2"},{"type":"single","resource":"modelengine:entity/creeper_armor_2"},{"type":"single","resource":"modelengine:entity/creeper_armor_2"},{"type":"single","resource":"modelengine:entity/creeper_armor_2"},{"type":"single","resource":"modelengine:entity/creeper_armor_2"},{"type":"single","resource":"modelengine:entity/creeper_armor_2"},{"type":"single","resource":"modelengine:entity/creeper_armor_2"},{"type":"single","resource":"modelengine:entity/creeper_armor_2"},{"type":"single","resource":"modelengine:entity/creeper_armor_2"},{"type":"single","resource":"modelengine:entity/creeper_armor_2"},{"type":"single","resource":"modelengine:entity/creeper_armor_2"},{"type":"single","resource":"modelengine:entity/creeper_armor_2"},{"type":"single","resource":"modelengine:entity/creeper_armor_2"},{"type":"single","resource":"modelengine:entity/creeper_armor_3"},{"type":"single","resource":"modelengine:entity/creeper_armor_3"},{"type":"single","resource":"modelengine:entity/creeper_armor_3"},{"type":"single","resource":"modelengine:entity/creeper_armor_3"},{"type":"single","resource":"modelengine:entity/creeper_armor_3"},{"type":"single","resource":"modelengine:entity/creeper_armor_3"},{"type":"single","resource":"modelengine:entity/creeper_armor_3"},{"type":"single","resource":"modelengine:entity/creeper_armor_3"},{"type":"single","resource":"modelengine:entity/creeper_armor_3"},{"type":"single","resource":"modelengine:entity/creeper_armor_3"},{"type":"single","resource":"modelengine:entity/creeper_armor_3"},{"type":"single","resource":"modelengine:entity/creeper_armor_3"},{"type":"single","resource":"modelengine:entity/creeper_armor_3"},{"type":"single","resource":"modelengine:entity/creeper_armor_4"},{"type":"single","resource":"modelengine:entity/creeper_armor_4"},{"type":"single","resource":"modelengine:entity/creeper_armor_4"},{"type":"single","resource":"modelengine:entity/creeper_armor_4"},{"type":"single","resource":"modelengine:entity/creeper_armor_4"},{"type":"single","resource":"modelengine:entity/creeper_armor_4"},{"type":"single","resource":"modelengine:entity/cubee_end"},{"type":"single","resource":"modelengine:entity/cubee_end"},{"type":"single","resource":"modelengine:entity/cubee_end"},{"type":"single","resource":"modelengine:entity/cubee_end"},{"type":"single","resource":"modelengine:entity/cubee_end"},{"type":"single","resource":"modelengine:entity/cubee_end"},{"type":"single","resource":"modelengine:entity/cubee_end"},{"type":"single","resource":"modelengine:entity/cubee_end"},{"type":"single","resource":"modelengine:entity/cubee_end"},{"type":"single","resource":"modelengine:entity/cubee_end"},{"type":"single","resource":"modelengine:entity/cubee_end_brick"},{"type":"single","resource":"modelengine:entity/cubee_end_brick"},{"type":"single","resource":"modelengine:entity/cubee_end_brick"},{"type":"single","resource":"modelengine:entity/cubee_end_brick"},{"type":"single","resource":"modelengine:entity/cubee_end_brick"},{"type":"single","resource":"modelengine:entity/cubee_end_brick"},{"type":"single","resource":"modelengine:entity/cubee_end_brick"},{"type":"single","resource":"modelengine:entity/cubee_end_crystal"},{"type":"single","resource":"modelengine:entity/cubee_end_crystal"},{"type":"single","resource":"modelengine:entity/cubee_end_crystal"},{"type":"single","resource":"modelengine:entity/cubee_end_crystal"},{"type":"single","resource":"modelengine:entity/cubee_end_crystal"},{"type":"single","resource":"modelengine:entity/cubee_end_crystal"},{"type":"single","resource":"modelengine:entity/cubee_end_crystal"},{"type":"single","resource":"modelengine:entity/cubee_end_crystal"},{"type":"single","resource":"modelengine:entity/cubee_end_fireball"},{"type":"single","resource":"modelengine:entity/cubee_end_fireball"},{"type":"single","resource":"modelengine:entity/cubee_end_fireball"},{"type":"single","resource":"modelengine:entity/cubee_end_fireball"},{"type":"single","resource":"modelengine:entity/cubee_end_fireball"},{"type":"single","resource":"modelengine:entity/cubee_end_fireball"},{"type":"single","resource":"modelengine:entity/cubee_end_fireball"},{"type":"single","resource":"modelengine:entity/cubee_end_fireball"},{"type":"single","resource":"modelengine:entity/cubee_end_pearl"},{"type":"single","resource":"modelengine:entity/cubee_end_pearl"},{"type":"single","resource":"modelengine:entity/cubee_end_pearl"},{"type":"single","resource":"modelengine:entity/cubee_end_pearl"},{"type":"single","resource":"modelengine:entity/cubee_end_pearl"},{"type":"single","resource":"modelengine:entity/cubee_end_pearl"},{"type":"single","resource":"modelengine:entity/cubee_end_pearl"},{"type":"single","resource":"modelengine:entity/cubee_end_pearl"},{"type":"single","resource":"modelengine:entity/cubee_end_pearl"},{"type":"single","resource":"modelengine:entity/cubee_end_pearl"},{"type":"single","resource":"modelengine:entity/cubee_end_pearl"},{"type":"single","resource":"modelengine:entity/cubee_end_portal"},{"type":"single","resource":"modelengine:entity/cubee_end_portal"},{"type":"single","resource":"modelengine:entity/cubee_end_portal"},{"type":"single","resource":"modelengine:entity/cubee_end_portal"},{"type":"single","resource":"modelengine:entity/cubee_end_portal"},{"type":"single","resource":"modelengine:entity/cubee_end_portal"},{"type":"single","resource":"modelengine:entity/cubee_end_portal"},{"type":"single","resource":"modelengine:entity/cubee_end_portal"},{"type":"single","resource":"modelengine:entity/cubee_ender_chest"},{"type":"single","resource":"modelengine:entity/cubee_ender_chest"},{"type":"single","resource":"modelengine:entity/cubee_ender_chest"},{"type":"single","resource":"modelengine:entity/cubee_ender_chest"},{"type":"single","resource":"modelengine:entity/cubee_ender_chest"},{"type":"single","resource":"modelengine:entity/cubee_ender_chest"},{"type":"single","resource":"modelengine:entity/cubee_ender_chest"},{"type":"single","resource":"modelengine:entity/cubee_ender_chest"},{"type":"single","resource":"modelengine:entity/cubee_ender_chest"},{"type":"single","resource":"modelengine:entity/cubee_shulker"},{"type":"single","resource":"modelengine:entity/cubee_shulker"},{"type":"single","resource":"modelengine:entity/cubee_shulker"},{"type":"single","resource":"modelengine:entity/cubee_shulker"},{"type":"single","resource":"modelengine:entity/cubee_shulker"},{"type":"single","resource":"modelengine:entity/cubee_shulker"},{"type":"single","resource":"modelengine:entity/cubee_shulker"},{"type":"single","resource":"modelengine:entity/cubee_shulker"},{"type":"single","resource":"modelengine:entity/cubee_shulker"},{"type":"single","resource":"modelengine:entity/dark_oak_creeper"},{"type":"single","resource":"modelengine:entity/dark_oak_creeper"},{"type":"single","resource":"modelengine:entity/dark_oak_creeper"},{"type":"single","resource":"modelengine:entity/dark_oak_creeper"},{"type":"single","resource":"modelengine:entity/dark_oak_creeper"},{"type":"single","resource":"modelengine:entity/den_officiele"},{"type":"single","resource":"modelengine:entity/den_officiele"},{"type":"single","resource":"modelengine:entity/den_officiele"},{"type":"single","resource":"modelengine:entity/den_officiele"},{"type":"single","resource":"modelengine:entity/den_officiele"},{"type":"single","resource":"modelengine:entity/den_officiele"},{"type":"single","resource":"modelengine:entity/den_officiele"},{"type":"single","resource":"modelengine:entity/den_officiele"},{"type":"single","resource":"modelengine:entity/den_officiele"},{"type":"single","resource":"modelengine:entity/den_officiele"},{"type":"single","resource":"modelengine:entity/den_officiele"},{"type":"single","resource":"modelengine:entity/den_officiele"},{"type":"single","resource":"modelengine:entity/den_officiele"},{"type":"single","resource":"modelengine:entity/den_officiele"},{"type":"single","resource":"modelengine:entity/den_officiele"},{"type":"single","resource":"modelengine:entity/den_officiele"},{"type":"single","resource":"modelengine:entity/den_officiele"},{"type":"single","resource":"modelengine:entity/den_officiele"},{"type":"single","resource":"modelengine:entity/den_officiele"},{"type":"single","resource":"modelengine:entity/den_officiele"},{"type":"single","resource":"modelengine:entity/den_officiele"},{"type":"single","resource":"modelengine:entity/den_officielle"},{"type":"single","resource":"modelengine:entity/den_officielle"},{"type":"single","resource":"modelengine:entity/den_officielle"},{"type":"single","resource":"modelengine:entity/den_officielle"},{"type":"single","resource":"modelengine:entity/den_officielle"},{"type":"single","resource":"modelengine:entity/den_officielle"},{"type":"single","resource":"modelengine:entity/den_officielle"},{"type":"single","resource":"modelengine:entity/den_officielle"},{"type":"single","resource":"modelengine:entity/den_officielle"},{"type":"single","resource":"modelengine:entity/den_officielle"},{"type":"single","resource":"modelengine:entity/den_officielle"},{"type":"single","resource":"modelengine:entity/den_officielle"},{"type":"single","resource":"modelengine:entity/den_officielle"},{"type":"single","resource":"modelengine:entity/desert_creeper"},{"type":"single","resource":"modelengine:entity/desert_creeper"},{"type":"single","resource":"modelengine:entity/desert_creeper"},{"type":"single","resource":"modelengine:entity/desert_creeper"},{"type":"single","resource":"modelengine:entity/desert_creeper"},{"type":"single","resource":"modelengine:entity/dripstone_creeper"},{"type":"single","resource":"modelengine:entity/dripstone_creeper"},{"type":"single","resource":"modelengine:entity/dripstone_creeper"},{"type":"single","resource":"modelengine:entity/dripstone_creeper"},{"type":"single","resource":"modelengine:entity/dripstone_creeper"},{"type":"single","resource":"modelengine:entity/dripstone_creeper"},{"type":"single","resource":"modelengine:entity/end_flame"},{"type":"single","resource":"modelengine:entity/end_particle"},{"type":"single","resource":"modelengine:entity/end_particle"},{"type":"single","resource":"modelengine:entity/end_particle"},{"type":"single","resource":"modelengine:entity/end_particle"},{"type":"single","resource":"modelengine:entity/end_particle"},{"type":"single","resource":"modelengine:entity/end_particle"},{"type":"single","resource":"modelengine:entity/end_portal_particle"},{"type":"single","resource":"modelengine:entity/end_wings"},{"type":"single","resource":"modelengine:entity/end_wings"},{"type":"single","resource":"modelengine:entity/evil_cubee"},{"type":"single","resource":"modelengine:entity/evil_cubee"},{"type":"single","resource":"modelengine:entity/evil_cubee"},{"type":"single","resource":"modelengine:entity/evil_cubee"},{"type":"single","resource":"modelengine:entity/evil_cubee"},{"type":"single","resource":"modelengine:entity/evil_cubee"},{"type":"single","resource":"modelengine:entity/evil_cubee"},{"type":"single","resource":"modelengine:entity/evil_cubee"},{"type":"single","resource":"modelengine:entity/evil_cubee"},{"type":"single","resource":"modelengine:entity/evil_cubee"},{"type":"single","resource":"modelengine:entity/evil_cubee"},{"type":"single","resource":"modelengine:entity/fire_cubee"},{"type":"single","resource":"modelengine:entity/fire_cubee"},{"type":"single","resource":"modelengine:entity/fire_cubee"},{"type":"single","resource":"modelengine:entity/fire_cubee"},{"type":"single","resource":"modelengine:entity/fire_cubee"},{"type":"single","resource":"modelengine:entity/fire_cubee"},{"type":"single","resource":"modelengine:entity/fire_cubee"},{"type":"single","resource":"modelengine:entity/fire_cubee"},{"type":"single","resource":"modelengine:entity/fire_cubee"},{"type":"single","resource":"modelengine:entity/fire_cubee"},{"type":"single","resource":"modelengine:entity/fire_cubee"},{"type":"single","resource":"modelengine:entity/good_cubee"},{"type":"single","resource":"modelengine:entity/good_cubee"},{"type":"single","resource":"modelengine:entity/good_cubee"},{"type":"single","resource":"modelengine:entity/good_cubee"},{"type":"single","resource":"modelengine:entity/good_cubee"},{"type":"single","resource":"modelengine:entity/good_cubee"},{"type":"single","resource":"modelengine:entity/good_cubee"},{"type":"single","resource":"modelengine:entity/good_cubee"},{"type":"single","resource":"modelengine:entity/good_cubee"},{"type":"single","resource":"modelengine:entity/good_cubee"},{"type":"single","resource":"modelengine:entity/good_cubee"},{"type":"single","resource":"modelengine:entity/grass_cubee"},{"type":"single","resource":"modelengine:entity/grass_cubee"},{"type":"single","resource":"modelengine:entity/grass_cubee"},{"type":"single","resource":"modelengine:entity/grass_cubee"},{"type":"single","resource":"modelengine:entity/grass_cubee"},{"type":"single","resource":"modelengine:entity/grass_cubee"},{"type":"single","resource":"modelengine:entity/grass_cubee"},{"type":"single","resource":"modelengine:entity/grass_cubee"},{"type":"single","resource":"modelengine:entity/grass_cubee"},{"type":"single","resource":"modelengine:entity/grass_cubee"},{"type":"single","resource":"modelengine:entity/grass_cubee"},{"type":"single","resource":"modelengine:entity/hills_creeper"},{"type":"single","resource":"modelengine:entity/hills_creeper"},{"type":"single","resource":"modelengine:entity/hills_creeper"},{"type":"single","resource":"modelengine:entity/hills_creeper"},{"type":"single","resource":"modelengine:entity/hills_creeper"},{"type":"single","resource":"modelengine:entity/jungle_creeper"},{"type":"single","resource":"modelengine:entity/jungle_creeper"},{"type":"single","resource":"modelengine:entity/jungle_creeper"},{"type":"single","resource":"modelengine:entity/jungle_creeper"},{"type":"single","resource":"modelengine:entity/jungle_creeper"},{"type":"single","resource":"modelengine:entity/jungle_creeper"},{"type":"single","resource":"modelengine:entity/mushroom_creeper"},{"type":"single","resource":"modelengine:entity/mushroom_creeper"},{"type":"single","resource":"modelengine:entity/mushroom_creeper"},{"type":"single","resource":"modelengine:entity/mushroom_creeper"},{"type":"single","resource":"modelengine:entity/mushroom_creeper"},{"type":"single","resource":"modelengine:entity/mushroom_creeper"},{"type":"single","resource":"modelengine:entity/plains_creeper"},{"type":"single","resource":"modelengine:entity/plains_creeper"},{"type":"single","resource":"modelengine:entity/plains_creeper"},{"type":"single","resource":"modelengine:entity/plains_creeper"},{"type":"single","resource":"modelengine:entity/plains_creeper"},{"type":"single","resource":"modelengine:entity/plains_creeper"},{"type":"single","resource":"modelengine:entity/plains_creeper_christmas"},{"type":"single","resource":"modelengine:entity/plains_creeper_christmas"},{"type":"single","resource":"modelengine:entity/plains_creeper_christmas"},{"type":"single","resource":"modelengine:entity/plains_creeper_christmas"},{"type":"single","resource":"modelengine:entity/plains_creeper_christmas"},{"type":"single","resource":"modelengine:entity/plains_creeper_christmas"},{"type":"single","resource":"modelengine:entity/plains_creeper_halloween"},{"type":"single","resource":"modelengine:entity/plains_creeper_halloween"},{"type":"single","resource":"modelengine:entity/plains_creeper_halloween"},{"type":"single","resource":"modelengine:entity/plains_creeper_halloween"},{"type":"single","resource":"modelengine:entity/plains_creeper_halloween"},{"type":"single","resource":"modelengine:entity/plains_creeper_halloween"},{"type":"single","resource":"modelengine:entity/plains_creeper_stpatricksday"},{"type":"single","resource":"modelengine:entity/plains_creeper_stpatricksday"},{"type":"single","resource":"modelengine:entity/plains_creeper_stpatricksday"},{"type":"single","resource":"modelengine:entity/plains_creeper_stpatricksday"},{"type":"single","resource":"modelengine:entity/plains_creeper_stpatricksday"},{"type":"single","resource":"modelengine:entity/plains_creeper_stpatricksday"},{"type":"single","resource":"modelengine:entity/savannah_creeper"},{"type":"single","resource":"modelengine:entity/savannah_creeper"},{"type":"single","resource":"modelengine:entity/savannah_creeper"},{"type":"single","resource":"modelengine:entity/savannah_creeper"},{"type":"single","resource":"modelengine:entity/savannah_creeper"},{"type":"single","resource":"modelengine:entity/savannah_creeper"},{"type":"single","resource":"modelengine:entity/savannah_creeper"},{"type":"single","resource":"modelengine:entity/savannah_creeper"},{"type":"single","resource":"modelengine:entity/shulker_particle"},{"type":"single","resource":"modelengine:entity/skeleton_cubee"},{"type":"single","resource":"modelengine:entity/skeleton_cubee"},{"type":"single","resource":"modelengine:entity/skeleton_cubee"},{"type":"single","resource":"modelengine:entity/skeleton_cubee"},{"type":"single","resource":"modelengine:entity/skeleton_cubee"},{"type":"single","resource":"modelengine:entity/skeleton_cubee"},{"type":"single","resource":"modelengine:entity/skeleton_cubee"},{"type":"single","resource":"modelengine:entity/skeleton_cubee"},{"type":"single","resource":"modelengine:entity/skeleton_cubee"},{"type":"single","resource":"modelengine:entity/skeleton_cubee"},{"type":"single","resource":"modelengine:entity/skeleton_cubee"},{"type":"single","resource":"modelengine:entity/snowy_creeper"},{"type":"single","resource":"modelengine:entity/snowy_creeper"},{"type":"single","resource":"modelengine:entity/snowy_creeper"},{"type":"single","resource":"modelengine:entity/snowy_creeper"},{"type":"single","resource":"modelengine:entity/snowy_creeper"},{"type":"single","resource":"modelengine:entity/snowy_creeper"},{"type":"single","resource":"modelengine:entity/spruce_creeper"},{"type":"single","resource":"modelengine:entity/spruce_creeper"},{"type":"single","resource":"modelengine:entity/spruce_creeper"},{"type":"single","resource":"modelengine:entity/spruce_creeper"},{"type":"single","resource":"modelengine:entity/spruce_creeper"},{"type":"single","resource":"modelengine:entity/spruce_creeper"},{"type":"single","resource":"modelengine:entity/stone_cubee"},{"type":"single","resource":"modelengine:entity/stone_cubee"},{"type":"single","resource":"modelengine:entity/stone_cubee"},{"type":"single","resource":"modelengine:entity/stone_cubee"},{"type":"single","resource":"modelengine:entity/stone_cubee"},{"type":"single","resource":"modelengine:entity/stone_cubee"},{"type":"single","resource":"modelengine:entity/stone_cubee"},{"type":"single","resource":"modelengine:entity/stone_cubee"},{"type":"single","resource":"modelengine:entity/stone_cubee"},{"type":"single","resource":"modelengine:entity/stone_cubee"},{"type":"single","resource":"modelengine:entity/stone_cubee"},{"type":"single","resource":"modelengine:entity/swamp_creeper"},{"type":"single","resource":"modelengine:entity/swamp_creeper"},{"type":"single","resource":"modelengine:entity/swamp_creeper"},{"type":"single","resource":"modelengine:entity/swamp_creeper"},{"type":"single","resource":"modelengine:entity/swamp_creeper"},{"type":"single","resource":"modelengine:entity/swamp_creeper"},{"type":"single","resource":"modelengine:entity/tnt_cubee"},{"type":"single","resource":"modelengine:entity/tnt_cubee"},{"type":"single","resource":"modelengine:entity/tnt_cubee"},{"type":"single","resource":"modelengine:entity/tnt_cubee"},{"type":"single","resource":"modelengine:entity/tnt_cubee"},{"type":"single","resource":"modelengine:entity/tnt_cubee"},{"type":"single","resource":"modelengine:entity/tnt_cubee"},{"type":"single","resource":"modelengine:entity/tnt_cubee"},{"type":"single","resource":"modelengine:entity/tnt_cubee"},{"type":"single","resource":"modelengine:entity/tnt_cubee"},{"type":"single","resource":"modelengine:entity/tnt_cubee"},{"type":"single","resource":"modelengine:entity/water_cubee"},{"type":"single","resource":"modelengine:entity/water_cubee"},{"type":"single","resource":"modelengine:entity/water_cubee"},{"type":"single","resource":"modelengine:entity/water_cubee"},{"type":"single","resource":"modelengine:entity/water_cubee"},{"type":"single","resource":"modelengine:entity/water_cubee"},{"type":"single","resource":"modelengine:entity/water_cubee"},{"type":"single","resource":"modelengine:entity/water_cubee"},{"type":"single","resource":"modelengine:entity/water_cubee"},{"type":"single","resource":"modelengine:entity/water_cubee"},{"type":"single","resource":"modelengine:entity/water_cubee"},{"type":"single","resource":"item/chainmail_boots"},{"type":"single","resource":"item/chainmail_chestplate"},{"type":"single","resource":"item/chainmail_helmet"},{"type":"single","resource":"item/chainmail_leggings"},{"type":"single","resource":"item/diamond_horse_armor"},{"type":"single","resource":"item/elytra"},{"type":"single","resource":"item/golden_horse_armor"},{"type":"single","resource":"item/leather_horse_armor"},{"type":"single","resource":"item/netherite_axe"},{"type":"single","resource":"item/netherite_hoe"},{"type":"single","resource":"item/netherite_pickaxe"},{"type":"single","resource":"item/netherite_shovel"},{"type":"single","resource":"item/netherite_sword"},{"type":"single","resource":"nexo:item/nexo_armor/forest_boots"},{"type":"single","resource":"nexo:item/nexo_armor/forest_boots"},{"type":"single","resource":"nexo:item/nexo_armor/forest_chestplate"},{"type":"single","resource":"nexo:item/nexo_armor/forest_chestplate"},{"type":"single","resource":"nexo:item/nexo_armor/forest_elytra_icon"},{"type":"single","resource":"nexo:item/nexo_armor/forest_elytra_icon"},{"type":"single","resource":"nexo:item/nexo_armor/forest_helmet"},{"type":"single","resource":"nexo:item/nexo_armor/forest_horse_armor_icon"},{"type":"single","resource":"nexo:item/nexo_armor/forest_horse_armor_icon"},{"type":"single","resource":"nexo:item/nexo_armor/forest_leggings"},{"type":"single","resource":"nexo:item/nexo_armor/forest_leggings"},{"type":"single","resource":"nexo:item/nexo_armor/forest_llama_armor_icon"},{"type":"single","resource":"nexo:item/nexo_armor/forest_llama_armor_icon"},{"type":"single","resource":"nexo:item/nexo_armor/forest_wolf_armor_icon"},{"type":"single","resource":"nexo:item/nexo_armor/forest_wolf_armor_icon"},{"type":"single","resource":"nexo:item/nexo_furniture/arm_chair"},{"type":"single","resource":"nexo:item/nexo_furniture/arm_chair_dyeable"},{"type":"single","resource":"nexo:item/nexo_furniture/coffee_table"},{"type":"single","resource":"nexo:item/nexo_furniture/coffee_table_dyeable"},{"type":"single","resource":"nexo:item/nexo_furniture/connectable/connectable"},{"type":"single","resource":"nexo:item/nexo_furniture/connectable/connectable"},{"type":"single","resource":"nexo:item/nexo_furniture/connectable/connectable_dyeable"},{"type":"single","resource":"nexo:item/nexo_furniture/connectable/connectable_dyeable"},{"type":"single","resource":"nexo:item/nexo_furniture/connectable/connectable_inner"},{"type":"single","resource":"nexo:item/nexo_furniture/connectable/connectable_inner_dyeable"},{"type":"single","resource":"nexo:item/nexo_furniture/connectable/connectable_left"},{"type":"single","resource":"nexo:item/nexo_furniture/connectable/connectable_left"},{"type":"single","resource":"nexo:item/nexo_furniture/connectable/connectable_left_dyeable"},{"type":"single","resource":"nexo:item/nexo_furniture/connectable/connectable_left_dyeable"},{"type":"single","resource":"nexo:item/nexo_furniture/connectable/connectable_left_dyeable"},{"type":"single","resource":"nexo:item/nexo_furniture/connectable/connectable_outer"},{"type":"single","resource":"nexo:item/nexo_furniture/connectable/connectable_outer_dyeable"},{"type":"single","resource":"nexo:item/nexo_furniture/connectable/connectable_straight"},{"type":"single","resource":"nexo:item/nexo_furniture/connectable/connectable_straight_dyeable"},{"type":"single","resource":"nexo:item/nexo_furniture/double_bed"},{"type":"single","resource":"nexo:item/nexo_furniture/double_bed_dyeable"},{"type":"single","resource":"nexo:item/nexo_furniture/end_table"},{"type":"single","resource":"nexo:item/nexo_furniture/end_table"},{"type":"single","resource":"nexo:item/nexo_furniture/large_wooden_door"},{"type":"single","resource":"nexo:item/nexo_furniture/sofa"},{"type":"single","resource":"nexo:item/nexo_furniture/sofa_dyeable"},{"type":"single","resource":"nexo:item/nexo_furniture/storage_chest"},{"type":"single","resource":"nexo:item/nexo_furniture/table_lamp"},{"type":"single","resource":"nexo:item/nexo_furniture/table_lamp"},{"type":"single","resource":"nexo:item/nexo_furniture/table_lamp_dyeable"},{"type":"single","resource":"nexo:item/nexo_furniture/table_lamp_dyeable"},{"type":"single","resource":"nexo:item/nexo_tools/forest_axe"},{"type":"single","resource":"nexo:item/nexo_tools/forest_axe"},{"type":"single","resource":"nexo:item/nexo_tools/forest_hoe"},{"type":"single","resource":"nexo:item/nexo_tools/forest_pickaxe"},{"type":"single","resource":"nexo:item/nexo_tools/forest_shield"},{"type":"single","resource":"nexo:item/nexo_tools/forest_shield"},{"type":"single","resource":"nexo:item/nexo_tools/forest_shovel"},{"type":"single","resource":"nexo:item/nexo_tools/forest_sword"},{"type":"single","resource":"nexo:item/nexo_tools/forest_trident"},{"type":"single","resource":"nexo:item/nexo_tools/forest_trident"},{"type":"single","resource":"item/paper"},{"type":"single","resource":"item/trident"},{"type":"single","resource":"item/wolf_armor"},{"type":"single","resource":"key1:items/copper_key1"},{"type":"single","resource":"key1:items/copper_key1"},{"type":"single","resource":"key1:items/copper_key2"},{"type":"single","resource":"key1:items/copper_key2"},{"type":"single","resource":"key1:items/fire_key1"},{"type":"single","resource":"key1:items/fire_key1"},{"type":"single","resource":"key1:items/fire_key2"},{"type":"single","resource":"key1:items/fire_key2"},{"type":"single","resource":"key1:items/golden_key1"},{"type":"single","resource":"key1:items/golden_key1"},{"type":"single","resource":"key1:items/golden_key2"},{"type":"single","resource":"key1:items/golden_key2"},{"type":"single","resource":"key1:items/ice_key1"},{"type":"single","resource":"key1:items/ice_key1"},{"type":"single","resource":"key1:items/ice_key2"},{"type":"single","resource":"key1:items/ice_key2"},{"type":"single","resource":"key1:items/iron_key1"},{"type":"single","resource":"key1:items/iron_key1"},{"type":"single","resource":"key1:items/iron_key2"},{"type":"single","resource":"key1:items/iron_key2"},{"type":"single","resource":"key1:items/mythic_key1"},{"type":"single","resource":"key1:items/mythic_key1"},{"type":"single","resource":"key1:items/mythic_key2"},{"type":"single","resource":"key1:items/mythic_key2"},{"type":"single","resource":"key1:items/stone_key1"},{"type":"single","resource":"key1:items/stone_key1"},{"type":"single","resource":"key1:items/stone_key2"},{"type":"single","resource":"key1:items/stone_key2"},{"type":"single","resource":"key1:items/wood_key1"},{"type":"single","resource":"key1:items/wood_key1"},{"type":"single","resource":"key1:items/wood_key2"},{"type":"single","resource":"key1:items/wood_key2"},{"type":"single","resource":"required/arrow_next_icon"},{"type":"single","resource":"required/arrow_next_icon"},{"type":"single","resource":"required/arrow_previous_icon"},{"type":"single","resource":"required/arrow_previous_icon"},{"type":"single","resource":"required/cancel_icon"},{"type":"single","resource":"required/cancel_icon"},{"type":"single","resource":"cubees:v1/evil_cubee"},{"type":"single","resource":"cubees:v1/evil_cubee"},{"type":"single","resource":"cubees:v1/fire_cubee"},{"type":"single","resource":"cubees:v1/fire_cubee"},{"type":"single","resource":"cubees:v1/good_cubee"},{"type":"single","resource":"cubees:v1/good_cubee"},{"type":"single","resource":"cubees:v1/grass_cubee"},{"type":"single","resource":"cubees:v1/grass_cubee"},{"type":"single","resource":"cubees:v1/skeleton_cubee"},{"type":"single","resource":"cubees:v1/skeleton_cubee"},{"type":"single","resource":"cubees:v1/stone_cubee"},{"type":"single","resource":"cubees:v1/stone_cubee"},{"type":"single","resource":"cubees:v1/tnt_cubee"},{"type":"single","resource":"cubees:v1/tnt_cubee"},{"type":"single","resource":"cubees:v1/water_cubee"},{"type":"single","resource":"cubees:v1/water_cubee"},{"type":"single","resource":"cubees:v7/cubee-chorus_plant"},{"type":"single","resource":"cubees:v7/cubee-chorus_plant"},{"type":"single","resource":"cubees:v7/cubee-end_crystal"},{"type":"single","resource":"cubees:v7/cubee-end_crystal"},{"type":"single","resource":"cubees:v7/cubee-end_portal"},{"type":"single","resource":"cubees:v7/cubee-end_portal"},{"type":"single","resource":"cubees:v7/cubee-end_stone"},{"type":"single","resource":"cubees:v7/cubee-end_stone"},{"type":"single","resource":"cubees:v7/cubee-ender_chest"},{"type":"single","resource":"cubees:v7/cubee-ender_chest"},{"type":"single","resource":"cubees:v7/cubee-ender_flame"},{"type":"single","resource":"cubees:v7/cubee-ender_flame"},{"type":"single","resource":"cubees:v7/cubee-ender_pearl"},{"type":"single","resource":"cubees:v7/cubee-ender_pearl"},{"type":"single","resource":"cubees:v7/cubee-shulker"},{"type":"single","resource":"cubees:v7/cubee-shulker"}]}