{"display":{"head":{},"firstperson_righthand":{},"thirdperson_lefthand":{},"firstperson_lefthand":{},"fixed":{},"ground":{},"thirdperson_righthand":{},"gui":{"rotation":[-150.0,-45.0,180.0]}},"elements":[{"from":[5.4975,6.922,7.9615],"to":[7.6535,9.077999,8.0385],"faces":{"east":{"uv":[2.0,14.0,2.25,15.0],"texture":"#0","tintindex":0},"south":{"uv":[12.0,10.0,13.0,11.0],"texture":"#0","tintindex":0},"north":{"uv":[10.0,12.0,11.0,13.0],"texture":"#0","tintindex":0},"west":{"uv":[14.0,2.0,14.25,3.0],"texture":"#0","tintindex":0},"up":{"uv":[3.5,14.25,2.5,14.0],"texture":"#0","tintindex":0},"down":{"uv":[15.0,3.0,14.0,3.25],"texture":"#0","tintindex":0}}},{"from":[8.3465,6.922,7.9615],"to":[10.502501,9.077999,8.0385],"faces":{"east":{"uv":[3.5,14.0,3.75,15.0],"texture":"#0","tintindex":0},"south":{"uv":[12.0,11.0,13.0,12.0],"texture":"#0","tintindex":0},"north":{"uv":[11.0,12.0,12.0,13.0],"texture":"#0","tintindex":0},"west":{"uv":[14.0,3.5,14.25,4.5],"texture":"#0","tintindex":0},"up":{"uv":[5.0,14.25,4.0,14.0],"texture":"#0","tintindex":0},"down":{"uv":[15.0,4.5,14.0,4.75],"texture":"#0","tintindex":0}}}],"textures":{"particle":"#0","0":"modelengine:entity/tnt_cubee"}}