{"display":{"head":{},"firstperson_righthand":{},"thirdperson_lefthand":{},"firstperson_lefthand":{},"fixed":{},"ground":{},"thirdperson_righthand":{},"gui":{"rotation":[-150.0,-45.0,180.0]}},"elements":[{"from":[7.2973747,5.896062,7.297375],"to":[8.702625,8.003938,8.702625],"faces":{"east":{"uv":[4.0,13.0,4.75,14.0],"texture":"#0","tintindex":0},"south":{"uv":[5.0,13.0,5.75,14.0],"texture":"#0","tintindex":0},"north":{"uv":[3.0,13.0,3.75,14.0],"texture":"#0","tintindex":0},"west":{"uv":[6.0,13.0,6.75,14.0],"texture":"#0","tintindex":0},"up":{"uv":[13.75,12.75,13.0,12.0],"texture":"#0","tintindex":0},"down":{"uv":[13.75,13.0,13.0,13.75],"texture":"#0","tintindex":0}}}],"textures":{"particle":"#0","0":"modelengine:entity/tnt_cubee"}}