{"display":{"head":{},"firstperson_righthand":{},"thirdperson_lefthand":{},"firstperson_lefthand":{},"fixed":{},"ground":{},"thirdperson_righthand":{},"gui":{"rotation":[-150.0,-45.0,180.0]}},"elements":[{"from":[7.3210626,7.2973747,7.297375],"to":[9.428938,8.702624,8.702625],"faces":{"east":{"uv":[0.0,14.0,0.75,14.75],"texture":"#0","tintindex":0},"south":{"uv":[10.0,13.0,11.0,13.75],"texture":"#0","tintindex":0},"north":{"uv":[13.0,9.0,14.0,9.75],"texture":"#0","tintindex":0},"west":{"uv":[14.0,0.0,14.75,0.75],"texture":"#0","tintindex":0},"up":{"uv":[14.0,10.75,13.0,10.0],"texture":"#0","tintindex":0},"down":{"uv":[12.0,13.0,11.0,13.75],"texture":"#0","tintindex":0}}}],"textures":{"particle":"#0","0":"modelengine:entity/tnt_cubee"}}