{"display":{"head":{},"firstperson_righthand":{},"thirdperson_lefthand":{},"firstperson_lefthand":{},"fixed":{},"ground":{},"thirdperson_righthand":{},"gui":{"rotation":[-150.0,-45.0,180.0]}},"elements":[{"from":[13.0,18.0,12.0],"to":[3.0,6.0,4.0],"faces":{"east":{"uv":[2.5,11.25,3.5,9.25],"texture":"#2","tintindex":0},"south":{"uv":[1.0,11.25,2.5,9.25],"texture":"#2","tintindex":0},"north":{"uv":[3.5,11.25,5.0,9.25],"texture":"#2","tintindex":0},"west":{"uv":[0.0,11.25,1.0,9.25],"texture":"#2","tintindex":0},"up":{"uv":[2.5,8.25,4.0,9.25],"texture":"#2","tintindex":0},"down":{"uv":[1.0,9.25,2.5,8.25],"texture":"#2","tintindex":0}}},{"from":[3.0,6.0,4.0],"to":[13.0,18.0,12.0],"faces":{"east":{"uv":[0.0,9.25,1.0,11.25],"texture":"#2","tintindex":0},"south":{"uv":[3.5,9.25,5.0,11.25],"texture":"#2","tintindex":0},"north":{"uv":[1.0,9.25,2.5,11.25],"texture":"#2","tintindex":0},"west":{"uv":[2.5,9.25,3.5,11.25],"texture":"#2","tintindex":0},"up":{"uv":[2.5,9.25,1.0,8.25],"texture":"#2","tintindex":0},"down":{"uv":[4.0,8.25,2.5,9.25],"texture":"#2","tintindex":0}}}],"textures":{"particle":"#2","2":"modelengine:entity/creeper_armor_1"}}