{"display":{"head":{},"firstperson_righthand":{},"thirdperson_lefthand":{},"firstperson_lefthand":{},"fixed":{},"ground":{},"thirdperson_righthand":{},"gui":{"rotation":[-150.0,-45.0,180.0]}},"elements":[{"from":[2.0,6.0,2.0],"to":[14.0,18.0,14.0],"faces":{"east":{"uv":[5.0,8.25,7.0,10.25],"texture":"#2","tintindex":0},"south":{"uv":[11.0,8.25,13.0,10.25],"texture":"#2","tintindex":0},"north":{"uv":[7.0,8.25,9.0,10.25],"texture":"#2","tintindex":0},"west":{"uv":[9.0,8.25,11.0,10.25],"texture":"#2","tintindex":0},"up":{"uv":[9.0,8.25,7.0,6.25],"texture":"#2","tintindex":0},"down":{"uv":[11.0,6.25,9.0,8.25],"texture":"#2","tintindex":0}}},{"from":[14.0,18.0,14.0],"to":[2.0,6.0,2.0],"faces":{"east":{"uv":[9.0,10.25,11.0,8.25],"texture":"#2","tintindex":0},"south":{"uv":[7.0,10.25,9.0,8.25],"texture":"#2","tintindex":0},"north":{"uv":[11.0,10.25,13.0,8.25],"texture":"#2","tintindex":0},"west":{"uv":[5.0,10.25,7.0,8.25],"texture":"#2","tintindex":0},"up":{"uv":[9.0,6.25,11.0,8.25],"texture":"#2","tintindex":0},"down":{"uv":[7.0,8.25,9.0,6.25],"texture":"#2","tintindex":0}}}],"textures":{"particle":"#2","2":"modelengine:entity/creeper_armor_1"}}