{"display":{"head":{},"firstperson_righthand":{},"thirdperson_lefthand":{},"firstperson_lefthand":{},"fixed":{},"ground":{},"thirdperson_righthand":{},"gui":{"rotation":[-150.0,-45.0,180.0]}},"elements":[{"from":[4.0,8.0,4.0],"to":[12.0,16.0,12.0],"faces":{"east":{"uv":[5.0,8.25,7.0,10.25],"texture":"#0","tintindex":0},"south":{"uv":[11.0,8.25,13.0,10.25],"texture":"#0","tintindex":0},"north":{"uv":[7.0,8.25,9.0,10.25],"texture":"#0","tintindex":0},"west":{"uv":[9.0,8.25,11.0,10.25],"texture":"#0","tintindex":0},"up":{"uv":[9.0,8.25,7.0,6.25],"texture":"#0","tintindex":0},"down":{"uv":[11.0,6.25,9.0,8.25],"texture":"#0","tintindex":0}}},{"from":[1.0,17.0,3.0],"to":[15.0,25.0,3.0],"faces":{"south":{"uv":[7.5,0.0,11.0,2.0],"texture":"#0","tintindex":0},"north":{"uv":[11.0,0.0,7.5,2.0],"texture":"#0","tintindex":0}}},{"from":[1.0,17.0,13.0],"to":[15.0,25.0,13.0],"faces":{"south":{"uv":[10.5,4.25,14.0,6.25],"texture":"#0","tintindex":0},"north":{"uv":[14.0,4.25,10.5,6.25],"texture":"#0","tintindex":0}}},{"from":[13.0,17.0,1.0],"to":[13.0,25.0,15.0],"faces":{"east":{"uv":[0.0,4.25,3.5,6.25],"texture":"#0","tintindex":0},"west":{"uv":[3.5,4.25,0.0,6.25],"texture":"#0","tintindex":0}}},{"from":[3.0,10.0,3.0],"to":[13.0,17.0,13.0],"faces":{"east":{"uv":[0.0,2.5,2.5,4.25],"texture":"#0","tintindex":0},"south":{"uv":[7.5,2.5,10.0,4.25],"texture":"#0","tintindex":0},"north":{"uv":[2.5,2.5,5.0,4.25],"texture":"#0","tintindex":0},"west":{"uv":[5.0,2.5,7.5,4.25],"texture":"#0","tintindex":0},"up":{"uv":[5.0,2.5,2.5,0.0],"texture":"#0","tintindex":0},"down":{"uv":[7.5,0.0,5.0,2.5],"texture":"#0","tintindex":0}}},{"from":[3.0,17.0,1.0],"to":[3.0,25.0,15.0],"faces":{"east":{"uv":[7.0,6.25,3.5,8.25],"texture":"#0","tintindex":0},"west":{"uv":[3.5,6.25,7.0,8.25],"texture":"#0","tintindex":0}}}],"textures":{"particle":"#0","0":"modelengine:entity/jungle_creeper"}}