{"display":{"head":{},"firstperson_righthand":{},"thirdperson_lefthand":{},"firstperson_lefthand":{},"fixed":{},"ground":{},"thirdperson_righthand":{},"gui":{"rotation":[-150.0,-45.0,180.0]}},"elements":[{"from":[12.0,10.0,12.0],"to":[4.0,1.0,4.0],"faces":{"east":{"uv":[2.0,13.5,3.0,12.25],"texture":"#2","tintindex":0},"south":{"uv":[1.0,13.5,2.0,12.25],"texture":"#2","tintindex":0},"north":{"uv":[3.0,13.5,4.0,12.25],"texture":"#2","tintindex":0},"west":{"uv":[0.0,13.5,1.0,12.25],"texture":"#2","tintindex":0},"up":{"uv":[2.0,11.25,3.0,12.25],"texture":"#2","tintindex":0},"down":{"uv":[1.0,12.25,2.0,11.25],"texture":"#2","tintindex":0}}},{"from":[4.0,1.0,4.0],"to":[12.0,10.0,12.0],"faces":{"east":{"uv":[0.0,12.25,1.0,13.5],"texture":"#2","tintindex":0},"south":{"uv":[3.0,12.25,4.0,13.5],"texture":"#2","tintindex":0},"north":{"uv":[1.0,12.25,2.0,13.5],"texture":"#2","tintindex":0},"west":{"uv":[2.0,12.25,3.0,13.5],"texture":"#2","tintindex":0},"up":{"uv":[2.0,12.25,1.0,11.25],"texture":"#2","tintindex":0},"down":{"uv":[3.0,11.25,2.0,12.25],"texture":"#2","tintindex":0}}}],"textures":{"particle":"#2","2":"modelengine:entity/creeper_armor_1"}}