{"display":{"head":{},"firstperson_righthand":{},"thirdperson_lefthand":{},"firstperson_lefthand":{},"fixed":{},"ground":{},"thirdperson_righthand":{},"gui":{"rotation":[-150.0,-45.0,180.0]}},"elements":[{"from":[12.0,10.0,12.0],"to":[4.0,1.0,4.0],"faces":{"east":{"uv":[10.0,12.5,11.0,11.25],"texture":"#2","tintindex":0},"south":{"uv":[9.0,12.5,10.0,11.25],"texture":"#2","tintindex":0},"north":{"uv":[11.0,12.5,12.0,11.25],"texture":"#2","tintindex":0},"west":{"uv":[8.0,12.5,9.0,11.25],"texture":"#2","tintindex":0},"up":{"uv":[10.0,10.25,11.0,11.25],"texture":"#2","tintindex":0},"down":{"uv":[9.0,11.25,10.0,10.25],"texture":"#2","tintindex":0}}},{"from":[4.0,1.0,4.0],"to":[12.0,10.0,12.0],"faces":{"east":{"uv":[8.0,11.25,9.0,12.5],"texture":"#2","tintindex":0},"south":{"uv":[11.0,11.25,12.0,12.5],"texture":"#2","tintindex":0},"north":{"uv":[9.0,11.25,10.0,12.5],"texture":"#2","tintindex":0},"west":{"uv":[10.0,11.25,11.0,12.5],"texture":"#2","tintindex":0},"up":{"uv":[10.0,11.25,9.0,10.25],"texture":"#2","tintindex":0},"down":{"uv":[11.0,10.25,10.0,11.25],"texture":"#2","tintindex":0}}}],"textures":{"particle":"#2","2":"modelengine:entity/creeper_armor_1"}}