{"display":{"head":{},"firstperson_righthand":{},"thirdperson_lefthand":{},"firstperson_lefthand":{},"fixed":{},"ground":{},"thirdperson_righthand":{},"gui":{"rotation":[-150.0,-45.0,180.0]}},"elements":[{"from":[6.0,3.0,6.0],"to":[10.0,8.0,10.0],"faces":{"east":{"uv":[4.0,11.25,5.0,12.5],"texture":"#0","tintindex":0},"south":{"uv":[7.0,11.25,8.0,12.5],"texture":"#0","tintindex":0},"north":{"uv":[5.0,11.25,6.0,12.5],"texture":"#0","tintindex":0},"west":{"uv":[6.0,11.25,7.0,12.5],"texture":"#0","tintindex":0},"up":{"uv":[6.0,11.25,5.0,10.25],"texture":"#0","tintindex":0},"down":{"uv":[7.0,10.25,6.0,11.25],"texture":"#0","tintindex":0}}}],"textures":{"particle":"#0","0":"modelengine:entity/jungle_creeper"}}