{"display":{"head":{},"firstperson_righthand":{},"thirdperson_lefthand":{},"firstperson_lefthand":{},"fixed":{},"ground":{},"thirdperson_righthand":{},"gui":{"rotation":[-150.0,-45.0,180.0]}},"elements":[{"from":[12.0,10.0,12.0],"to":[4.0,1.0,4.0],"faces":{"east":{"uv":[12.0,4.25,13.0,3.0],"texture":"#2","tintindex":0},"south":{"uv":[11.0,4.25,12.0,3.0],"texture":"#2","tintindex":0},"north":{"uv":[13.0,4.25,14.0,3.0],"texture":"#2","tintindex":0},"west":{"uv":[10.0,4.25,11.0,3.0],"texture":"#2","tintindex":0},"up":{"uv":[12.0,2.0,13.0,3.0],"texture":"#2","tintindex":0},"down":{"uv":[11.0,3.0,12.0,2.0],"texture":"#2","tintindex":0}}},{"from":[4.0,1.0,4.0],"to":[12.0,10.0,12.0],"faces":{"east":{"uv":[10.0,3.0,11.0,4.25],"texture":"#2","tintindex":0},"south":{"uv":[13.0,3.0,14.0,4.25],"texture":"#2","tintindex":0},"north":{"uv":[11.0,3.0,12.0,4.25],"texture":"#2","tintindex":0},"west":{"uv":[12.0,3.0,13.0,4.25],"texture":"#2","tintindex":0},"up":{"uv":[12.0,3.0,11.0,2.0],"texture":"#2","tintindex":0},"down":{"uv":[13.0,2.0,12.0,3.0],"texture":"#2","tintindex":0}}}],"textures":{"particle":"#2","2":"modelengine:entity/creeper_armor_1"}}