{"display":{"head":{},"firstperson_righthand":{},"thirdperson_lefthand":{},"firstperson_lefthand":{},"fixed":{},"ground":{},"thirdperson_righthand":{},"gui":{"rotation":[-150.0,-45.0,180.0]}},"elements":[{"from":[17.247719,10.933466,12.864848],"to":[17.28772,22.933466,24.864847],"rotation":{"origin":[16.28772,17.933466,17.714848],"axis":"y","angle":45.0},"faces":{"east":{"uv":[0.0,0.0,12.0,12.0],"texture":"#1","tintindex":0},"west":{"uv":[12.0,0.0,0.0,12.0],"texture":"#1","tintindex":0}}},{"from":[3.0,6.933466,3.1590276],"to":[13.0,16.933466,13.159027],"faces":{"east":{"uv":[0.0,5.5,5.0,10.5],"texture":"#0","tintindex":0},"south":{"uv":[5.5,0.0,10.5,5.0],"texture":"#0","tintindex":0},"north":{"uv":[0.0,0.0,5.0,5.0],"texture":"#0","tintindex":0},"west":{"uv":[5.0,5.5,0.0,10.5],"texture":"#0","tintindex":0},"up":{"uv":[10.5,10.5,5.5,5.5],"texture":"#0","tintindex":0},"down":{"uv":[5.0,11.0,0.0,16.0],"texture":"#0","tintindex":0}}},{"from":[-1.2877197,10.933466,12.864848],"to":[-1.2477198,22.933466,24.864847],"rotation":{"origin":[-0.28771973,17.933466,17.714848],"axis":"y","angle":-45.0},"faces":{"east":{"uv":[0.0,0.0,12.0,12.0],"texture":"#1","tintindex":0},"west":{"uv":[12.0,0.0,0.0,12.0],"texture":"#1","tintindex":0}}},{"from":[13.4,17.333466,13.559027],"to":[2.6,6.533466,2.7590275],"faces":{"east":{"uv":[13.5,8.0,14.5,9.0],"texture":"#0","tintindex":0},"south":{"uv":[13.5,8.0,14.5,9.0],"texture":"#0","tintindex":0},"north":{"uv":[13.5,8.0,14.5,9.0],"texture":"#0","tintindex":0},"west":{"uv":[13.5,8.0,14.5,9.0],"texture":"#0","tintindex":0},"up":{"uv":[13.5,8.0,14.5,9.0],"texture":"#0","tintindex":0},"down":{"uv":[13.5,8.0,14.5,9.0],"texture":"#0","tintindex":0}}},{"from":[2.0,1.3957462,9.364848],"to":[14.0,1.4357462,21.36485],"rotation":{"origin":[-3.0,-1.3542538,17.714848],"axis":"x","angle":45.0},"faces":{"up":{"uv":[0.0,0.0,12.0,12.0],"texture":"#1","rotation":270,"tintindex":0},"down":{"uv":[12.0,0.0,0.0,12.0],"texture":"#1","rotation":270,"tintindex":0}}}],"textures":{"particle":"#1","0":"modelengine:entity/cubee_end_pearl","1":"modelengine:entity/end_particle"}}