{"display":{"head":{},"firstperson_righthand":{},"thirdperson_lefthand":{},"firstperson_lefthand":{},"fixed":{},"ground":{},"thirdperson_righthand":{},"gui":{"rotation":[-150.0,-45.0,180.0]}},"elements":[{"from":[5.0,6.5,6.5],"to":[8.0,9.5,9.5],"faces":{"east":{"uv":[15.0,2.0,13.5,3.5],"texture":"#0","tintindex":0},"south":{"uv":[13.0,7.5,11.5,9.0],"texture":"#0","tintindex":0},"north":{"uv":[7.5,11.0,6.0,12.5],"texture":"#0","tintindex":0},"west":{"uv":[15.0,0.0,13.5,1.5],"texture":"#0","tintindex":0},"up":{"uv":[8.0,12.5,9.5,11.0],"texture":"#0","tintindex":0},"down":{"uv":[11.0,9.5,12.5,11.0],"texture":"#0","tintindex":0}}},{"from":[8.3,9.8,9.8],"to":[4.7,6.2,6.2],"faces":{"east":{"uv":[13.5,8.0,14.5,9.0],"texture":"#0","tintindex":0},"south":{"uv":[13.5,8.0,14.5,9.0],"texture":"#0","tintindex":0},"north":{"uv":[13.5,8.0,14.5,9.0],"texture":"#0","tintindex":0},"west":{"uv":[13.5,8.0,14.5,9.0],"texture":"#0","tintindex":0},"up":{"uv":[13.5,8.0,14.5,9.0],"texture":"#0","tintindex":0},"down":{"uv":[13.5,8.0,14.5,9.0],"texture":"#0","tintindex":0}}}],"textures":{"particle":"#0","0":"modelengine:entity/cubee_end_pearl"}}