{"display":{"head":{},"firstperson_righthand":{},"thirdperson_lefthand":{},"firstperson_lefthand":{},"fixed":{},"ground":{},"thirdperson_righthand":{},"gui":{"rotation":[-150.0,-45.0,180.0]}},"elements":[{"from":[10.3,10.3,10.3],"to":[5.7,5.7,5.7],"faces":{"east":{"uv":[13.5,8.0,14.5,9.0],"texture":"#0","tintindex":0},"south":{"uv":[13.5,8.0,14.5,9.0],"texture":"#0","tintindex":0},"north":{"uv":[13.5,8.0,14.5,9.0],"texture":"#0","tintindex":0},"west":{"uv":[13.5,8.0,14.5,9.0],"texture":"#0","tintindex":0},"up":{"uv":[14.5,9.0,13.5,8.0],"texture":"#0","tintindex":0},"down":{"uv":[14.5,9.0,13.5,8.0],"texture":"#0","tintindex":0}}},{"from":[6.0,6.0,6.0],"to":[10.0,10.0,10.0],"faces":{"east":{"uv":[11.0,0.0,13.0,2.0],"texture":"#0","tintindex":0},"south":{"uv":[11.0,0.0,13.0,2.0],"texture":"#0","tintindex":0},"north":{"uv":[11.0,0.0,13.0,2.0],"texture":"#0","tintindex":0},"west":{"uv":[11.0,0.0,13.0,2.0],"texture":"#0","tintindex":0},"up":{"uv":[11.0,2.5,13.0,4.5],"texture":"#0","tintindex":0},"down":{"uv":[11.0,7.0,13.0,5.0],"texture":"#0","tintindex":0}}}],"textures":{"particle":"#0","0":"modelengine:entity/cubee_end_pearl"}}