{"display":{"head":{},"firstperson_righthand":{},"thirdperson_lefthand":{},"firstperson_lefthand":{},"fixed":{},"ground":{},"thirdperson_righthand":{},"gui":{"rotation":[-150.0,-45.0,180.0]}},"elements":[{"from":[6.5,5.0,7.5],"to":[9.5,8.0,10.5],"faces":{"east":{"uv":[12.5,12.0,14.0,13.5],"texture":"#0","tintindex":0},"south":{"uv":[5.5,13.5,7.0,15.0],"texture":"#0","tintindex":0},"north":{"uv":[10.5,12.0,12.0,13.5],"texture":"#0","tintindex":0},"west":{"uv":[7.5,13.5,9.0,15.0],"texture":"#0","tintindex":0},"up":{"uv":[15.0,5.5,13.5,4.0],"texture":"#0","tintindex":0},"down":{"uv":[15.0,6.0,13.5,7.5],"texture":"#0","tintindex":0}}},{"from":[9.8,8.3,10.8],"to":[6.2,4.7,7.2],"faces":{"east":{"uv":[14.5,8.0,13.5,9.0],"texture":"#0","tintindex":0},"south":{"uv":[14.5,8.0,13.5,9.0],"texture":"#0","tintindex":0},"north":{"uv":[14.5,8.0,13.5,9.0],"texture":"#0","tintindex":0},"west":{"uv":[14.5,8.0,13.5,9.0],"texture":"#0","tintindex":0},"up":{"uv":[14.5,8.0,13.5,9.0],"texture":"#0","tintindex":0},"down":{"uv":[14.5,8.0,13.5,9.0],"texture":"#0","tintindex":0}}}],"textures":{"particle":"#0","0":"modelengine:entity/cubee_end_pearl"}}