{"display":{"head":{},"firstperson_righthand":{},"thirdperson_lefthand":{},"firstperson_lefthand":{},"fixed":{},"ground":{},"thirdperson_righthand":{},"gui":{"rotation":[-150.0,-45.0,180.0]}},"elements":[{"from":[11.3,9.8,9.8],"to":[7.7,6.2,6.2],"faces":{"east":{"uv":[14.5,8.0,13.5,9.0],"texture":"#0","tintindex":0},"south":{"uv":[14.5,8.0,13.5,9.0],"texture":"#0","tintindex":0},"north":{"uv":[14.5,8.0,13.5,9.0],"texture":"#0","tintindex":0},"west":{"uv":[14.5,8.0,13.5,9.0],"texture":"#0","tintindex":0},"up":{"uv":[14.5,8.0,13.5,9.0],"texture":"#0","tintindex":0},"down":{"uv":[14.5,8.0,13.5,9.0],"texture":"#0","tintindex":0}}},{"from":[8.0,6.5,6.5],"to":[11.0,9.5,9.5],"faces":{"east":{"uv":[13.5,0.0,15.0,1.5],"texture":"#0","tintindex":0},"south":{"uv":[11.5,7.5,13.0,9.0],"texture":"#0","tintindex":0},"north":{"uv":[6.0,11.0,7.5,12.5],"texture":"#0","tintindex":0},"west":{"uv":[13.5,2.0,15.0,3.5],"texture":"#0","tintindex":0},"up":{"uv":[9.5,12.5,8.0,11.0],"texture":"#0","tintindex":0},"down":{"uv":[12.5,9.5,11.0,11.0],"texture":"#0","tintindex":0}}}],"textures":{"particle":"#0","0":"modelengine:entity/cubee_end_pearl"}}