{"display":{"head":{},"firstperson_righthand":{},"thirdperson_lefthand":{},"firstperson_lefthand":{},"fixed":{},"ground":{},"thirdperson_righthand":{},"gui":{"rotation":[-150.0,-45.0,180.0]}},"elements":[{"from":[4.5,7.0,5.5],"to":[11.5,20.5,10.5],"faces":{"east":{"uv":[0.0,1.5,1.5,7.25],"texture":"#2","tintindex":0},"south":{"uv":[5.5,1.5,8.0,7.25],"texture":"#2","tintindex":0},"north":{"uv":[1.5,1.5,4.0,7.25],"texture":"#2","tintindex":0},"west":{"uv":[4.0,1.5,5.5,7.25],"texture":"#2","tintindex":0},"up":{"uv":[4.0,1.5,1.5,0.0],"texture":"#2","tintindex":0},"down":{"uv":[6.5,0.0,4.0,1.5],"texture":"#2","tintindex":0}}},{"from":[11.5,20.5,10.5],"to":[4.5,7.0,5.5],"faces":{"east":{"uv":[4.0,7.25,5.5,1.5],"texture":"#2","tintindex":0},"south":{"uv":[1.5,7.25,4.0,1.5],"texture":"#2","tintindex":0},"north":{"uv":[5.5,7.25,8.0,1.5],"texture":"#2","tintindex":0},"west":{"uv":[0.0,7.25,1.5,1.5],"texture":"#2","tintindex":0},"up":{"uv":[4.0,0.0,6.5,1.5],"texture":"#2","tintindex":0},"down":{"uv":[1.5,1.5,4.0,0.0],"texture":"#2","tintindex":0}}}],"textures":{"particle":"#2","2":"modelengine:entity/creeper_armor_2"}}