{"display":{"head":{},"firstperson_righthand":{},"thirdperson_lefthand":{},"firstperson_lefthand":{},"fixed":{},"ground":{},"thirdperson_righthand":{},"gui":{"rotation":[-150.0,-45.0,180.0]}},"elements":[{"from":[5.5,8.0,6.5],"to":[10.5,19.5,9.5],"faces":{"east":{"uv":[0.0,1.5,1.5,7.25],"texture":"#0","tintindex":0},"south":{"uv":[5.5,1.5,8.0,7.25],"texture":"#0","tintindex":0},"north":{"uv":[1.5,1.5,4.0,7.25],"texture":"#0","tintindex":0},"west":{"uv":[4.0,1.5,5.5,7.25],"texture":"#0","tintindex":0},"up":{"uv":[4.0,1.5,1.5,0.0],"texture":"#0","tintindex":0},"down":{"uv":[6.5,0.0,4.0,1.5],"texture":"#0","tintindex":0}}},{"from":[5.0,18.5,8.0],"to":[11.5,22.5,8.0],"faces":{"south":{"uv":[3.25,7.25,0.0,9.25],"texture":"#0","tintindex":0},"north":{"uv":[0.0,7.25,3.25,9.25],"texture":"#0","tintindex":0}}}],"textures":{"particle":"#0","0":"modelengine:entity/hills_creeper"}}