{"display":{"head":{},"firstperson_righthand":{},"thirdperson_lefthand":{},"firstperson_lefthand":{},"fixed":{},"ground":{},"thirdperson_righthand":{},"gui":{"rotation":[-150.0,-45.0,180.0]}},"elements":[{"from":[12.0,10.0,13.0],"to":[4.0,0.0,5.0],"faces":{"east":{"uv":[7.5,11.25,8.5,9.75],"texture":"#2","tintindex":0},"south":{"uv":[6.5,11.25,7.5,9.75],"texture":"#2","tintindex":0},"north":{"uv":[8.5,11.25,9.5,9.75],"texture":"#2","tintindex":0},"west":{"uv":[5.5,11.25,6.5,9.75],"texture":"#2","tintindex":0},"up":{"uv":[7.5,8.75,8.5,9.75],"texture":"#2","tintindex":0},"down":{"uv":[6.5,9.75,7.5,8.75],"texture":"#2","tintindex":0}}},{"from":[4.0,0.0,5.0],"to":[12.0,10.0,13.0],"faces":{"east":{"uv":[5.5,9.75,6.5,11.25],"texture":"#2","tintindex":0},"south":{"uv":[8.5,9.75,9.5,11.25],"texture":"#2","tintindex":0},"north":{"uv":[6.5,9.75,7.5,11.25],"texture":"#2","tintindex":0},"west":{"uv":[7.5,9.75,8.5,11.25],"texture":"#2","tintindex":0},"up":{"uv":[7.5,9.75,6.5,8.75],"texture":"#2","tintindex":0},"down":{"uv":[8.5,8.75,7.5,9.75],"texture":"#2","tintindex":0}}}],"textures":{"particle":"#2","2":"modelengine:entity/creeper_armor_2"}}