{"display":{"head":{},"firstperson_righthand":{},"thirdperson_lefthand":{},"firstperson_lefthand":{},"fixed":{},"ground":{},"thirdperson_righthand":{},"gui":{"rotation":[-150.0,-45.0,180.0]}},"elements":[{"from":[6.0,2.0,7.0],"to":[10.0,8.0,11.0],"faces":{"east":{"uv":[5.5,9.75,6.5,11.25],"texture":"#0","tintindex":0},"south":{"uv":[8.5,9.75,9.5,11.25],"texture":"#0","tintindex":0},"north":{"uv":[6.5,9.75,7.5,11.25],"texture":"#0","tintindex":0},"west":{"uv":[7.5,9.75,8.5,11.25],"texture":"#0","tintindex":0},"up":{"uv":[7.5,9.75,6.5,8.75],"texture":"#0","tintindex":0},"down":{"uv":[8.5,8.75,7.5,9.75],"texture":"#0","tintindex":0}}}],"textures":{"particle":"#0","0":"modelengine:entity/hills_creeper"}}