{"display":{"head":{},"firstperson_righthand":{},"thirdperson_lefthand":{},"firstperson_lefthand":{},"fixed":{},"ground":{},"thirdperson_righthand":{},"gui":{"rotation":[-150.0,-45.0,180.0]}},"elements":[{"from":[12.0,10.0,13.0],"to":[4.0,0.0,5.0],"faces":{"east":{"uv":[10.0,5.0,11.0,3.5],"texture":"#2","tintindex":0},"south":{"uv":[9.0,5.0,10.0,3.5],"texture":"#2","tintindex":0},"north":{"uv":[11.0,5.0,12.0,3.5],"texture":"#2","tintindex":0},"west":{"uv":[8.0,5.0,9.0,3.5],"texture":"#2","tintindex":0},"up":{"uv":[10.0,2.5,11.0,3.5],"texture":"#2","tintindex":0},"down":{"uv":[9.0,3.5,10.0,2.5],"texture":"#2","tintindex":0}}},{"from":[4.0,0.0,5.0],"to":[12.0,10.0,13.0],"faces":{"east":{"uv":[8.0,3.5,9.0,5.0],"texture":"#2","tintindex":0},"south":{"uv":[11.0,3.5,12.0,5.0],"texture":"#2","tintindex":0},"north":{"uv":[9.0,3.5,10.0,5.0],"texture":"#2","tintindex":0},"west":{"uv":[10.0,3.5,11.0,5.0],"texture":"#2","tintindex":0},"up":{"uv":[10.0,3.5,9.0,2.5],"texture":"#2","tintindex":0},"down":{"uv":[11.0,2.5,10.0,3.5],"texture":"#2","tintindex":0}}}],"textures":{"particle":"#2","2":"modelengine:entity/creeper_armor_2"}}