{"display":{"head":{},"firstperson_righthand":{},"thirdperson_lefthand":{},"firstperson_lefthand":{},"fixed":{},"ground":{},"thirdperson_righthand":{},"gui":{"rotation":[-150.0,-45.0,180.0]}},"elements":[{"from":[12.0,10.0,11.0],"to":[4.0,0.0,3.0],"faces":{"east":{"uv":[9.0,8.75,10.0,7.25],"texture":"#2","tintindex":0},"south":{"uv":[8.0,8.75,9.0,7.25],"texture":"#2","tintindex":0},"north":{"uv":[10.0,8.75,11.0,7.25],"texture":"#2","tintindex":0},"west":{"uv":[7.0,8.75,8.0,7.25],"texture":"#2","tintindex":0},"up":{"uv":[9.0,6.25,10.0,7.25],"texture":"#2","tintindex":0},"down":{"uv":[8.0,7.25,9.0,6.25],"texture":"#2","tintindex":0}}},{"from":[4.0,0.0,3.0],"to":[12.0,10.0,11.0],"faces":{"east":{"uv":[7.0,7.25,8.0,8.75],"texture":"#2","tintindex":0},"south":{"uv":[10.0,7.25,11.0,8.75],"texture":"#2","tintindex":0},"north":{"uv":[8.0,7.25,9.0,8.75],"texture":"#2","tintindex":0},"west":{"uv":[9.0,7.25,10.0,8.75],"texture":"#2","tintindex":0},"up":{"uv":[9.0,7.25,8.0,6.25],"texture":"#2","tintindex":0},"down":{"uv":[10.0,6.25,9.0,7.25],"texture":"#2","tintindex":0}}}],"textures":{"particle":"#2","2":"modelengine:entity/creeper_armor_2"}}