{"display":{"head":{},"firstperson_righthand":{},"thirdperson_lefthand":{},"firstperson_lefthand":{},"fixed":{},"ground":{},"thirdperson_righthand":{},"gui":{"rotation":[-150.0,-45.0,180.0]}},"elements":[{"from":[6.0,2.0,5.0],"to":[10.0,8.0,9.0],"faces":{"east":{"uv":[7.0,7.25,8.0,8.75],"texture":"#0","tintindex":0},"south":{"uv":[10.0,7.25,11.0,8.75],"texture":"#0","tintindex":0},"north":{"uv":[8.0,7.25,9.0,8.75],"texture":"#0","tintindex":0},"west":{"uv":[9.0,7.25,10.0,8.75],"texture":"#0","tintindex":0},"up":{"uv":[9.0,7.25,8.0,6.25],"texture":"#0","tintindex":0},"down":{"uv":[10.0,6.25,9.0,7.25],"texture":"#0","tintindex":0}}}],"textures":{"particle":"#0","0":"modelengine:entity/hills_creeper"}}