{"display":{"head":{},"firstperson_righthand":{},"thirdperson_lefthand":{},"firstperson_lefthand":{},"fixed":{},"ground":{},"thirdperson_righthand":{},"gui":{"rotation":[-150.0,-45.0,180.0]}},"elements":[{"from":[25.5,25.5,25.5],"to":[-9.5,-9.5,-9.5],"faces":{"east":{"uv":[10.875,10.25,11.0625,10.0625],"texture":"#0","rotation":180,"tintindex":0},"south":{"uv":[10.875,10.25,11.0625,10.0625],"texture":"#0","rotation":180,"tintindex":0},"north":{"uv":[10.875,10.25,11.0625,10.0625],"texture":"#0","rotation":180,"tintindex":0},"west":{"uv":[10.875,10.25,11.0625,10.0625],"texture":"#0","rotation":180,"tintindex":0},"up":{"uv":[10.875,10.25,11.0625,10.0625],"texture":"#0","rotation":180,"tintindex":0},"down":{"uv":[10.875,10.25,11.0625,10.0625],"texture":"#0","rotation":180,"tintindex":0}}},{"from":[-8.0,-8.0,-8.0],"to":[24.0,24.0,24.0],"faces":{"east":{"uv":[9.875,9.875,10.875,10.875],"texture":"#0","tintindex":0},"south":{"uv":[9.875,9.875,10.875,10.875],"texture":"#0","tintindex":0},"north":{"uv":[9.875,9.875,10.875,10.875],"texture":"#0","tintindex":0},"west":{"uv":[9.875,9.875,10.875,10.875],"texture":"#0","tintindex":0},"up":{"uv":[9.875,9.875,10.875,10.875],"texture":"#0","tintindex":0},"down":{"uv":[9.875,9.875,10.875,10.875],"texture":"#0","tintindex":0}}}],"textures":{"particle":"#0","0":"modelengine:entity/aloc_main"}}