{"display":{"head":{},"firstperson_righthand":{},"thirdperson_lefthand":{},"firstperson_lefthand":{},"fixed":{},"ground":{},"thirdperson_righthand":{},"gui":{"rotation":[-150.0,-45.0,180.0]}},"elements":[{"from":[5.4975,6.922,7.9615],"to":[7.6535,9.077999,8.0385],"faces":{"east":{"uv":[5.5,13.5,5.75,14.5],"texture":"#0","tintindex":0},"south":{"uv":[12.0,10.0,13.0,11.0],"texture":"#0","tintindex":0},"north":{"uv":[12.0,9.0,13.0,10.0],"texture":"#0","tintindex":0},"west":{"uv":[6.0,13.5,6.25,14.5],"texture":"#0","tintindex":0},"up":{"uv":[7.5,13.75,6.5,13.5],"texture":"#0","tintindex":0},"down":{"uv":[8.5,13.5,7.5,13.75],"texture":"#0","tintindex":0}}},{"from":[8.3465,6.922,7.9615],"to":[10.502501,9.077999,8.0385],"faces":{"east":{"uv":[8.5,13.5,8.75,14.5],"texture":"#0","tintindex":0},"south":{"uv":[12.0,12.0,13.0,13.0],"texture":"#0","tintindex":0},"north":{"uv":[12.0,11.0,13.0,12.0],"texture":"#0","tintindex":0},"west":{"uv":[9.0,13.5,9.25,14.5],"texture":"#0","tintindex":0},"up":{"uv":[10.5,13.75,9.5,13.5],"texture":"#0","tintindex":0},"down":{"uv":[11.5,13.5,10.5,13.75],"texture":"#0","tintindex":0}}}],"textures":{"particle":"#0","0":"modelengine:entity/evil_cubee"}}