{"display":{"head":{},"firstperson_righthand":{},"thirdperson_lefthand":{},"firstperson_lefthand":{},"fixed":{},"ground":{},"thirdperson_righthand":{},"gui":{"rotation":[-150.0,-45.0,180.0]}},"elements":[{"from":[4.259533,10.159105,6.9895],"to":[5.630533,12.159105,8.1105],"rotation":{"origin":[5.5325327,11.409105,7.675],"axis":"z","angle":45.0},"faces":{"east":{"uv":[13.5,1.0,14.0,2.0],"texture":"#0","tintindex":0},"south":{"uv":[13.0,5.0,13.75,6.0],"texture":"#0","tintindex":0},"north":{"uv":[13.0,4.0,13.75,5.0],"texture":"#0","tintindex":0},"west":{"uv":[3.0,13.5,3.5,14.5],"texture":"#0","tintindex":0},"up":{"uv":[8.75,3.5,8.0,3.0],"texture":"#0","tintindex":0},"down":{"uv":[3.75,9.0,3.0,9.5],"texture":"#0","tintindex":0}}},{"from":[5.4535,8.379501,5.10675],"to":[8.2035,9.879501,5.10675],"rotation":{"origin":[6.4285,9.529501,5.10675],"axis":"z","angle":-22.5},"faces":{"south":{"uv":[11.0,0.0,12.5,0.75],"texture":"#0","tintindex":0},"north":{"uv":[11.0,1.0,12.5,1.75],"texture":"#0","tintindex":0}}},{"from":[10.9855,10.9855,11.0105],"to":[5.0144997,5.0145006,4.9895],"faces":{"east":{"uv":[4.0,6.5,7.0,9.5],"texture":"#0","tintindex":0},"south":{"uv":[0.0,7.0,3.0,10.0],"texture":"#0","tintindex":0},"north":{"uv":[4.0,3.5,7.0,6.5],"texture":"#0","tintindex":0},"west":{"uv":[7.0,3.5,10.0,6.5],"texture":"#0","tintindex":0},"up":{"uv":[10.0,9.5,7.0,6.5],"texture":"#0","tintindex":0},"down":{"uv":[11.0,0.0,8.0,3.0],"texture":"#0","tintindex":0}}},{"from":[9.369467,11.159105,6.9895],"to":[10.390467,12.159105,8.1105],"rotation":{"origin":[10.467467,11.409105,7.675],"axis":"z","angle":-45.0},"faces":{"east":{"uv":[2.0,14.0,2.5,14.5],"texture":"#0","tintindex":0},"south":{"uv":[14.0,2.0,14.5,2.5],"texture":"#0","tintindex":0},"north":{"uv":[14.0,1.5,14.5,2.0],"texture":"#0","tintindex":0},"west":{"uv":[2.5,14.0,3.0,14.5],"texture":"#0","tintindex":0},"up":{"uv":[14.5,3.0,14.0,2.5],"texture":"#0","tintindex":0},"down":{"uv":[14.5,3.0,14.0,3.5],"texture":"#0","tintindex":0}}},{"from":[5.1895,5.189501,5.1895],"to":[10.8105,10.810501,10.8105],"faces":{"east":{"uv":[6.0,9.5,8.75,12.25],"texture":"#0","tintindex":0},"south":{"uv":[9.0,9.5,11.75,12.25],"texture":"#0","tintindex":0},"north":{"uv":[3.0,9.5,5.75,12.25],"texture":"#0","tintindex":0},"west":{"uv":[0.0,10.0,2.75,12.75],"texture":"#0","tintindex":0},"up":{"uv":[12.75,5.75,10.0,3.0],"texture":"#0","tintindex":0},"down":{"uv":[12.75,6.0,10.0,8.75],"texture":"#0","tintindex":0}}},{"from":[10.369467,10.159105,6.9895],"to":[11.740467,12.159105,8.1105],"rotation":{"origin":[10.467467,11.409105,7.675],"axis":"z","angle":-45.0},"faces":{"east":{"uv":[3.5,13.5,4.0,14.5],"texture":"#0","tintindex":0},"south":{"uv":[13.0,7.0,13.75,8.0],"texture":"#0","tintindex":0},"north":{"uv":[13.0,6.0,13.75,7.0],"texture":"#0","tintindex":0},"west":{"uv":[4.0,13.5,4.5,14.5],"texture":"#0","tintindex":0},"up":{"uv":[9.75,3.5,9.0,3.0],"texture":"#0","tintindex":0},"down":{"uv":[10.75,9.0,10.0,9.5],"texture":"#0","tintindex":0}}},{"from":[7.7965,8.379501,5.10675],"to":[10.5465,9.879501,5.10675],"rotation":{"origin":[9.5715,9.529501,5.10675],"axis":"z","angle":22.5},"faces":{"south":{"uv":[11.0,1.0,12.5,1.75],"texture":"#0","tintindex":0},"north":{"uv":[11.0,0.0,12.5,0.75],"texture":"#0","tintindex":0}}},{"from":[5.609533,11.159105,6.9895],"to":[6.630533,12.159105,8.1105],"rotation":{"origin":[5.5325327,11.409105,7.675],"axis":"z","angle":45.0},"faces":{"east":{"uv":[0.0,14.0,0.5,14.5],"texture":"#0","tintindex":0},"south":{"uv":[0.5,14.0,1.0,14.5],"texture":"#0","tintindex":0},"north":{"uv":[11.5,13.5,12.0,14.0],"texture":"#0","tintindex":0},"west":{"uv":[1.0,14.0,1.5,14.5],"texture":"#0","tintindex":0},"up":{"uv":[14.5,1.5,14.0,1.0],"texture":"#0","tintindex":0},"down":{"uv":[2.0,14.0,1.5,14.5],"texture":"#0","tintindex":0}}}],"textures":{"particle":"#0","0":"modelengine:entity/evil_cubee"}}