{"display":{"head":{},"firstperson_righthand":{},"thirdperson_lefthand":{},"firstperson_lefthand":{},"fixed":{},"ground":{},"thirdperson_righthand":{},"gui":{"rotation":[-150.0,-45.0,180.0]}},"elements":[{"from":[6.571062,7.2973747,7.297375],"to":[8.678938,8.702624,8.702625],"faces":{"east":{"uv":[13.0,8.0,13.75,8.75],"texture":"#0","tintindex":0},"south":{"uv":[12.5,1.0,13.5,1.75],"texture":"#0","tintindex":0},"north":{"uv":[12.5,0.0,13.5,0.75],"texture":"#0","tintindex":0},"west":{"uv":[13.0,9.0,13.75,9.75],"texture":"#0","tintindex":0},"up":{"uv":[4.0,13.25,3.0,12.5],"texture":"#0","tintindex":0},"down":{"uv":[5.0,12.5,4.0,13.25],"texture":"#0","tintindex":0}}}],"textures":{"particle":"#0","0":"modelengine:entity/evil_cubee"}}