{"display":{"head":{},"firstperson_righthand":{},"thirdperson_lefthand":{},"firstperson_lefthand":{},"fixed":{},"ground":{},"thirdperson_righthand":{},"gui":{"rotation":[-150.0,-45.0,180.0]}},"elements":[{"from":[7.3210626,7.2973747,7.297375],"to":[9.428938,8.702624,8.702625],"faces":{"east":{"uv":[13.0,10.0,13.75,10.75],"texture":"#0","tintindex":0},"south":{"uv":[6.0,12.5,7.0,13.25],"texture":"#0","tintindex":0},"north":{"uv":[5.0,12.5,6.0,13.25],"texture":"#0","tintindex":0},"west":{"uv":[13.0,11.0,13.75,11.75],"texture":"#0","tintindex":0},"up":{"uv":[8.0,13.25,7.0,12.5],"texture":"#0","tintindex":0},"down":{"uv":[9.0,12.5,8.0,13.25],"texture":"#0","tintindex":0}}}],"textures":{"particle":"#0","0":"modelengine:entity/evil_cubee"}}