{"display":{"head":{},"firstperson_righthand":{},"thirdperson_lefthand":{},"firstperson_lefthand":{},"fixed":{},"ground":{},"thirdperson_righthand":{},"gui":{"rotation":[-150.0,-45.0,180.0]}},"elements":[{"from":[9.0,13.0,5.0],"to":[12.0,14.0,8.0],"faces":{"east":{"uv":[5.0,14.0,5.75,14.25],"texture":"#0","tintindex":0},"south":{"uv":[7.25,14.0,8.0,14.25],"texture":"#0","tintindex":0},"north":{"uv":[5.75,14.0,6.5,14.25],"texture":"#0","tintindex":0},"west":{"uv":[6.5,14.0,7.25,14.25],"texture":"#0","tintindex":0},"up":{"uv":[6.5,14.0,5.75,13.25],"texture":"#0","tintindex":0},"down":{"uv":[7.25,13.25,6.5,14.0],"texture":"#0","tintindex":0}}},{"from":[5.0,8.0,6.0],"to":[11.0,18.0,10.0],"faces":{"east":{"uv":[0.0,11.5,1.0,14.0],"texture":"#0","tintindex":0},"south":{"uv":[3.5,11.5,5.0,14.0],"texture":"#0","tintindex":0},"north":{"uv":[1.0,11.5,2.5,14.0],"texture":"#0","tintindex":0},"west":{"uv":[2.5,11.5,3.5,14.0],"texture":"#0","tintindex":0},"up":{"uv":[2.5,11.5,1.0,10.5],"texture":"#0","tintindex":0},"down":{"uv":[4.0,10.5,2.5,11.5],"texture":"#0","tintindex":0}}},{"from":[10.0,15.0,5.0],"to":[12.0,16.0,7.0],"faces":{"east":{"uv":[0.0,14.5,0.5,14.75],"texture":"#0","tintindex":0},"south":{"uv":[1.5,14.5,2.0,14.75],"texture":"#0","tintindex":0},"north":{"uv":[0.5,14.5,1.0,14.75],"texture":"#0","tintindex":0},"west":{"uv":[1.0,14.5,1.5,14.75],"texture":"#0","tintindex":0},"up":{"uv":[1.0,14.5,0.5,14.0],"texture":"#0","tintindex":0},"down":{"uv":[1.5,14.0,1.0,14.5],"texture":"#0","tintindex":0}}},{"from":[10.0,11.0,5.0],"to":[12.0,12.0,7.0],"faces":{"east":{"uv":[0.0,14.5,0.5,14.75],"texture":"#0","tintindex":0},"south":{"uv":[1.5,14.5,2.0,14.75],"texture":"#0","tintindex":0},"north":{"uv":[0.5,14.5,1.0,14.75],"texture":"#0","tintindex":0},"west":{"uv":[1.0,14.5,1.5,14.75],"texture":"#0","tintindex":0},"up":{"uv":[1.0,14.5,0.5,14.0],"texture":"#0","tintindex":0},"down":{"uv":[1.5,14.0,1.0,14.5],"texture":"#0","tintindex":0}}}],"textures":{"particle":"#0","0":"modelengine:entity/swamp_creeper"}}