{"display":{"head":{},"firstperson_righthand":{},"thirdperson_lefthand":{},"firstperson_lefthand":{},"fixed":{},"ground":{},"thirdperson_righthand":{},"gui":{"rotation":[-150.0,-45.0,180.0]}},"elements":[{"from":[12.0,10.0,14.0],"to":[4.0,-1.0,6.0],"faces":{"east":{"uv":[13.0,7.0,14.0,5.25],"texture":"#2","tintindex":0},"south":{"uv":[12.0,7.0,13.0,5.25],"texture":"#2","tintindex":0},"north":{"uv":[14.0,7.0,15.0,5.25],"texture":"#2","tintindex":0},"west":{"uv":[11.0,7.0,12.0,5.25],"texture":"#2","tintindex":0},"up":{"uv":[13.0,4.25,14.0,5.25],"texture":"#2","tintindex":0},"down":{"uv":[12.0,5.25,13.0,4.25],"texture":"#2","tintindex":0}}},{"from":[4.0,-1.0,6.0],"to":[12.0,10.0,14.0],"faces":{"east":{"uv":[11.0,5.25,12.0,7.0],"texture":"#2","tintindex":0},"south":{"uv":[14.0,5.25,15.0,7.0],"texture":"#2","tintindex":0},"north":{"uv":[12.0,5.25,13.0,7.0],"texture":"#2","tintindex":0},"west":{"uv":[13.0,5.25,14.0,7.0],"texture":"#2","tintindex":0},"up":{"uv":[13.0,5.25,12.0,4.25],"texture":"#2","tintindex":0},"down":{"uv":[14.0,4.25,13.0,5.25],"texture":"#2","tintindex":0}}}],"textures":{"particle":"#2","2":"modelengine:entity/creeper_armor_1"}}