{"display":{"head":{},"firstperson_righthand":{},"thirdperson_lefthand":{},"firstperson_lefthand":{},"fixed":{},"ground":{},"thirdperson_righthand":{},"gui":{"rotation":[-150.0,-45.0,180.0]}},"elements":[{"from":[6.0,1.0,8.0],"to":[10.0,8.0,12.0],"faces":{"east":{"uv":[11.0,5.25,12.0,7.0],"texture":"#0","tintindex":0},"south":{"uv":[14.0,5.25,15.0,7.0],"texture":"#0","tintindex":0},"north":{"uv":[12.0,5.25,13.0,7.0],"texture":"#0","tintindex":0},"west":{"uv":[13.0,5.25,14.0,7.0],"texture":"#0","tintindex":0},"up":{"uv":[13.0,5.25,12.0,4.25],"texture":"#0","tintindex":0},"down":{"uv":[14.0,4.25,13.0,5.25],"texture":"#0","tintindex":0}}}],"textures":{"particle":"#0","0":"modelengine:entity/swamp_creeper"}}