{"display":{"head":{},"firstperson_righthand":{},"thirdperson_lefthand":{},"firstperson_lefthand":{},"fixed":{},"ground":{},"thirdperson_righthand":{},"gui":{"rotation":[-150.0,-45.0,180.0]}},"elements":[{"from":[6.0,1.0,8.0],"to":[10.0,8.0,12.0],"faces":{"east":{"uv":[9.0,11.5,10.0,13.25],"texture":"#0","tintindex":0},"south":{"uv":[12.0,11.5,13.0,13.25],"texture":"#0","tintindex":0},"north":{"uv":[10.0,11.5,11.0,13.25],"texture":"#0","tintindex":0},"west":{"uv":[11.0,11.5,12.0,13.25],"texture":"#0","tintindex":0},"up":{"uv":[11.0,11.5,10.0,10.5],"texture":"#0","tintindex":0},"down":{"uv":[12.0,10.5,11.0,11.5],"texture":"#0","tintindex":0}}}],"textures":{"particle":"#0","0":"modelengine:entity/swamp_creeper"}}