{"display":{"head":{},"firstperson_righthand":{},"thirdperson_lefthand":{},"firstperson_lefthand":{},"fixed":{},"ground":{},"thirdperson_righthand":{},"gui":{"rotation":[-150.0,-45.0,180.0]}},"elements":[{"from":[4.0,-1.0,6.0],"to":[12.0,10.0,14.0],"faces":{"east":{"uv":[9.0,11.5,10.0,13.25],"texture":"#2","tintindex":0},"south":{"uv":[12.0,11.5,13.0,13.25],"texture":"#2","tintindex":0},"north":{"uv":[10.0,11.5,11.0,13.25],"texture":"#2","tintindex":0},"west":{"uv":[11.0,11.5,12.0,13.25],"texture":"#2","tintindex":0},"up":{"uv":[11.0,11.5,10.0,10.5],"texture":"#2","tintindex":0},"down":{"uv":[12.0,10.5,11.0,11.5],"texture":"#2","tintindex":0}}},{"from":[12.0,10.0,14.0],"to":[4.0,-1.0,6.0],"faces":{"east":{"uv":[11.0,13.25,12.0,11.5],"texture":"#2","tintindex":0},"south":{"uv":[10.0,13.25,11.0,11.5],"texture":"#2","tintindex":0},"north":{"uv":[12.0,13.25,13.0,11.5],"texture":"#2","tintindex":0},"west":{"uv":[9.0,13.25,10.0,11.5],"texture":"#2","tintindex":0},"up":{"uv":[11.0,10.5,12.0,11.5],"texture":"#2","tintindex":0},"down":{"uv":[10.0,11.5,11.0,10.5],"texture":"#2","tintindex":0}}}],"textures":{"particle":"#2","2":"modelengine:entity/creeper_armor_1"}}