{"display":{"head":{},"firstperson_righthand":{},"thirdperson_lefthand":{},"firstperson_lefthand":{},"fixed":{},"ground":{},"thirdperson_righthand":{},"gui":{"rotation":[-150.0,-45.0,180.0]}},"elements":[{"from":[6.0,1.0,4.0],"to":[10.0,8.0,8.0],"faces":{"east":{"uv":[0.0,1.0,1.0,2.75],"texture":"#0","tintindex":0},"south":{"uv":[3.0,1.0,4.0,2.75],"texture":"#0","tintindex":0},"north":{"uv":[1.0,1.0,2.0,2.75],"texture":"#0","tintindex":0},"west":{"uv":[2.0,1.0,3.0,2.75],"texture":"#0","tintindex":0},"up":{"uv":[2.0,1.0,1.0,0.0],"texture":"#0","tintindex":0},"down":{"uv":[3.0,0.0,2.0,1.0],"texture":"#0","tintindex":0}}}],"textures":{"particle":"#0","0":"modelengine:entity/swamp_creeper"}}