{"display":{"head":{},"firstperson_righthand":{},"thirdperson_lefthand":{},"firstperson_lefthand":{},"fixed":{},"ground":{},"thirdperson_righthand":{},"gui":{"rotation":[-150.0,-45.0,180.0]}},"elements":[{"from":[2.0,8.5,2.0],"to":[14.0,13.5,14.0],"faces":{"east":{"uv":[7.75,6.75,10.75,8.0],"texture":"#0","tintindex":0},"south":{"uv":[7.75,6.75,10.75,8.0],"texture":"#0","tintindex":0},"north":{"uv":[7.75,6.75,10.75,8.0],"texture":"#0","tintindex":0},"west":{"uv":[7.75,6.75,10.75,8.0],"texture":"#0","tintindex":0},"up":{"uv":[3.0,3.0,0.0,0.0],"texture":"#0","tintindex":0},"down":{"uv":[3.0,3.25,0.0,6.25],"texture":"#0","tintindex":0}}},{"from":[14.0,13.5,14.0],"to":[2.0,8.5,2.0],"faces":{"east":{"uv":[7.75,8.0,10.75,6.75],"texture":"#0","tintindex":0},"south":{"uv":[7.75,8.0,10.75,6.75],"texture":"#0","tintindex":0},"north":{"uv":[7.75,8.0,10.75,6.75],"texture":"#0","tintindex":0},"west":{"uv":[7.75,8.0,10.75,6.75],"texture":"#0","tintindex":0},"up":{"uv":[0.0,3.25,3.0,6.25],"texture":"#0","tintindex":0},"down":{"uv":[0.0,3.0,3.0,0.0],"texture":"#0","tintindex":0}}},{"from":[14.3,13.8,14.3],"to":[1.7,8.2,1.7],"faces":{"east":{"uv":[9.75,5.25,12.75,6.5],"texture":"#0","tintindex":0},"south":{"uv":[9.75,5.25,12.75,6.5],"texture":"#0","tintindex":0},"north":{"uv":[9.75,5.25,12.75,6.5],"texture":"#0","tintindex":0},"west":{"uv":[9.75,5.25,12.75,6.5],"texture":"#0","tintindex":0},"up":{"uv":[9.5,0.0,10.0,0.5],"texture":"#0","tintindex":0},"down":{"uv":[11.0,6.75,14.0,9.75],"texture":"#0","tintindex":0}}}],"textures":{"particle":"#0","0":"modelengine:entity/cubee_shulker"}}