{"display":{"head":{},"firstperson_righthand":{},"thirdperson_lefthand":{},"firstperson_lefthand":{},"fixed":{},"ground":{},"thirdperson_righthand":{},"gui":{"rotation":[-150.0,-45.0,180.0]}},"elements":[{"from":[4.0,8.0,4.0],"to":[12.0,16.0,12.0],"faces":{"east":{"uv":[6.5,2.25,8.5,4.25],"texture":"#0","tintindex":0},"south":{"uv":[3.25,6.5,5.25,8.5],"texture":"#0","tintindex":0},"north":{"uv":[6.5,0.0,8.5,2.0],"texture":"#0","tintindex":0},"west":{"uv":[8.5,2.25,6.5,4.25],"texture":"#0","tintindex":0},"up":{"uv":[8.5,6.5,6.5,4.5],"texture":"#0","tintindex":0},"down":{"uv":[7.5,6.75,5.5,8.75],"texture":"#0","tintindex":0}}},{"from":[12.3,16.3,12.3],"to":[3.7,7.7,3.7],"faces":{"east":{"uv":[9.5,0.0,10.0,0.5],"texture":"#0","tintindex":0},"south":{"uv":[9.5,0.0,10.0,0.5],"texture":"#0","tintindex":0},"north":{"uv":[9.5,0.0,10.0,0.5],"texture":"#0","tintindex":0},"west":{"uv":[9.5,0.0,10.0,0.5],"texture":"#0","tintindex":0},"up":{"uv":[9.5,0.0,10.0,0.5],"texture":"#0","tintindex":0},"down":{"uv":[9.5,0.0,10.0,0.5],"texture":"#0","tintindex":0}}},{"from":[17.047718,7.5,13.855821],"to":[17.087719,19.5,25.855822],"rotation":{"origin":[16.28772,14.5,17.55582],"axis":"y","angle":45.0},"faces":{"east":{"uv":[0.0,0.0,12.0,12.0],"texture":"#1","tintindex":0},"west":{"uv":[12.0,0.0,0.0,12.0],"texture":"#1","tintindex":0}}},{"from":[-1.087719,7.5,13.855821],"to":[-1.047719,19.5,25.855822],"rotation":{"origin":[-0.28771973,14.5,17.55582],"axis":"y","angle":-45.0},"faces":{"east":{"uv":[0.0,0.0,12.0,12.0],"texture":"#1","tintindex":0},"west":{"uv":[12.0,0.0,0.0,12.0],"texture":"#1","tintindex":0}}},{"from":[2.0,2.9622803,8.205821],"to":[14.0,3.0022802,20.205822],"rotation":{"origin":[-3.0,0.21228027,16.55582],"axis":"x","angle":45.0},"faces":{"up":{"uv":[0.0,0.0,12.0,12.0],"texture":"#1","rotation":270,"tintindex":0},"down":{"uv":[12.0,0.0,0.0,12.0],"texture":"#1","rotation":270,"tintindex":0}}}],"textures":{"particle":"#0","0":"modelengine:entity/cubee_shulker","1":"modelengine:entity/shulker_particle"}}