{"display":{"head":{},"firstperson_righthand":{},"thirdperson_lefthand":{},"firstperson_lefthand":{},"fixed":{},"ground":{},"thirdperson_righthand":{},"gui":{"rotation":[-150.0,-45.0,180.0]}},"elements":[{"from":[5.5,6.5,6.5],"to":[8.5,9.5,9.5],"faces":{"east":{"uv":[2.75,8.5,2.0,9.25],"texture":"#0","tintindex":0},"south":{"uv":[1.75,8.5,1.0,9.25],"texture":"#0","tintindex":0},"north":{"uv":[8.5,8.25,7.75,9.0],"texture":"#0","tintindex":0},"west":{"uv":[0.75,8.5,0.0,9.25],"texture":"#0","tintindex":0},"up":{"uv":[8.75,0.75,9.5,0.0],"texture":"#0","tintindex":0},"down":{"uv":[8.75,1.0,9.5,1.75],"texture":"#0","tintindex":0}}},{"from":[8.8,9.8,9.8],"to":[5.2,6.2,6.2],"faces":{"east":{"uv":[10.0,0.0,9.5,0.5],"texture":"#0","tintindex":0},"south":{"uv":[10.0,0.0,9.5,0.5],"texture":"#0","tintindex":0},"north":{"uv":[10.0,0.0,9.5,0.5],"texture":"#0","tintindex":0},"up":{"uv":[10.0,0.0,9.5,0.5],"texture":"#0","tintindex":0},"down":{"uv":[10.0,0.0,9.5,0.5],"texture":"#0","tintindex":0}}}],"textures":{"particle":"#0","0":"modelengine:entity/cubee_shulker"}}