{"display":{"head":{},"firstperson_righthand":{},"thirdperson_lefthand":{},"firstperson_lefthand":{},"fixed":{},"ground":{},"thirdperson_righthand":{},"gui":{"rotation":[-150.0,-45.0,180.0]}},"elements":[{"from":[9.8,8.8,9.8],"to":[6.2,5.2,6.2],"faces":{"east":{"uv":[9.5,0.0,10.0,0.5],"texture":"#0","tintindex":0},"south":{"uv":[9.5,0.0,10.0,0.5],"texture":"#0","tintindex":0},"north":{"uv":[9.5,0.0,10.0,0.5],"texture":"#0","tintindex":0},"west":{"uv":[9.5,0.0,10.0,0.5],"texture":"#0","tintindex":0},"up":{"uv":[9.5,0.0,10.0,0.5],"texture":"#0","tintindex":0}}},{"from":[6.5,5.5,6.5],"to":[9.5,8.5,9.5],"faces":{"east":{"uv":[3.0,8.75,3.75,9.5],"texture":"#0","tintindex":0},"south":{"uv":[8.75,3.0,9.5,3.75],"texture":"#0","tintindex":0},"north":{"uv":[8.75,2.0,9.5,2.75],"texture":"#0","tintindex":0},"west":{"uv":[4.0,8.75,4.75,9.5],"texture":"#0","tintindex":0},"up":{"uv":[9.5,4.75,8.75,4.0],"texture":"#0","tintindex":0},"down":{"uv":[9.5,5.0,8.75,5.75],"texture":"#0","tintindex":0}}}],"textures":{"particle":"#0","0":"modelengine:entity/cubee_shulker"}}