{"display":{"head":{},"firstperson_righthand":{},"thirdperson_lefthand":{},"firstperson_lefthand":{},"fixed":{},"ground":{},"thirdperson_righthand":{},"gui":{"rotation":[-150.0,-45.0,180.0]}},"elements":[{"from":[10.8,9.8,9.8],"to":[7.2,6.2,6.2],"faces":{"south":{"uv":[9.5,0.0,10.0,0.5],"texture":"#0","tintindex":0},"north":{"uv":[9.5,0.0,10.0,0.5],"texture":"#0","tintindex":0},"west":{"uv":[9.5,0.0,10.0,0.5],"texture":"#0","tintindex":0},"up":{"uv":[9.5,0.0,10.0,0.5],"texture":"#0","tintindex":0},"down":{"uv":[9.5,0.0,10.0,0.5],"texture":"#0","tintindex":0}}},{"from":[7.5,6.5,6.5],"to":[10.5,9.5,9.5],"faces":{"east":{"uv":[0.0,8.5,0.75,9.25],"texture":"#0","tintindex":0},"south":{"uv":[1.0,8.5,1.75,9.25],"texture":"#0","tintindex":0},"north":{"uv":[7.75,8.25,8.5,9.0],"texture":"#0","tintindex":0},"west":{"uv":[2.0,8.5,2.75,9.25],"texture":"#0","tintindex":0},"up":{"uv":[9.5,0.75,8.75,0.0],"texture":"#0","tintindex":0},"down":{"uv":[9.5,1.0,8.75,1.75],"texture":"#0","tintindex":0}}}],"textures":{"particle":"#0","0":"modelengine:entity/cubee_shulker"}}