{"display":{"head":{},"firstperson_righthand":{},"thirdperson_lefthand":{},"firstperson_lefthand":{},"fixed":{},"ground":{},"thirdperson_righthand":{},"gui":{"rotation":[-150.0,-45.0,180.0]}},"elements":[{"from":[2.0,7.5,2.0],"to":[14.0,14.5,14.0],"faces":{"east":{"uv":[0.0,6.5,3.0,8.25],"texture":"#0","tintindex":0},"south":{"uv":[0.0,6.5,3.0,8.25],"texture":"#0","tintindex":0},"north":{"uv":[0.0,6.5,3.0,8.25],"texture":"#0","tintindex":0},"west":{"uv":[0.0,6.5,3.0,8.25],"texture":"#0","tintindex":0},"up":{"uv":[6.25,3.0,3.25,0.0],"texture":"#0","tintindex":0},"down":{"uv":[6.25,3.25,3.25,6.25],"texture":"#0","tintindex":0}}},{"from":[14.3,14.8,14.3],"to":[1.7,7.2,1.7],"faces":{"east":{"uv":[9.75,3.25,12.75,5.0],"texture":"#0","tintindex":0},"south":{"uv":[9.75,3.25,12.75,5.0],"texture":"#0","tintindex":0},"north":{"uv":[9.75,3.25,12.75,5.0],"texture":"#0","tintindex":0},"west":{"uv":[9.75,3.25,12.75,5.0],"texture":"#0","tintindex":0},"up":{"uv":[10.25,0.0,13.25,3.0],"texture":"#0","tintindex":0},"down":{"uv":[9.5,0.0,10.0,0.5],"texture":"#0","tintindex":0}}},{"from":[14.0,14.5,14.0],"to":[2.0,7.5,2.0],"faces":{"east":{"uv":[0.0,8.25,3.0,6.5],"texture":"#0","tintindex":0},"south":{"uv":[0.0,8.25,3.0,6.5],"texture":"#0","tintindex":0},"north":{"uv":[0.0,8.25,3.0,6.5],"texture":"#0","tintindex":0},"west":{"uv":[0.0,8.25,3.0,6.5],"texture":"#0","tintindex":0},"up":{"uv":[3.25,3.25,6.25,6.25],"texture":"#0","tintindex":0},"down":{"uv":[3.25,3.0,6.25,0.0],"texture":"#0","tintindex":0}}}],"textures":{"particle":"#0","0":"modelengine:entity/cubee_shulker"}}