{"parent":"item/generated","textures":{"layer0":"item/golden_horse_armor"},"overrides":[{"predicate":{"custom_model_data":7191001},"model":"cubees-icon-good_cubee"},{"predicate":{"custom_model_data":7191002},"model":"cubees-icon-evil_cubee"},{"predicate":{"custom_model_data":7191003},"model":"cubees-icon-grass_cubee"},{"predicate":{"custom_model_data":7191004},"model":"cubees-icon-skeleton_cubee"},{"predicate":{"custom_model_data":7191005},"model":"cubees-icon-stone_cubee"},{"predicate":{"custom_model_data":7191006},"model":"cubees-icon-water_cubee"},{"predicate":{"custom_model_data":7191007},"model":"cubees-icon-fire_cubee"},{"predicate":{"custom_model_data":7191008},"model":"cubees-icon-tnt_cubee"},{"predicate":{"custom_model_data":7191052},"model":"cubees-icon-chorus_plant"},{"predicate":{"custom_model_data":7191053},"model":"cubees-icon-end_crystal"},{"predicate":{"custom_model_data":7191054},"model":"cubees-icon-end_portal"},{"predicate":{"custom_model_data":7191055},"model":"cubees-icon-end_stone"},{"predicate":{"custom_model_data":7191056},"model":"cubees-icon-ender_chest"},{"predicate":{"custom_model_data":7191057},"model":"cubees-icon-ender_flame"},{"predicate":{"custom_model_data":7191058},"model":"cubees-icon-ender_pearl"},{"predicate":{"custom_model_data":7191059},"model":"cubees-icon-shulker"}]}