{"parent":"item/generated","textures":{"layer0":"item/leather_horse_armor"},"overrides":[{"predicate":{"custom_model_data":1},"model":"modelengine:cubee-evil/left_leg"},{"predicate":{"custom_model_data":2},"model":"modelengine:cubee-grass/left_leg"},{"predicate":{"custom_model_data":3},"model":"modelengine:cubee-fire/left_leg"},{"predicate":{"custom_model_data":4},"model":"modelengine:cubee-water/left_leg"},{"predicate":{"custom_model_data":5},"model":"modelengine:cubee-evil/right_arm"},{"predicate":{"custom_model_data":6},"model":"modelengine:cubee-evil/eyes"},{"predicate":{"custom_model_data":7},"model":"modelengine:cubee-evil/right_leg"},{"predicate":{"custom_model_data":8},"model":"modelengine:cubee-evil/head"},{"predicate":{"custom_model_data":9},"model":"modelengine:cubee-evil/eyelids"},{"predicate":{"custom_model_data":10},"model":"modelengine:cubee-evil/left_arm"},{"predicate":{"custom_model_data":11},"model":"modelengine:cubee-evil/left_pupil"},{"predicate":{"custom_model_data":12},"model":"modelengine:cubee-evil/right_pupil"},{"predicate":{"custom_model_data":13},"model":"modelengine:cubee-evil/left_wing"},{"predicate":{"custom_model_data":14},"model":"modelengine:cubee-evil/right_wing"},{"predicate":{"custom_model_data":15},"model":"modelengine:cubee-water/right_arm"},{"predicate":{"custom_model_data":16},"model":"modelengine:cubee-water/eyes"},{"predicate":{"custom_model_data":17},"model":"modelengine:cubee-water/right_leg"},{"predicate":{"custom_model_data":18},"model":"modelengine:cubee-water/head"},{"predicate":{"custom_model_data":19},"model":"modelengine:cubee-water/eyelids"},{"predicate":{"custom_model_data":20},"model":"modelengine:cubee-water/left_arm"},{"predicate":{"custom_model_data":21},"model":"modelengine:cubee-water/left_pupil"},{"predicate":{"custom_model_data":22},"model":"modelengine:cubee-water/right_pupil"},{"predicate":{"custom_model_data":23},"model":"modelengine:cubee-water/left_wing"},{"predicate":{"custom_model_data":24},"model":"modelengine:cubee-water/right_wing"},{"predicate":{"custom_model_data":25},"model":"modelengine:cubee-grass/right_arm"},{"predicate":{"custom_model_data":26},"model":"modelengine:cubee-grass/eyes"},{"predicate":{"custom_model_data":27},"model":"modelengine:cubee-grass/right_leg"},{"predicate":{"custom_model_data":28},"model":"modelengine:cubee-grass/head"},{"predicate":{"custom_model_data":29},"model":"modelengine:cubee-grass/eyelids"},{"predicate":{"custom_model_data":30},"model":"modelengine:cubee-grass/left_arm"},{"predicate":{"custom_model_data":31},"model":"modelengine:cubee-grass/left_pupil"},{"predicate":{"custom_model_data":32},"model":"modelengine:cubee-grass/right_pupil"},{"predicate":{"custom_model_data":33},"model":"modelengine:cubee-grass/left_wing"},{"predicate":{"custom_model_data":34},"model":"modelengine:cubee-grass/right_wing"},{"predicate":{"custom_model_data":35},"model":"modelengine:cubee-fire/right_arm"},{"predicate":{"custom_model_data":36},"model":"modelengine:cubee-fire/eyes"},{"predicate":{"custom_model_data":37},"model":"modelengine:cubee-fire/right_leg"},{"predicate":{"custom_model_data":38},"model":"modelengine:cubee-fire/head"},{"predicate":{"custom_model_data":39},"model":"modelengine:cubee-fire/eyelids"},{"predicate":{"custom_model_data":40},"model":"modelengine:cubee-fire/left_arm"},{"predicate":{"custom_model_data":41},"model":"modelengine:cubee-fire/left_pupil"},{"predicate":{"custom_model_data":42},"model":"modelengine:cubee-fire/right_pupil"},{"predicate":{"custom_model_data":43},"model":"modelengine:cubee-fire/left_wing"},{"predicate":{"custom_model_data":44},"model":"modelengine:cubee-fire/right_wing"},{"predicate":{"custom_model_data":45},"model":"modelengine:cubee-skeleton/left_leg"},{"predicate":{"custom_model_data":46},"model":"modelengine:cubee-skeleton/right_arm"},{"predicate":{"custom_model_data":47},"model":"modelengine:cubee-skeleton/eyes"},{"predicate":{"custom_model_data":48},"model":"modelengine:cubee-skeleton/right_leg"},{"predicate":{"custom_model_data":49},"model":"modelengine:cubee-skeleton/head"},{"predicate":{"custom_model_data":50},"model":"modelengine:cubee-skeleton/eyelids"},{"predicate":{"custom_model_data":51},"model":"modelengine:cubee-skeleton/left_arm"},{"predicate":{"custom_model_data":52},"model":"modelengine:cubee-skeleton/left_pupil"},{"predicate":{"custom_model_data":53},"model":"modelengine:cubee-skeleton/right_pupil"},{"predicate":{"custom_model_data":54},"model":"modelengine:cubee-skeleton/left_wing"},{"predicate":{"custom_model_data":55},"model":"modelengine:cubee-skeleton/right_wing"},{"predicate":{"custom_model_data":56},"model":"modelengine:cubee-stone/left_leg"},{"predicate":{"custom_model_data":57},"model":"modelengine:cubee-stone/right_arm"},{"predicate":{"custom_model_data":58},"model":"modelengine:cubee-stone/eyes"},{"predicate":{"custom_model_data":59},"model":"modelengine:cubee-stone/right_leg"},{"predicate":{"custom_model_data":60},"model":"modelengine:cubee-stone/head"},{"predicate":{"custom_model_data":61},"model":"modelengine:cubee-stone/eyelids"},{"predicate":{"custom_model_data":62},"model":"modelengine:cubee-stone/left_arm"},{"predicate":{"custom_model_data":63},"model":"modelengine:cubee-stone/left_pupil"},{"predicate":{"custom_model_data":64},"model":"modelengine:cubee-stone/right_pupil"},{"predicate":{"custom_model_data":65},"model":"modelengine:cubee-stone/left_wing"},{"predicate":{"custom_model_data":66},"model":"modelengine:cubee-stone/right_wing"},{"predicate":{"custom_model_data":67},"model":"modelengine:cubee-tnt/left_leg"},{"predicate":{"custom_model_data":68},"model":"modelengine:cubee-tnt/right_arm"},{"predicate":{"custom_model_data":69},"model":"modelengine:cubee-tnt/eyes"},{"predicate":{"custom_model_data":70},"model":"modelengine:cubee-tnt/right_leg"},{"predicate":{"custom_model_data":71},"model":"modelengine:cubee-tnt/head"},{"predicate":{"custom_model_data":72},"model":"modelengine:cubee-tnt/eyelids"},{"predicate":{"custom_model_data":73},"model":"modelengine:cubee-tnt/left_arm"},{"predicate":{"custom_model_data":74},"model":"modelengine:cubee-tnt/left_pupil"},{"predicate":{"custom_model_data":75},"model":"modelengine:cubee-tnt/right_pupil"},{"predicate":{"custom_model_data":76},"model":"modelengine:cubee-tnt/left_wing"},{"predicate":{"custom_model_data":77},"model":"modelengine:cubee-tnt/right_wing"},{"predicate":{"custom_model_data":78},"model":"modelengine:cubee-good/left_leg"},{"predicate":{"custom_model_data":79},"model":"modelengine:cubee-good/right_arm"},{"predicate":{"custom_model_data":80},"model":"modelengine:cubee-good/eyes"},{"predicate":{"custom_model_data":81},"model":"modelengine:cubee-good/right_leg"},{"predicate":{"custom_model_data":82},"model":"modelengine:cubee-good/head"},{"predicate":{"custom_model_data":83},"model":"modelengine:cubee-good/eyelids"},{"predicate":{"custom_model_data":84},"model":"modelengine:cubee-good/left_arm"},{"predicate":{"custom_model_data":85},"model":"modelengine:cubee-good/left_pupil"},{"predicate":{"custom_model_data":86},"model":"modelengine:cubee-good/right_pupil"},{"predicate":{"custom_model_data":87},"model":"modelengine:cubee-good/left_wing"},{"predicate":{"custom_model_data":88},"model":"modelengine:cubee-good/right_wing"},{"predicate":{"custom_model_data":89},"model":"modelengine:cubee-ender_chest/left_leg"},{"predicate":{"custom_model_data":90},"model":"modelengine:cubee-ender_chest/left_arm"},{"predicate":{"custom_model_data":91},"model":"modelengine:cubee-ender_chest/right_arm"},{"predicate":{"custom_model_data":92},"model":"modelengine:cubee-ender_chest/top"},{"predicate":{"custom_model_data":93},"model":"modelengine:cubee-ender_chest/head"},{"predicate":{"custom_model_data":94},"model":"modelengine:cubee-ender_chest/bottom"},{"predicate":{"custom_model_data":95},"model":"modelengine:cubee-ender_chest/right_leg"},{"predicate":{"custom_model_data":96},"model":"modelengine:cubee-ender_chest/left_pupil"},{"predicate":{"custom_model_data":97},"model":"modelengine:cubee-ender_chest/right_pupil"},{"predicate":{"custom_model_data":98},"model":"modelengine:cubee-end_stone/left_arm"},{"predicate":{"custom_model_data":99},"model":"modelengine:cubee-end_stone/right_leg"},{"predicate":{"custom_model_data":100},"model":"modelengine:cubee-end_stone/left_leg"},{"predicate":{"custom_model_data":101},"model":"modelengine:cubee-end_stone/head"},{"predicate":{"custom_model_data":102},"model":"modelengine:cubee-end_stone/right_arm"},{"predicate":{"custom_model_data":103},"model":"modelengine:cubee-end_stone/pupil"},{"predicate":{"custom_model_data":104},"model":"modelengine:cubee-end_stone/eyelids"},{"predicate":{"custom_model_data":105},"model":"modelengine:cubee-end_portal/head"},{"predicate":{"custom_model_data":106},"model":"modelengine:cubee-end_portal/right_arm"},{"predicate":{"custom_model_data":107},"model":"modelengine:cubee-end_portal/left_arm"},{"predicate":{"custom_model_data":108},"model":"modelengine:cubee-end_portal/left_leg"},{"predicate":{"custom_model_data":109},"model":"modelengine:cubee-end_portal/right_leg"},{"predicate":{"custom_model_data":110},"model":"modelengine:cubee-end_portal/eyelids"},{"predicate":{"custom_model_data":111},"model":"modelengine:cubee-end_portal/left_pupil"},{"predicate":{"custom_model_data":112},"model":"modelengine:cubee-end_portal/right_pupil"},{"predicate":{"custom_model_data":113},"model":"modelengine:cubee-chorus_plant/head"},{"predicate":{"custom_model_data":114},"model":"modelengine:cubee-chorus_plant/left_arm"},{"predicate":{"custom_model_data":115},"model":"modelengine:cubee-chorus_plant/right_leg"},{"predicate":{"custom_model_data":116},"model":"modelengine:cubee-chorus_plant/left_leg"},{"predicate":{"custom_model_data":117},"model":"modelengine:cubee-chorus_plant/right_arm"},{"predicate":{"custom_model_data":118},"model":"modelengine:cubee-chorus_plant/left_pupil"},{"predicate":{"custom_model_data":119},"model":"modelengine:cubee-chorus_plant/eyelids"},{"predicate":{"custom_model_data":120},"model":"modelengine:cubee-chorus_plant/left_wing"},{"predicate":{"custom_model_data":121},"model":"modelengine:cubee-chorus_plant/right_wing"},{"predicate":{"custom_model_data":122},"model":"modelengine:cubee-chorus_plant/right_pupil"},{"predicate":{"custom_model_data":123},"model":"modelengine:cubee-ender_pearl/right_arm"},{"predicate":{"custom_model_data":124},"model":"modelengine:cubee-ender_pearl/pearl2"},{"predicate":{"custom_model_data":125},"model":"modelengine:cubee-ender_pearl/pearl4"},{"predicate":{"custom_model_data":126},"model":"modelengine:cubee-ender_pearl/left_arm"},{"predicate":{"custom_model_data":127},"model":"modelengine:cubee-ender_pearl/head"},{"predicate":{"custom_model_data":128},"model":"modelengine:cubee-ender_pearl/right_leg"},{"predicate":{"custom_model_data":129},"model":"modelengine:cubee-ender_pearl/left_leg"},{"predicate":{"custom_model_data":130},"model":"modelengine:cubee-ender_pearl/pearl3"},{"predicate":{"custom_model_data":131},"model":"modelengine:cubee-ender_pearl/pearl1"},{"predicate":{"custom_model_data":132},"model":"modelengine:cubee-ender_pearl/eyelids"},{"predicate":{"custom_model_data":133},"model":"modelengine:cubee-ender_pearl/pupil"},{"predicate":{"custom_model_data":134},"model":"modelengine:cubee-shulker/bottom"},{"predicate":{"custom_model_data":135},"model":"modelengine:cubee-shulker/right_arm"},{"predicate":{"custom_model_data":136},"model":"modelengine:cubee-shulker/top"},{"predicate":{"custom_model_data":137},"model":"modelengine:cubee-shulker/left_leg"},{"predicate":{"custom_model_data":138},"model":"modelengine:cubee-shulker/head"},{"predicate":{"custom_model_data":139},"model":"modelengine:cubee-shulker/left_arm"},{"predicate":{"custom_model_data":140},"model":"modelengine:cubee-shulker/right_leg"},{"predicate":{"custom_model_data":141},"model":"modelengine:cubee-shulker/pupil"},{"predicate":{"custom_model_data":142},"model":"modelengine:cubee-shulker/eyelids"},{"predicate":{"custom_model_data":143},"model":"modelengine:cubee-end_crystal/right_arm"},{"predicate":{"custom_model_data":144},"model":"modelengine:cubee-end_crystal/left_arm"},{"predicate":{"custom_model_data":145},"model":"modelengine:cubee-end_crystal/head"},{"predicate":{"custom_model_data":146},"model":"modelengine:cubee-end_crystal/glass2"},{"predicate":{"custom_model_data":147},"model":"modelengine:cubee-end_crystal/eyelids"},{"predicate":{"custom_model_data":148},"model":"modelengine:cubee-end_crystal/glass1"},{"predicate":{"custom_model_data":149},"model":"modelengine:cubee-end_crystal/right_pupil"},{"predicate":{"custom_model_data":150},"model":"modelengine:cubee-end_crystal/left_pupil"},{"predicate":{"custom_model_data":151},"model":"modelengine:cubee-ender_flame/right_leg"},{"predicate":{"custom_model_data":152},"model":"modelengine:cubee-ender_flame/head"},{"predicate":{"custom_model_data":153},"model":"modelengine:cubee-ender_flame/left_arm"},{"predicate":{"custom_model_data":154},"model":"modelengine:cubee-ender_flame/right_arm"},{"predicate":{"custom_model_data":155},"model":"modelengine:cubee-ender_flame/left_leg"},{"predicate":{"custom_model_data":156},"model":"modelengine:cubee-ender_flame/left_pupil"},{"predicate":{"custom_model_data":157},"model":"modelengine:cubee-ender_flame/eyelids"},{"predicate":{"custom_model_data":158},"model":"modelengine:cubee-ender_flame/left_wing"},{"predicate":{"custom_model_data":159},"model":"modelengine:cubee-ender_flame/right_wing"},{"predicate":{"custom_model_data":160},"model":"modelengine:cubee-ender_flame/right_pupil"}]}