{"display":{"head":{},"firstperson_righthand":{},"thirdperson_lefthand":{},"firstperson_lefthand":{},"fixed":{},"ground":{},"thirdperson_righthand":{},"gui":{"rotation":[-150.0,-45.0,180.0]}},"elements":[{"from":[14.0,22.0,12.0],"to":[2.0,6.0,4.0],"faces":{"east":{"uv":[7.0,8.0,8.0,5.0],"texture":"#2","tintindex":0},"south":{"uv":[5.0,8.0,7.0,5.0],"texture":"#2","tintindex":0},"north":{"uv":[8.0,8.0,10.0,5.0],"texture":"#2","tintindex":0},"west":{"uv":[4.0,8.0,5.0,5.0],"texture":"#2","tintindex":0},"up":{"uv":[7.0,4.0,9.0,5.0],"texture":"#2","tintindex":0},"down":{"uv":[5.0,5.0,7.0,4.0],"texture":"#2","tintindex":0}}},{"from":[2.0,6.0,4.0],"to":[14.0,22.0,12.0],"faces":{"east":{"uv":[4.0,5.0,5.0,8.0],"texture":"#2","tintindex":0},"south":{"uv":[8.0,5.0,10.0,8.0],"texture":"#2","tintindex":0},"north":{"uv":[5.0,5.0,7.0,8.0],"texture":"#2","tintindex":0},"west":{"uv":[7.0,5.0,8.0,8.0],"texture":"#2","tintindex":0},"up":{"uv":[7.0,5.0,5.0,4.0],"texture":"#2","tintindex":0},"down":{"uv":[9.0,4.0,7.0,5.0],"texture":"#2","tintindex":0}}}],"textures":{"particle":"#2","2":"modelengine:entity/creeper_armor_1"}}