{"display":{"head":{},"firstperson_righthand":{},"thirdperson_lefthand":{},"firstperson_lefthand":{},"fixed":{},"ground":{},"thirdperson_righthand":{},"gui":{"rotation":[-150.0,-45.0,180.0]}},"elements":[{"from":[5.4975,6.922,7.9615],"to":[7.6535,9.077999,8.0385],"faces":{"east":{"uv":[1.516,14.016,1.75,14.984],"texture":"#0","tintindex":0},"south":{"uv":[0.016,13.016,0.984,13.984],"texture":"#0","tintindex":0},"north":{"uv":[12.016,12.516,12.984,13.484],"texture":"#0","tintindex":0},"west":{"uv":[14.016,1.516,14.25,2.484],"texture":"#0","tintindex":0},"up":{"uv":[2.984,14.25,2.016,14.016],"texture":"#0","tintindex":0},"down":{"uv":[14.984,2.516,14.016,2.75],"texture":"#0","tintindex":0}}},{"from":[8.3465,6.922,7.9615],"to":[10.502501,9.077999,8.0385],"faces":{"east":{"uv":[14.016,3.016,14.25,3.984],"texture":"#0","tintindex":0},"south":{"uv":[1.016,13.016,1.984,13.984],"texture":"#0","tintindex":0},"north":{"uv":[13.016,0.016,13.984,0.984],"texture":"#0","tintindex":0},"west":{"uv":[14.016,4.016,14.25,4.984],"texture":"#0","tintindex":0},"up":{"uv":[14.984,5.25,14.016,5.016],"texture":"#0","tintindex":0},"down":{"uv":[14.984,5.516,14.016,5.75],"texture":"#0","tintindex":0}}}],"textures":{"particle":"#0","0":"modelengine:entity/water_cubee"}}