{"display":{"head":{},"firstperson_righthand":{},"thirdperson_lefthand":{},"firstperson_lefthand":{},"fixed":{},"ground":{},"thirdperson_righthand":{},"gui":{"rotation":[-150.0,-45.0,180.0]}},"elements":[{"from":[5.4975,6.922,8.0],"to":[7.6535,9.077999,8.0],"faces":{"south":{"uv":[3.016,8.016,3.984,8.984],"texture":"#0","tintindex":0},"north":{"uv":[3.016,7.016,3.984,7.984],"texture":"#0","tintindex":0}}},{"from":[8.3465,6.922,8.0],"to":[10.502501,9.077999,8.0],"faces":{"south":{"uv":[12.016,11.516,12.984,12.484],"texture":"#0","tintindex":0},"north":{"uv":[12.016,10.516,12.984,11.484],"texture":"#0","tintindex":0}}}],"textures":{"particle":"#0","0":"modelengine:entity/water_cubee"}}