{"display":{"head":{},"firstperson_righthand":{},"thirdperson_lefthand":{},"firstperson_lefthand":{},"fixed":{},"ground":{},"thirdperson_righthand":{},"gui":{"rotation":[-150.0,-45.0,180.0]}},"elements":[{"from":[7.2973747,5.896062,7.297375],"to":[8.702625,8.003938,8.702625],"faces":{"east":{"uv":[13.016,5.016,13.75,5.984],"texture":"#0","tintindex":0},"south":{"uv":[13.016,6.016,13.75,6.984],"texture":"#0","tintindex":0},"north":{"uv":[13.016,4.016,13.75,4.984],"texture":"#0","tintindex":0},"west":{"uv":[13.016,7.016,13.75,7.984],"texture":"#0","tintindex":0},"up":{"uv":[9.75,14.25,9.016,13.516],"texture":"#0","tintindex":0},"down":{"uv":[10.75,13.516,10.016,14.25],"texture":"#0","tintindex":0}}}],"textures":{"particle":"#0","0":"modelengine:entity/water_cubee"}}