{"display":{"head":{},"firstperson_righthand":{},"thirdperson_lefthand":{},"firstperson_lefthand":{},"fixed":{},"ground":{},"thirdperson_righthand":{},"gui":{"rotation":[-150.0,-45.0,180.0]}},"elements":[{"from":[6.571062,7.2973747,7.297375],"to":[8.678938,8.702624,8.702625],"faces":{"east":{"uv":[11.016,13.516,11.75,14.25],"texture":"#0","tintindex":0},"south":{"uv":[13.016,10.516,13.984,11.25],"texture":"#0","tintindex":0},"north":{"uv":[13.016,8.016,13.984,8.75],"texture":"#0","tintindex":0},"west":{"uv":[12.016,13.516,12.75,14.25],"texture":"#0","tintindex":0},"up":{"uv":[13.984,12.25,13.016,11.516],"texture":"#0","tintindex":0},"down":{"uv":[13.984,12.516,13.016,13.25],"texture":"#0","tintindex":0}}}],"textures":{"particle":"#0","0":"modelengine:entity/water_cubee"}}