{"display":{"head":{},"firstperson_righthand":{},"thirdperson_lefthand":{},"firstperson_lefthand":{},"fixed":{},"ground":{},"thirdperson_righthand":{},"gui":{"rotation":[-150.0,-45.0,180.0]}},"elements":[{"from":[7.3210626,7.2973747,7.297375],"to":[9.428938,8.702624,8.702625],"faces":{"east":{"uv":[13.016,13.516,13.75,14.25],"texture":"#0","tintindex":0},"south":{"uv":[4.016,13.516,4.984,14.25],"texture":"#0","tintindex":0},"north":{"uv":[3.016,13.516,3.984,14.25],"texture":"#0","tintindex":0},"west":{"uv":[0.016,14.016,0.75,14.75],"texture":"#0","tintindex":0},"up":{"uv":[5.984,14.25,5.016,13.516],"texture":"#0","tintindex":0},"down":{"uv":[6.984,13.516,6.016,14.25],"texture":"#0","tintindex":0}}}],"textures":{"particle":"#0","0":"modelengine:entity/water_cubee"}}