{"display":{"head":{},"firstperson_righthand":{},"thirdperson_lefthand":{},"firstperson_lefthand":{},"fixed":{},"ground":{},"thirdperson_righthand":{},"gui":{"rotation":[-150.0,-45.0,180.0]}},"elements":[{"from":[7.297375,5.896062,7.297375],"to":[8.702625,8.003938,8.702625],"faces":{"east":{"uv":[2.016,13.016,2.75,13.984],"texture":"#0","tintindex":0},"south":{"uv":[13.016,2.016,13.75,2.984],"texture":"#0","tintindex":0},"north":{"uv":[13.016,1.016,13.75,1.984],"texture":"#0","tintindex":0},"west":{"uv":[13.016,3.016,13.75,3.984],"texture":"#0","tintindex":0},"up":{"uv":[7.75,14.25,7.016,13.516],"texture":"#0","tintindex":0},"down":{"uv":[8.75,13.516,8.016,14.25],"texture":"#0","tintindex":0}}}],"textures":{"particle":"#0","0":"modelengine:entity/water_cubee"}}