{"display":{"head":{},"firstperson_righthand":{},"thirdperson_lefthand":{},"firstperson_lefthand":{},"fixed":{},"ground":{},"thirdperson_righthand":{},"gui":{"rotation":[-150.0,-45.0,180.0]}},"elements":[{"from":[9.0,6.0,3.0],"to":[12.0,10.0,3.0],"faces":{"north":{"uv":[9.5,2.25,8.75,3.25],"texture":"#0","tintindex":0}}},{"from":[4.0,6.0,3.0],"to":[7.0,10.0,3.0],"faces":{"north":{"uv":[8.75,2.25,9.5,3.25],"texture":"#0","tintindex":0}}}],"textures":{"particle":"#0","0":"modelengine:entity/cubee_end_portal"}}