{"display":{"head":{},"firstperson_righthand":{},"thirdperson_lefthand":{},"firstperson_lefthand":{},"fixed":{},"ground":{},"thirdperson_righthand":{},"gui":{"rotation":[-150.0,-45.0,180.0]}},"elements":[{"from":[16.029999,12.0,6.0],"to":[16.029999,14.0,8.0],"faces":{"east":{"uv":[8.75,0.0,9.25,0.5],"texture":"#0","tintindex":0}}},{"from":[7.0,12.0,-1.0299997],"to":[9.0,14.0,-1.0299997],"faces":{"north":{"uv":[8.75,0.0,9.25,0.5],"texture":"#0","tintindex":0}}},{"from":[6.3,16.956854,15.31],"to":[1.7,12.356854,12.009999],"rotation":{"origin":[8.0,18.656855,10.01],"axis":"z","angle":45.0},"faces":{"east":{"uv":[9.25,0.75,8.75,1.25],"texture":"#0","tintindex":0},"north":{"uv":[9.25,0.75,8.75,1.25],"texture":"#0","tintindex":0},"west":{"uv":[9.25,0.75,8.75,1.25],"texture":"#0","tintindex":0},"up":{"uv":[8.75,1.25,9.25,0.75],"texture":"#0","tintindex":0},"down":{"uv":[8.75,1.25,9.25,0.75],"texture":"#0","tintindex":0}}},{"from":[7.0,12.0,15.03],"to":[9.0,14.0,15.03],"faces":{"south":{"uv":[9.25,0.0,8.75,0.5],"texture":"#0","tintindex":0}}},{"from":[13.01,11.0,5.0],"to":[16.01,15.0,9.0],"rotation":{"origin":[8.01,13.0,7.0],"axis":"x","angle":-45.0},"faces":{"east":{"uv":[6.0,4.75,7.0,5.75],"texture":"#0","tintindex":0},"south":{"uv":[7.0,7.25,7.75,8.25],"texture":"#0","tintindex":0},"north":{"uv":[0.0,7.5,0.75,8.5],"texture":"#0","tintindex":0},"west":{"uv":[6.0,6.0,7.0,7.0],"texture":"#0","tintindex":0},"up":{"uv":[2.0,8.25,1.0,7.5],"texture":"#0","rotation":90,"tintindex":0},"down":{"uv":[9.0,7.25,8.0,8.0],"texture":"#0","rotation":270,"tintindex":0}}},{"from":[6.3,16.956854,1.99],"to":[1.7,12.356854,-1.3100002],"rotation":{"origin":[8.0,18.656855,3.9899998],"axis":"z","angle":45.0},"faces":{"east":{"uv":[8.75,0.75,9.25,1.25],"texture":"#0","tintindex":0},"south":{"uv":[8.75,0.75,9.25,1.25],"texture":"#0","tintindex":0},"west":{"uv":[8.75,0.75,9.25,1.25],"texture":"#0","tintindex":0},"up":{"uv":[8.75,0.75,9.25,1.25],"texture":"#0","tintindex":0},"down":{"uv":[8.75,0.75,9.25,1.25],"texture":"#0","tintindex":0}}},{"from":[-0.010000229,11.0,5.0],"to":[2.9899998,15.0,9.0],"rotation":{"origin":[7.99,13.0,7.0],"axis":"x","angle":-45.0},"faces":{"east":{"uv":[7.0,6.0,6.0,7.0],"texture":"#0","tintindex":0},"south":{"uv":[7.75,7.25,7.0,8.25],"texture":"#0","tintindex":0},"north":{"uv":[0.75,7.5,0.0,8.5],"texture":"#0","tintindex":0},"west":{"uv":[7.0,4.75,6.0,5.75],"texture":"#0","tintindex":0},"up":{"uv":[2.0,7.5,1.0,8.25],"texture":"#0","rotation":90,"tintindex":0},"down":{"uv":[9.0,8.0,8.0,7.25],"texture":"#0","rotation":270,"tintindex":0}}},{"from":[6.0,11.0,12.01],"to":[10.0,15.0,15.01],"rotation":{"origin":[8.0,13.0,13.01],"axis":"z","angle":45.0},"faces":{"east":{"uv":[7.75,7.25,7.0,8.25],"texture":"#0","tintindex":0},"south":{"uv":[7.0,4.75,6.0,5.75],"texture":"#0","tintindex":0},"north":{"uv":[7.0,6.0,6.0,7.0],"texture":"#0","tintindex":0},"west":{"uv":[0.75,7.5,0.0,8.5],"texture":"#0","tintindex":0},"up":{"uv":[2.0,7.5,1.0,8.25],"texture":"#0","tintindex":0},"down":{"uv":[9.0,8.0,8.0,7.25],"texture":"#0","tintindex":0}}},{"from":[2.0,11.0,1.0],"to":[14.0,15.0,13.0],"faces":{"east":{"uv":[6.0,3.5,9.0,4.5],"texture":"#0","tintindex":0},"south":{"uv":[6.0,3.5,9.0,4.5],"texture":"#0","tintindex":0},"north":{"uv":[6.0,3.5,9.0,4.5],"texture":"#0","tintindex":0},"west":{"uv":[6.0,3.5,9.0,4.5],"texture":"#0","tintindex":0},"up":{"uv":[3.0,3.0,0.0,0.0],"texture":"#0","tintindex":0},"down":{"uv":[3.0,3.25,0.0,6.25],"texture":"#0","tintindex":0}}},{"from":[2.99,15.3,9.3],"to":[-0.31000024,10.7,4.7],"rotation":{"origin":[8.0,13.0,7.0],"axis":"x","angle":-45.0},"faces":{"east":{"uv":[9.25,0.75,8.75,1.25],"texture":"#0","tintindex":0},"south":{"uv":[9.25,0.75,8.75,1.25],"texture":"#0","tintindex":0},"north":{"uv":[9.25,0.75,8.75,1.25],"texture":"#0","tintindex":0},"up":{"uv":[8.75,1.25,9.25,0.75],"texture":"#0","rotation":90,"tintindex":0},"down":{"uv":[8.75,1.25,9.25,0.75],"texture":"#0","rotation":270,"tintindex":0}}},{"from":[13.3,10.55,12.3],"to":[2.7,4.7,1.7],"faces":{"east":{"uv":[8.75,0.75,9.25,1.25],"texture":"#0","tintindex":0},"south":{"uv":[8.75,0.75,9.25,1.25],"texture":"#0","tintindex":0},"north":{"uv":[8.75,0.75,9.25,1.25],"texture":"#0","tintindex":0},"west":{"uv":[8.75,0.75,9.25,1.25],"texture":"#0","tintindex":0},"up":{"uv":[8.75,0.75,9.25,1.25],"texture":"#0","tintindex":0}}},{"from":[3.0,5.0,2.0],"to":[13.0,11.0,12.0],"faces":{"east":{"uv":[6.0,0.0,8.5,1.5],"texture":"#0","tintindex":0},"south":{"uv":[6.0,1.75,8.5,3.25],"texture":"#0","tintindex":0},"north":{"uv":[3.25,5.5,5.75,7.0],"texture":"#0","tintindex":0},"west":{"uv":[8.5,0.0,6.0,1.5],"texture":"#0","tintindex":0},"up":{"uv":[5.75,2.5,3.25,0.0],"texture":"#0","tintindex":0},"down":{"uv":[5.75,2.75,3.25,5.25],"texture":"#0","tintindex":0}}},{"from":[13.0,23.0,12.0],"to":[3.0,13.0,2.0],"faces":{"east":{"uv":[5.0,5.0,10.0,0.0],"texture":"#1","tintindex":0},"south":{"uv":[5.0,5.0,10.0,0.0],"texture":"#1","tintindex":0},"north":{"uv":[5.0,5.0,10.0,0.0],"texture":"#1","tintindex":0},"west":{"uv":[5.0,5.0,10.0,0.0],"texture":"#1","tintindex":0},"up":{"uv":[0.0,0.0,5.0,5.0],"texture":"#1","tintindex":0}}},{"from":[6.0,11.0,-1.0100002],"to":[10.0,15.0,1.9899998],"rotation":{"origin":[8.0,13.0,0.9899998],"axis":"z","angle":45.0},"faces":{"east":{"uv":[7.0,7.25,7.75,8.25],"texture":"#0","tintindex":0},"south":{"uv":[6.0,6.0,7.0,7.0],"texture":"#0","tintindex":0},"north":{"uv":[6.0,4.75,7.0,5.75],"texture":"#0","tintindex":0},"west":{"uv":[0.0,7.5,0.75,8.5],"texture":"#0","tintindex":0},"up":{"uv":[2.0,8.25,1.0,7.5],"texture":"#0","tintindex":0},"down":{"uv":[9.0,7.25,8.0,8.0],"texture":"#0","tintindex":0}}},{"from":[1.5,14.0,0.5],"to":[14.5,14.0,13.5],"rotation":{"origin":[8.0,14.0,7.0],"axis":"y","angle":45.0},"faces":{"up":{"uv":[0.0,5.0,6.5,11.5],"texture":"#1","tintindex":0}}},{"from":[16.31,15.3,9.3],"to":[13.009999,10.7,4.7],"rotation":{"origin":[8.0,13.0,7.0],"axis":"x","angle":-45.0},"faces":{"south":{"uv":[8.75,0.75,9.25,1.25],"texture":"#0","tintindex":0},"north":{"uv":[8.75,0.75,9.25,1.25],"texture":"#0","tintindex":0},"west":{"uv":[8.75,0.75,9.25,1.25],"texture":"#0","tintindex":0},"up":{"uv":[8.75,0.75,9.25,1.25],"texture":"#0","rotation":90,"tintindex":0},"down":{"uv":[8.75,0.75,9.25,1.25],"texture":"#0","rotation":270,"tintindex":0}}},{"from":[-0.029999733,12.0,6.0],"to":[-0.029999733,14.0,8.0],"faces":{"west":{"uv":[9.25,0.0,8.75,0.5],"texture":"#0","tintindex":0}}},{"from":[14.3,15.3,13.3],"to":[1.7,10.7,0.7],"faces":{"east":{"uv":[8.75,0.75,9.25,1.25],"texture":"#0","tintindex":0},"south":{"uv":[8.75,0.75,9.25,1.25],"texture":"#0","tintindex":0},"north":{"uv":[8.75,0.75,9.25,1.25],"texture":"#0","tintindex":0},"west":{"uv":[8.75,0.75,9.25,1.25],"texture":"#0","tintindex":0},"up":{"uv":[9.5,0.0,12.5,3.0],"texture":"#0","tintindex":0},"down":{"uv":[8.75,0.75,9.25,1.25],"texture":"#0","tintindex":0}}}],"textures":{"particle":"#0","0":"modelengine:entity/cubee_end_portal","1":"modelengine:entity/end_portal_particle"}}