{"display":{"head":{},"firstperson_righthand":{},"thirdperson_lefthand":{},"firstperson_lefthand":{},"fixed":{},"ground":{},"thirdperson_righthand":{},"gui":{"rotation":[-150.0,-45.0,180.0]}},"elements":[{"from":[5.0,6.5,6.5],"to":[9.0,9.5,9.5],"faces":{"east":{"uv":[4.0,8.25,3.25,9.0],"texture":"#0","tintindex":0},"south":{"uv":[2.25,6.5,1.25,7.25],"texture":"#0","tintindex":0},"north":{"uv":[1.0,6.5,0.0,7.25],"texture":"#0","tintindex":0},"west":{"uv":[3.0,8.25,2.25,9.0],"texture":"#0","tintindex":0},"up":{"uv":[2.5,8.0,3.5,7.25],"texture":"#0","tintindex":0},"down":{"uv":[3.75,7.25,4.75,8.0],"texture":"#0","tintindex":0}}},{"from":[8.05,9.8,9.8],"to":[4.7,6.2,6.2],"faces":{"east":{"uv":[9.25,0.75,8.75,1.25],"texture":"#0","tintindex":0},"south":{"uv":[9.25,0.75,8.75,1.25],"texture":"#0","tintindex":0},"north":{"uv":[9.25,0.75,8.75,1.25],"texture":"#0","tintindex":0},"up":{"uv":[9.25,0.75,8.75,1.25],"texture":"#0","tintindex":0},"down":{"uv":[9.25,0.75,8.75,1.25],"texture":"#0","tintindex":0}}}],"textures":{"particle":"#0","0":"modelengine:entity/cubee_end_portal"}}