{"display":{"head":{},"firstperson_righthand":{},"thirdperson_lefthand":{},"firstperson_lefthand":{},"fixed":{},"ground":{},"thirdperson_righthand":{},"gui":{"rotation":[-150.0,-45.0,180.0]}},"elements":[{"from":[6.5,5.0,6.5],"to":[9.5,9.0,9.5],"faces":{"east":{"uv":[5.0,7.25,5.75,8.25],"texture":"#0","tintindex":0},"south":{"uv":[6.0,7.25,6.75,8.25],"texture":"#0","tintindex":0},"north":{"uv":[7.25,4.75,8.0,5.75],"texture":"#0","tintindex":0},"west":{"uv":[7.25,6.0,8.0,7.0],"texture":"#0","tintindex":0},"up":{"uv":[9.0,5.5,8.25,4.75],"texture":"#0","tintindex":0},"down":{"uv":[9.0,5.75,8.25,6.5],"texture":"#0","tintindex":0}}},{"from":[9.8,7.55,9.8],"to":[6.2,4.7,6.2],"faces":{"east":{"uv":[8.75,0.75,9.25,1.25],"texture":"#0","tintindex":0},"south":{"uv":[8.75,0.75,9.25,1.25],"texture":"#0","tintindex":0},"north":{"uv":[8.75,0.75,9.25,1.25],"texture":"#0","tintindex":0},"west":{"uv":[8.75,0.75,9.25,1.25],"texture":"#0","tintindex":0},"up":{"uv":[8.75,0.75,9.25,1.25],"texture":"#0","tintindex":0}}}],"textures":{"particle":"#0","0":"modelengine:entity/cubee_end_portal"}}