{"display":{"head":{},"firstperson_righthand":{},"thirdperson_lefthand":{},"firstperson_lefthand":{},"fixed":{},"ground":{},"thirdperson_righthand":{},"gui":{"rotation":[-150.0,-45.0,180.0]}},"elements":[{"from":[11.3,9.8,9.8],"to":[7.95,6.2,6.2],"faces":{"south":{"uv":[8.75,0.75,9.25,1.25],"texture":"#0","tintindex":0},"north":{"uv":[8.75,0.75,9.25,1.25],"texture":"#0","tintindex":0},"west":{"uv":[8.75,0.75,9.25,1.25],"texture":"#0","tintindex":0},"up":{"uv":[8.75,0.75,9.25,1.25],"texture":"#0","tintindex":0},"down":{"uv":[8.75,0.75,9.25,1.25],"texture":"#0","tintindex":0}}},{"from":[7.0,6.5,6.5],"to":[11.0,9.5,9.5],"faces":{"east":{"uv":[2.25,8.25,3.0,9.0],"texture":"#0","tintindex":0},"south":{"uv":[1.25,6.5,2.25,7.25],"texture":"#0","tintindex":0},"north":{"uv":[0.0,6.5,1.0,7.25],"texture":"#0","tintindex":0},"west":{"uv":[3.25,8.25,4.0,9.0],"texture":"#0","tintindex":0},"up":{"uv":[3.5,8.0,2.5,7.25],"texture":"#0","tintindex":0},"down":{"uv":[4.75,7.25,3.75,8.0],"texture":"#0","tintindex":0}}}],"textures":{"particle":"#0","0":"modelengine:entity/cubee_end_portal"}}