{"display":{"head":{},"firstperson_righthand":{},"thirdperson_lefthand":{},"firstperson_lefthand":{},"fixed":{},"ground":{},"thirdperson_righthand":{},"gui":{"rotation":[-150.0,-45.0,180.0]}},"elements":[{"from":[-1.0,16.0,8.0],"to":[17.0,30.0,8.0],"faces":{"south":{"uv":[4.5,7.5,0.0,11.0],"texture":"#0","tintindex":0},"north":{"uv":[0.0,7.5,4.5,11.0],"texture":"#0","tintindex":0}}},{"from":[5.0,28.0,5.0],"to":[9.0,31.0,11.0],"faces":{"east":{"uv":[8.0,2.0,9.5,2.75],"texture":"#0","tintindex":0},"south":{"uv":[12.0,2.0,13.0,2.75],"texture":"#0","tintindex":0},"north":{"uv":[9.5,2.0,10.5,2.75],"texture":"#0","tintindex":0},"west":{"uv":[10.5,2.0,12.0,2.75],"texture":"#0","tintindex":0},"up":{"uv":[10.5,2.0,9.5,0.5],"texture":"#0","tintindex":0},"down":{"uv":[11.5,0.5,10.5,2.0],"texture":"#0","tintindex":0}}},{"from":[5.0,28.0,6.0],"to":[9.0,32.0,10.0],"faces":{"east":{"uv":[4.0,12.0,5.0,13.0],"texture":"#0","tintindex":0},"south":{"uv":[7.0,12.0,8.0,13.0],"texture":"#0","tintindex":0},"north":{"uv":[5.0,12.0,6.0,13.0],"texture":"#0","tintindex":0},"west":{"uv":[6.0,12.0,7.0,13.0],"texture":"#0","tintindex":0},"up":{"uv":[6.0,12.0,5.0,11.0],"texture":"#0","tintindex":0},"down":{"uv":[7.0,11.0,6.0,12.0],"texture":"#0","tintindex":0}}},{"from":[4.0,6.0,4.0],"to":[12.0,28.0,12.0],"faces":{"east":{"uv":[0.0,2.0,2.0,7.5],"texture":"#0","tintindex":0},"south":{"uv":[6.0,2.0,8.0,7.5],"texture":"#0","tintindex":0},"north":{"uv":[2.0,2.0,4.0,7.5],"texture":"#0","tintindex":0},"west":{"uv":[4.0,2.0,6.0,7.5],"texture":"#0","tintindex":0},"up":{"uv":[4.0,2.0,2.0,0.0],"texture":"#0","tintindex":0},"down":{"uv":[6.0,0.0,4.0,2.0],"texture":"#0","tintindex":0}}},{"from":[4.0,28.0,6.0],"to":[10.0,32.0,10.0],"faces":{"east":{"uv":[8.0,4.0,9.0,5.0],"texture":"#0","tintindex":0},"south":{"uv":[11.5,4.0,13.0,5.0],"texture":"#0","tintindex":0},"north":{"uv":[9.0,4.0,10.5,5.0],"texture":"#0","tintindex":0},"west":{"uv":[10.5,4.0,11.5,5.0],"texture":"#0","tintindex":0},"up":{"uv":[10.5,4.0,9.0,3.0],"texture":"#0","tintindex":0},"down":{"uv":[12.0,3.0,10.5,4.0],"texture":"#0","tintindex":0}}}],"textures":{"particle":"#0","0":"modelengine:entity/desert_creeper"}}