{"display":{"head":{},"firstperson_righthand":{},"thirdperson_lefthand":{},"firstperson_lefthand":{},"fixed":{},"ground":{},"thirdperson_righthand":{},"gui":{"rotation":[-150.0,-45.0,180.0]}},"elements":[{"from":[6.0,2.0,6.0],"to":[10.0,9.0,10.0],"faces":{"east":{"uv":[9.0,8.75,10.0,10.5],"texture":"#0","tintindex":0},"south":{"uv":[12.0,8.75,13.0,10.5],"texture":"#0","tintindex":0},"north":{"uv":[10.0,8.75,11.0,10.5],"texture":"#0","tintindex":0},"west":{"uv":[11.0,8.75,12.0,10.5],"texture":"#0","tintindex":0},"up":{"uv":[11.0,8.75,10.0,7.75],"texture":"#0","tintindex":0},"down":{"uv":[12.0,7.75,11.0,8.75],"texture":"#0","tintindex":0}}}],"textures":{"particle":"#0","0":"modelengine:entity/desert_creeper"}}