{"display":{"head":{},"firstperson_righthand":{},"thirdperson_lefthand":{},"firstperson_lefthand":{},"fixed":{},"ground":{},"thirdperson_righthand":{},"gui":{"rotation":[-150.0,-45.0,180.0]}},"elements":[{"from":[12.0,11.0,12.0],"to":[4.0,0.0,4.0],"faces":{"east":{"uv":[11.0,7.75,12.0,6.0],"texture":"#2","tintindex":0},"south":{"uv":[10.0,7.75,11.0,6.0],"texture":"#2","tintindex":0},"north":{"uv":[12.0,7.75,13.0,6.0],"texture":"#2","tintindex":0},"west":{"uv":[9.0,7.75,10.0,6.0],"texture":"#2","tintindex":0},"up":{"uv":[11.0,5.0,12.0,6.0],"texture":"#2","tintindex":0},"down":{"uv":[10.0,6.0,11.0,5.0],"texture":"#2","tintindex":0}}},{"from":[4.0,0.0,4.0],"to":[12.0,11.0,12.0],"faces":{"east":{"uv":[9.0,6.0,10.0,7.75],"texture":"#2","tintindex":0},"south":{"uv":[12.0,6.0,13.0,7.75],"texture":"#2","tintindex":0},"north":{"uv":[10.0,6.0,11.0,7.75],"texture":"#2","tintindex":0},"west":{"uv":[11.0,6.0,12.0,7.75],"texture":"#2","tintindex":0},"up":{"uv":[11.0,6.0,10.0,5.0],"texture":"#2","tintindex":0},"down":{"uv":[12.0,5.0,11.0,6.0],"texture":"#2","tintindex":0}}}],"textures":{"particle":"#2","2":"modelengine:entity/creeper_armor_2"}}