{"display":{"head":{},"firstperson_righthand":{},"thirdperson_lefthand":{},"firstperson_lefthand":{},"fixed":{},"ground":{},"thirdperson_righthand":{},"gui":{"rotation":[-150.0,-45.0,180.0]}},"elements":[{"from":[15.0,15.0,15.0],"to":[1.0,1.0,1.0],"rotation":{"origin":[8.0,8.0,8.0],"axis":"y","angle":45.0},"faces":{"east":{"uv":[0.0,0.0,7.0,7.0],"texture":"#0","tintindex":0},"south":{"uv":[0.0,0.0,7.0,7.0],"texture":"#0","tintindex":0},"north":{"uv":[0.0,0.0,7.0,7.0],"texture":"#0","tintindex":0},"west":{"uv":[0.0,0.0,7.0,7.0],"texture":"#0","tintindex":0},"up":{"uv":[0.0,0.0,7.0,7.0],"texture":"#0","tintindex":0},"down":{"uv":[0.0,0.0,7.0,7.0],"texture":"#0","tintindex":0}}},{"from":[15.4,15.4,15.4],"to":[0.6,0.6,0.6],"rotation":{"origin":[8.0,8.0,8.0],"axis":"y","angle":45.0},"faces":{"east":{"uv":[7.0,0.0,12.5,5.5],"texture":"#0","tintindex":0},"south":{"uv":[7.0,0.0,12.5,5.5],"texture":"#0","tintindex":0},"north":{"uv":[7.0,0.0,12.5,5.5],"texture":"#0","tintindex":0},"west":{"uv":[7.0,0.0,12.5,5.5],"texture":"#0","tintindex":0},"up":{"uv":[7.0,0.0,12.5,5.5],"texture":"#0","tintindex":0},"down":{"uv":[7.0,0.0,12.5,5.5],"texture":"#0","tintindex":0}}}],"textures":{"particle":"#0","0":"modelengine:entity/cubee_end_crystal"}}