{"display":{"head":{},"firstperson_righthand":{},"thirdperson_lefthand":{},"firstperson_lefthand":{},"fixed":{},"ground":{},"thirdperson_righthand":{},"gui":{"rotation":[-150.0,-45.0,180.0]}},"elements":[{"from":[17.247719,7.0,7.6858206],"to":[17.28772,19.0,19.68582],"rotation":{"origin":[16.28772,14.0,12.53582],"axis":"y","angle":45.0},"faces":{"east":{"uv":[0.0,0.0,12.0,12.0],"texture":"#2","tintindex":0},"west":{"uv":[12.0,0.0,0.0,12.0],"texture":"#2","tintindex":0}}},{"from":[2.0,-2.5377197,4.1858206],"to":[14.0,-2.4977198,16.185822],"rotation":{"origin":[-3.0,-5.2877197,12.53582],"axis":"x","angle":45.0},"faces":{"up":{"uv":[0.0,0.0,12.0,12.0],"texture":"#2","rotation":270,"tintindex":0},"down":{"uv":[12.0,0.0,0.0,12.0],"texture":"#2","rotation":270,"tintindex":0}}},{"from":[4.7,2.9799995,-0.3199997],"to":[11.3,2.9799995,6.2799997],"rotation":{"origin":[8.0,2.9799995,2.98],"axis":"y","angle":-45.0},"faces":{"down":{"uv":[0.0,12.5,3.5,16.0],"texture":"#0","rotation":270,"tintindex":0}}},{"from":[3.0,3.0,-2.0200005],"to":[13.0,13.0,7.98],"faces":{"east":{"uv":[11.0,6.0,16.0,11.0],"texture":"#0","tintindex":0},"south":{"uv":[11.0,6.0,16.0,11.0],"texture":"#0","tintindex":0},"north":{"uv":[0.0,7.0,5.0,12.0],"texture":"#0","tintindex":0},"west":{"uv":[11.0,6.0,16.0,11.0],"texture":"#0","tintindex":0},"up":{"uv":[10.0,12.0,5.0,7.0],"texture":"#0","tintindex":0},"down":{"uv":[10.0,12.0,5.0,7.0],"texture":"#0","tintindex":0}}},{"from":[2.98,4.700001,-0.3199997],"to":[2.98,11.299999,6.2799997],"rotation":{"origin":[2.98,8.0,2.98],"axis":"x","angle":45.0},"faces":{"west":{"uv":[12.5,2.5,16.0,6.0],"texture":"#0","tintindex":0}}},{"from":[4.7,13.02,-0.3199997],"to":[11.3,13.02,6.2799997],"rotation":{"origin":[8.0,13.02,2.98],"axis":"y","angle":-45.0},"faces":{"up":{"uv":[0.0,12.5,3.5,16.0],"texture":"#0","rotation":270,"tintindex":0}}},{"from":[4.0,-5.0,-1.0200005],"to":[12.0,3.0,6.98],"faces":{"east":{"uv":[0.0,0.0,16.0,16.0],"texture":"#1","tintindex":0},"south":{"uv":[0.0,0.0,16.0,16.0],"texture":"#1","tintindex":0},"north":{"uv":[0.0,0.0,16.0,16.0],"texture":"#1","tintindex":0},"west":{"uv":[0.0,0.0,16.0,16.0],"texture":"#1","tintindex":0}}},{"from":[-1.2877197,7.0,7.6858206],"to":[-1.2477198,19.0,19.68582],"rotation":{"origin":[-0.28771973,14.0,12.53582],"axis":"y","angle":-45.0},"faces":{"east":{"uv":[0.0,0.0,12.0,12.0],"texture":"#2","tintindex":0},"west":{"uv":[12.0,0.0,0.0,12.0],"texture":"#2","tintindex":0}}},{"from":[13.3,13.3,8.28],"to":[2.7,2.7,-2.3200004],"faces":{"east":{"uv":[13.0,0.0,14.0,1.0],"texture":"#0","tintindex":0},"south":{"uv":[13.0,0.0,14.0,1.0],"texture":"#0","tintindex":0},"north":{"uv":[13.0,0.0,14.0,1.0],"texture":"#0","tintindex":0},"west":{"uv":[13.0,0.0,14.0,1.0],"texture":"#0","tintindex":0},"up":{"uv":[13.0,0.0,14.0,1.0],"texture":"#0","tintindex":0},"down":{"uv":[13.0,0.0,14.0,1.0],"texture":"#0","tintindex":0}}},{"from":[13.02,4.700001,-0.3199997],"to":[13.02,11.299999,6.2799997],"rotation":{"origin":[13.02,8.0,2.98],"axis":"x","angle":-45.0},"faces":{"east":{"uv":[12.5,2.5,16.0,6.0],"texture":"#0","tintindex":0}}},{"from":[4.7,4.700001,8.0],"to":[11.3,11.299999,8.0],"rotation":{"origin":[8.0,8.0,8.0],"axis":"z","angle":-45.0},"faces":{"south":{"uv":[12.5,2.5,16.0,6.0],"texture":"#0","tintindex":0}}}],"textures":{"particle":"#2","0":"modelengine:entity/cubee_end_crystal","1":"modelengine:entity/end_flame","2":"modelengine:entity/end_particle"}}