{"display":{"head":{},"firstperson_righthand":{},"thirdperson_lefthand":{},"firstperson_lefthand":{},"fixed":{},"ground":{},"thirdperson_righthand":{},"gui":{"rotation":[-150.0,-45.0,180.0]}},"elements":[{"from":[8.3,9.8,9.8],"to":[4.7,6.2,6.2],"faces":{"east":{"uv":[14.0,0.0,13.0,1.0],"texture":"#0","tintindex":0},"south":{"uv":[14.0,0.0,13.0,1.0],"texture":"#0","tintindex":0},"north":{"uv":[14.0,0.0,13.0,1.0],"texture":"#0","tintindex":0},"west":{"uv":[14.0,0.0,13.0,1.0],"texture":"#0","tintindex":0},"up":{"uv":[14.0,0.0,13.0,1.0],"texture":"#0","tintindex":0},"down":{"uv":[14.0,0.0,13.0,1.0],"texture":"#0","tintindex":0}}},{"from":[5.0,6.5,6.5],"to":[8.0,9.5,9.5],"faces":{"east":{"uv":[6.5,13.5,5.0,15.0],"texture":"#0","tintindex":0},"south":{"uv":[4.0,13.0,5.5,14.5],"texture":"#0","tintindex":0},"north":{"uv":[5.0,12.0,3.5,13.5],"texture":"#0","tintindex":0},"west":{"uv":[6.5,12.0,5.0,13.5],"texture":"#0","tintindex":0},"up":{"uv":[8.0,12.0,6.5,13.5],"texture":"#0","tintindex":0},"down":{"uv":[5.0,13.5,3.5,15.0],"texture":"#0","tintindex":0}}}],"textures":{"particle":"#0","0":"modelengine:entity/cubee_end_crystal"}}