{"display":{"head":{},"firstperson_righthand":{},"thirdperson_lefthand":{},"firstperson_lefthand":{},"fixed":{},"ground":{},"thirdperson_righthand":{},"gui":{"rotation":[-150.0,-45.0,180.0]}},"elements":[{"from":[4.0,6.0,3.0],"to":[7.0,10.0,3.0],"faces":{"north":{"uv":[9.75,1.5,10.5,2.5],"texture":"#0","tintindex":0}}},{"from":[9.0,6.0,3.0],"to":[12.0,10.0,3.0],"faces":{"north":{"uv":[10.5,1.5,9.75,2.5],"texture":"#0","tintindex":0}}}],"textures":{"particle":"#0","0":"modelengine:entity/cubee_end_fireball"}}