{"display":{"head":{},"firstperson_righthand":{},"thirdperson_lefthand":{},"firstperson_lefthand":{},"fixed":{},"ground":{},"thirdperson_righthand":{},"gui":{"rotation":[-150.0,-45.0,180.0]}},"elements":[{"from":[5.5,6.25,6.5],"to":[10.5,9.25,9.5],"rotation":{"origin":[8.0,7.75,8.0],"axis":"z","angle":-22.5},"faces":{"east":{"uv":[8.75,5.25,9.5,6.0],"texture":"#0","tintindex":0},"south":{"uv":[0.0,8.25,1.25,9.0],"texture":"#0","tintindex":0},"north":{"uv":[7.25,8.0,8.5,8.75],"texture":"#0","tintindex":0},"west":{"uv":[8.75,6.25,9.5,7.0],"texture":"#0","tintindex":0},"up":{"uv":[9.5,0.75,8.25,0.0],"texture":"#0","tintindex":0},"down":{"uv":[9.5,1.0,8.25,1.75],"texture":"#0","tintindex":0}}},{"from":[-1.1000004,6.25,6.5],"to":[3.9,9.25,9.5],"rotation":{"origin":[1.4000001,7.75,8.0],"axis":"z","angle":22.5},"faces":{"east":{"uv":[9.5,6.25,8.75,7.0],"texture":"#0","tintindex":0},"south":{"uv":[1.25,8.25,0.0,9.0],"texture":"#0","tintindex":0},"north":{"uv":[8.5,8.0,7.25,8.75],"texture":"#0","tintindex":0},"west":{"uv":[9.5,5.25,8.75,6.0],"texture":"#0","tintindex":0},"up":{"uv":[8.25,0.75,9.5,0.0],"texture":"#0","tintindex":0},"down":{"uv":[8.25,1.0,9.5,1.75],"texture":"#0","tintindex":0}}},{"from":[5.7,8.5,14.0],"to":[10.7,12.5,19.0],"faces":{"east":{"uv":[7.25,5.5,8.5,6.5],"texture":"#0","tintindex":0},"south":{"uv":[5.75,7.25,7.0,8.25],"texture":"#0","tintindex":0},"north":{"uv":[7.25,4.25,8.5,5.25],"texture":"#0","tintindex":0},"west":{"uv":[7.25,6.75,8.5,7.75],"texture":"#0","tintindex":0},"up":{"uv":[4.0,6.75,2.75,5.5],"texture":"#0","tintindex":0},"down":{"uv":[6.75,2.75,5.5,4.0],"texture":"#0","tintindex":0}}},{"from":[11.567449,7.4082212,9.8],"to":[5.9674478,3.808221,6.2],"rotation":{"origin":[13.767447,8.608221,11.0],"axis":"z","angle":-22.5},"faces":{"east":{"uv":[9.75,0.0,10.25,0.5],"texture":"#0","tintindex":0},"south":{"uv":[9.75,0.0,10.25,0.5],"texture":"#0","tintindex":0},"north":{"uv":[9.75,0.0,10.25,0.5],"texture":"#0","tintindex":0},"west":{"uv":[9.75,0.0,10.25,0.5],"texture":"#0","tintindex":0},"up":{"uv":[9.75,0.0,10.25,0.5],"texture":"#0","tintindex":0},"down":{"uv":[9.75,0.0,10.25,0.5],"texture":"#0","tintindex":0}}},{"from":[-4.58772,4.5,17.70582],"to":[-4.54772,16.5,29.70582],"rotation":{"origin":[-3.58772,11.5,22.55582],"axis":"y","angle":-45.0},"faces":{"east":{"uv":[0.0,0.0,12.0,12.0],"texture":"#2","tintindex":0},"west":{"uv":[12.0,0.0,0.0,12.0],"texture":"#2","tintindex":0}}},{"from":[2.3059804,13.8,14.482816],"to":[-3.2940195,8.2,8.882814],"rotation":{"origin":[4.3059807,17.5,15.832815],"axis":"y","angle":-22.5},"faces":{"east":{"uv":[9.75,0.0,10.25,0.5],"texture":"#0","tintindex":0},"south":{"uv":[9.75,0.0,10.25,0.5],"texture":"#0","tintindex":0},"north":{"uv":[9.75,0.0,10.25,0.5],"texture":"#0","tintindex":0},"west":{"uv":[9.75,0.0,10.25,0.5],"texture":"#0","tintindex":0},"up":{"uv":[9.75,0.0,10.25,0.5],"texture":"#0","tintindex":0},"down":{"uv":[9.75,0.0,10.25,0.5],"texture":"#0","tintindex":0}}},{"from":[3.432552,7.4082212,9.8],"to":[-2.1674478,3.808221,6.2],"rotation":{"origin":[-4.367448,8.608221,11.0],"axis":"z","angle":22.5},"faces":{"east":{"uv":[10.25,0.0,9.75,0.5],"texture":"#0","tintindex":0},"south":{"uv":[10.25,0.0,9.75,0.5],"texture":"#0","tintindex":0},"north":{"uv":[10.25,0.0,9.75,0.5],"texture":"#0","tintindex":0},"west":{"uv":[10.25,0.0,9.75,0.5],"texture":"#0","tintindex":0},"up":{"uv":[10.25,0.0,9.75,0.5],"texture":"#0","tintindex":0},"down":{"uv":[10.25,0.0,9.75,0.5],"texture":"#0","tintindex":0}}},{"from":[-0.6999998,8.5,7.65],"to":[4.3,13.5,12.65],"rotation":{"origin":[1.6000004,12.5,9.3],"axis":"y","angle":-22.5},"faces":{"east":{"uv":[5.75,4.25,7.0,5.5],"texture":"#0","tintindex":0},"south":{"uv":[5.75,5.75,7.0,7.0],"texture":"#0","tintindex":0},"north":{"uv":[4.25,5.5,5.5,6.75],"texture":"#0","tintindex":0},"west":{"uv":[2.75,7.0,4.0,8.25],"texture":"#0","tintindex":0},"up":{"uv":[8.25,4.0,7.0,2.75],"texture":"#0","tintindex":0},"down":{"uv":[5.5,7.0,4.25,8.25],"texture":"#0","tintindex":0}}},{"from":[13.94772,4.5,17.70582],"to":[13.98772,16.5,29.70582],"rotation":{"origin":[12.98772,11.5,22.55582],"axis":"y","angle":45.0},"faces":{"east":{"uv":[0.0,0.0,12.0,12.0],"texture":"#2","tintindex":0},"west":{"uv":[12.0,0.0,0.0,12.0],"texture":"#2","tintindex":0}}},{"from":[10.0,11.8,18.3],"to":[-0.6000002,1.2,7.7],"faces":{"east":{"uv":[9.75,0.0,10.25,0.5],"texture":"#0","tintindex":0},"south":{"uv":[9.75,0.0,10.25,0.5],"texture":"#0","tintindex":0},"north":{"uv":[9.75,0.0,10.25,0.5],"texture":"#0","tintindex":0},"west":{"uv":[9.75,0.0,10.25,0.5],"texture":"#0","tintindex":0},"up":{"uv":[9.75,0.0,10.25,0.5],"texture":"#0","tintindex":0},"down":{"uv":[9.75,0.0,10.25,0.5],"texture":"#0","tintindex":0}}},{"from":[-0.3000002,1.5,8.0],"to":[9.7,11.5,18.0],"faces":{"east":{"uv":[0.0,2.75,2.5,5.25],"texture":"#0","tintindex":0},"south":{"uv":[2.75,0.0,5.25,2.5],"texture":"#0","tintindex":0},"north":{"uv":[0.0,0.0,2.5,2.5],"texture":"#0","tintindex":0},"west":{"uv":[2.75,2.75,5.25,5.25],"texture":"#0","tintindex":0},"up":{"uv":[2.5,8.0,0.0,5.5],"texture":"#0","tintindex":0},"down":{"uv":[8.0,0.0,5.5,2.5],"texture":"#0","tintindex":0}}},{"from":[11.0,12.8,19.3],"to":[5.3999996,8.2,13.7],"faces":{"east":{"uv":[9.75,0.0,10.25,0.5],"texture":"#0","tintindex":0},"south":{"uv":[9.75,0.0,10.25,0.5],"texture":"#0","tintindex":0},"north":{"uv":[9.75,0.0,10.25,0.5],"texture":"#0","tintindex":0},"west":{"uv":[9.75,0.0,10.25,0.5],"texture":"#0","tintindex":0},"up":{"uv":[9.75,0.0,10.25,0.5],"texture":"#0","tintindex":0},"down":{"uv":[9.75,0.0,10.25,0.5],"texture":"#0","tintindex":0}}},{"from":[-1.3000002,-4.0377197,14.20582],"to":[10.7,-3.9977198,26.205822],"rotation":{"origin":[-6.3,-6.7877197,22.55582],"axis":"x","angle":45.0},"faces":{"up":{"uv":[0.0,0.0,12.0,12.0],"texture":"#2","rotation":270,"tintindex":0},"down":{"uv":[12.0,0.0,0.0,12.0],"texture":"#2","rotation":270,"tintindex":0}}}],"textures":{"particle":"#0","0":"modelengine:entity/cubee_end_fireball","2":"modelengine:entity/end_particle"}}