{"display":{"head":{},"firstperson_righthand":{},"thirdperson_lefthand":{},"firstperson_lefthand":{},"fixed":{},"ground":{},"thirdperson_righthand":{},"gui":{"rotation":[-150.0,-45.0,180.0]}},"elements":[{"from":[6.5,5.0,7.0],"to":[9.5,9.0,10.0],"faces":{"east":{"uv":[4.25,8.5,3.5,9.5],"texture":"#0","tintindex":0},"south":{"uv":[3.25,8.5,2.5,9.5],"texture":"#0","tintindex":0},"north":{"uv":[2.25,8.25,1.5,9.25],"texture":"#0","tintindex":0},"west":{"uv":[9.25,2.0,8.5,3.0],"texture":"#0","tintindex":0},"up":{"uv":[8.75,8.0,9.5,7.25],"texture":"#0","tintindex":0},"down":{"uv":[8.75,8.25,9.5,9.0],"texture":"#0","tintindex":0}}},{"from":[9.8,8.3,10.3],"to":[6.2,4.7,6.7],"faces":{"east":{"uv":[10.25,0.0,9.75,0.5],"texture":"#0","tintindex":0},"south":{"uv":[10.25,0.0,9.75,0.5],"texture":"#0","tintindex":0},"north":{"uv":[10.25,0.0,9.75,0.5],"texture":"#0","tintindex":0},"west":{"uv":[10.25,0.0,9.75,0.5],"texture":"#0","tintindex":0},"up":{"uv":[10.25,0.0,9.75,0.5],"texture":"#0","tintindex":0}}}],"textures":{"particle":"#0","0":"modelengine:entity/cubee_end_fireball"}}