{"display":{"head":{},"firstperson_righthand":{},"thirdperson_lefthand":{},"firstperson_lefthand":{},"fixed":{},"ground":{},"thirdperson_righthand":{},"gui":{"rotation":[-150.0,-45.0,180.0]}},"elements":[{"from":[7.0,6.5,6.5],"to":[11.0,9.5,9.5],"faces":{"east":{"uv":[7.0,9.0,7.75,9.75],"texture":"#0","tintindex":0},"south":{"uv":[4.5,8.5,5.5,9.25],"texture":"#0","tintindex":0},"north":{"uv":[8.5,3.25,9.5,4.0],"texture":"#0","tintindex":0},"west":{"uv":[0.0,9.25,0.75,10.0],"texture":"#0","tintindex":0},"up":{"uv":[6.75,9.25,5.75,8.5],"texture":"#0","tintindex":0},"down":{"uv":[9.75,4.25,8.75,5.0],"texture":"#0","tintindex":0}}},{"from":[11.3,9.8,9.8],"to":[7.7,6.2,6.2],"faces":{"south":{"uv":[9.75,0.0,10.25,0.5],"texture":"#0","tintindex":0},"north":{"uv":[9.75,0.0,10.25,0.5],"texture":"#0","tintindex":0},"west":{"uv":[9.75,0.0,10.25,0.5],"texture":"#0","tintindex":0},"up":{"uv":[9.75,0.0,10.25,0.5],"texture":"#0","tintindex":0},"down":{"uv":[9.75,0.0,10.25,0.5],"texture":"#0","tintindex":0}}}],"textures":{"particle":"#0","0":"modelengine:entity/cubee_end_fireball"}}