{"display":{"head":{},"firstperson_righthand":{},"thirdperson_lefthand":{},"firstperson_lefthand":{},"fixed":{},"ground":{},"thirdperson_righthand":{},"gui":{"rotation":[-150.0,-45.0,180.0]}},"elements":[{"from":[6.895833,7.0,6.395833],"to":[9.229166,9.0,8.729167],"faces":{"east":{"uv":[13.8125,11.5,13.625,11.6875],"texture":"#0","tintindex":0},"south":{"uv":[13.8125,11.5,13.625,11.6875],"texture":"#0","tintindex":0},"north":{"uv":[13.8125,11.5,13.625,11.6875],"texture":"#0","tintindex":0},"west":{"uv":[13.8125,11.5,13.625,11.6875],"texture":"#0","tintindex":0},"up":{"uv":[13.8125,11.5,13.625,11.6875],"texture":"#0","tintindex":0},"down":{"uv":[13.8125,11.5,13.625,11.6875],"texture":"#0","tintindex":0}}},{"from":[-1.4501648,9.966667,8.51904],"to":[2.5498352,10.0,11.852374],"faces":{"south":{"uv":[15.875,0.25,16.0,0.0],"texture":"#0","tintindex":0},"up":{"uv":[6.5,6.625,7.25,6.0],"texture":"#0","tintindex":0},"down":{"uv":[6.5,6.0,7.25,6.625],"texture":"#0","tintindex":0}}},{"from":[0.8831682,10.65654,7.5625],"to":[4.883168,13.989874,7.5958333],"faces":{"south":{"uv":[6.5,6.0,7.25,6.625],"texture":"#0","tintindex":0},"north":{"uv":[6.5,6.625,7.25,6.0],"texture":"#0","rotation":180,"tintindex":0},"up":{"uv":[15.875,0.25,16.0,0.0],"texture":"#0","tintindex":0}}},{"from":[-10.770836,9.333333,6.5625],"to":[9.229166,10.666667,8.5625],"faces":{"east":{"uv":[14.3125,3.625,13.875,3.875],"texture":"#0","tintindex":0},"south":{"uv":[8.375,6.5625,12.125,6.8125],"texture":"#0","tintindex":0},"north":{"uv":[12.125,6.5625,8.375,6.8125],"texture":"#0","tintindex":0},"west":{"uv":[13.875,3.625,14.3125,3.875],"texture":"#0","tintindex":0},"up":{"uv":[7.0625,0.375,10.8125,0.0],"texture":"#0","tintindex":0},"down":{"uv":[7.0625,0.0,10.8125,0.375],"texture":"#0","tintindex":0}}},{"from":[0.8831682,2.0101266,7.5625],"to":[4.883168,5.34346,7.5958333],"faces":{"south":{"uv":[6.5,6.625,7.25,6.0],"texture":"#0","tintindex":0},"north":{"uv":[6.5,6.0,7.25,6.625],"texture":"#0","rotation":180,"tintindex":0},"down":{"uv":[15.875,0.0,16.0,0.25],"texture":"#0","tintindex":0}}},{"from":[-9.116833,5.633333,8.51904],"to":[-5.116832,5.6666665,11.852374],"faces":{"south":{"uv":[15.875,0.25,16.0,0.0],"texture":"#0","tintindex":0},"up":{"uv":[6.5,6.625,7.25,6.0],"texture":"#0","tintindex":0},"down":{"uv":[6.5,6.0,7.25,6.625],"texture":"#0","tintindex":0}}},{"from":[-6.783499,2.0101266,7.5625],"to":[-2.7834988,5.34346,7.5958333],"faces":{"south":{"uv":[6.5,6.625,7.25,6.0],"texture":"#0","tintindex":0},"north":{"uv":[6.5,6.0,7.25,6.625],"texture":"#0","rotation":180,"tintindex":0},"down":{"uv":[15.875,0.0,16.0,0.25],"texture":"#0","tintindex":0}}},{"from":[7.2291665,4.6666665,6.7291665],"to":[8.895833,11.333334,8.395833],"faces":{"east":{"uv":[6.8125,11.625,6.5,12.875],"texture":"#0","tintindex":0},"south":{"uv":[6.8125,11.625,6.5,12.875],"texture":"#0","tintindex":0},"north":{"uv":[6.8125,11.625,6.5,12.875],"texture":"#0","tintindex":0},"west":{"uv":[6.8125,11.625,6.5,12.875],"texture":"#0","tintindex":0},"up":{"uv":[3.0,9.375,3.3125,9.0625],"texture":"#0","tintindex":0},"down":{"uv":[3.0,9.0625,3.3125,9.375],"texture":"#0","tintindex":0}}},{"from":[-1.4501648,5.633333,8.51904],"to":[2.5498352,5.6666665,11.852374],"faces":{"south":{"uv":[15.875,0.25,16.0,0.0],"texture":"#0","tintindex":0},"up":{"uv":[6.5,6.625,7.25,6.0],"texture":"#0","tintindex":0},"down":{"uv":[6.5,6.0,7.25,6.625],"texture":"#0","tintindex":0}}},{"from":[-10.104168,4.6666665,6.7291665],"to":[-8.437502,11.333334,8.395833],"faces":{"east":{"uv":[6.8125,11.625,6.5,12.875],"texture":"#0","tintindex":0},"south":{"uv":[6.8125,11.625,6.5,12.875],"texture":"#0","tintindex":0},"north":{"uv":[6.8125,11.625,6.5,12.875],"texture":"#0","tintindex":0},"west":{"uv":[6.8125,11.625,6.5,12.875],"texture":"#0","tintindex":0},"up":{"uv":[3.0,9.375,3.3125,9.0625],"texture":"#0","tintindex":0},"down":{"uv":[3.0,9.0625,3.3125,9.375],"texture":"#0","tintindex":0}}},{"from":[-9.116833,9.966667,8.51904],"to":[-5.116832,10.0,11.852374],"faces":{"south":{"uv":[15.875,0.25,16.0,0.0],"texture":"#0","tintindex":0},"up":{"uv":[6.5,6.625,7.25,6.0],"texture":"#0","tintindex":0},"down":{"uv":[6.5,6.0,7.25,6.625],"texture":"#0","tintindex":0}}},{"from":[-6.783499,10.65654,7.5625],"to":[-2.7834988,13.989874,7.5958333],"faces":{"south":{"uv":[6.5,6.0,7.25,6.625],"texture":"#0","tintindex":0},"north":{"uv":[6.5,6.625,7.25,6.0],"texture":"#0","rotation":180,"tintindex":0},"up":{"uv":[15.875,0.25,16.0,0.0],"texture":"#0","tintindex":0}}},{"from":[-10.770836,5.333333,6.5625],"to":[9.229166,6.6666665,8.5625],"faces":{"east":{"uv":[14.3125,3.625,13.875,3.875],"texture":"#0","tintindex":0},"south":{"uv":[8.375,6.5625,12.125,6.8125],"texture":"#0","tintindex":0},"north":{"uv":[12.125,6.5625,8.375,6.8125],"texture":"#0","tintindex":0},"west":{"uv":[13.875,3.625,14.3125,3.875],"texture":"#0","tintindex":0},"up":{"uv":[7.0625,0.375,10.8125,0.0],"texture":"#0","tintindex":0},"down":{"uv":[7.0625,0.0,10.8125,0.375],"texture":"#0","tintindex":0}}}],"textures":{"particle":"#0","0":"modelengine:entity/ce87828b-e79e-3451-ba37-df2252904e58"}}