{"display":{"head":{},"firstperson_righthand":{},"thirdperson_lefthand":{},"firstperson_lefthand":{},"fixed":{},"ground":{},"thirdperson_righthand":{},"gui":{"rotation":[-150.0,-45.0,180.0]}},"elements":[{"from":[-1.2874985,6.2281246,6.0531254],"to":[7.7125015,9.728125,9.553125],"faces":{"east":{"uv":[9.875,13.1875,9.4375,13.625],"texture":"#0","tintindex":0},"south":{"uv":[9.5,11.1875,10.625,11.625],"texture":"#0","tintindex":0},"north":{"uv":[10.625,11.1875,9.5,11.625],"texture":"#0","tintindex":0},"west":{"uv":[9.4375,13.1875,9.875,13.625],"texture":"#0","tintindex":0},"up":{"uv":[11.25,2.5625,12.375,2.125],"texture":"#0","tintindex":0},"down":{"uv":[11.25,2.125,12.375,2.5625],"texture":"#0","tintindex":0}}},{"from":[-0.8125,6.253124,2.0781255],"to":[2.6875,9.753124,5.078125],"faces":{"east":{"uv":[1.75,8.0625,1.375,8.5],"texture":"#0","tintindex":0},"south":{"uv":[13.75,2.875,13.3125,3.3125],"texture":"#0","tintindex":0},"north":{"uv":[13.75,2.875,13.3125,3.3125],"texture":"#0","tintindex":0},"west":{"uv":[1.75,8.0625,1.375,8.5],"texture":"#0","tintindex":0},"up":{"uv":[3.3125,8.5625,3.75,8.1875],"texture":"#0","tintindex":0},"down":{"uv":[3.3125,8.1875,3.75,8.5625],"texture":"#0","tintindex":0}}},{"from":[-0.3125,6.753124,1.0781255],"to":[2.1875,9.253124,15.078125],"faces":{"east":{"uv":[9.375,1.375,7.625,1.6875],"texture":"#0","tintindex":0},"south":{"uv":[14.375,8.75,14.0625,9.0625],"texture":"#0","tintindex":0},"north":{"uv":[14.375,8.4375,14.0625,8.75],"texture":"#0","tintindex":0},"west":{"uv":[9.375,1.375,7.625,1.6875],"texture":"#0","tintindex":0},"up":{"uv":[4.5625,10.625,4.875,8.875],"texture":"#0","tintindex":0},"down":{"uv":[4.5625,8.875,4.875,10.625],"texture":"#0","tintindex":0}}},{"from":[-11.478523,2.7286873,3.4531255],"to":[1.5214767,12.228687,3.7031255],"rotation":{"origin":[-0.2624588,5.1262846,7.8031254],"axis":"z","angle":-45.0},"faces":{"east":{"uv":[16.0,0.0,15.9375,0.0625],"texture":"#0","tintindex":0},"south":{"uv":[5.0,2.9375,3.375,4.125],"texture":"#0","tintindex":0},"north":{"uv":[3.375,2.9375,5.0,4.125],"texture":"#0","tintindex":0},"up":{"uv":[13.625,7.1875,15.25,7.125],"texture":"#0","tintindex":0},"down":{"uv":[13.6875,9.1875,15.3125,9.25],"texture":"#0","tintindex":0}}},{"from":[-1.1124954,-1.1218758,6.1031256],"to":[2.8875046,1.3781242,10.103126],"faces":{"east":{"uv":[12.0625,14.125,11.75,13.625],"texture":"#0","rotation":90,"tintindex":0},"south":{"uv":[13.625,12.0,13.9375,12.5],"texture":"#0","rotation":90,"tintindex":0},"north":{"uv":[12.0625,14.125,12.375,13.625],"texture":"#0","rotation":90,"tintindex":0},"west":{"uv":[13.9375,12.0,13.625,11.5],"texture":"#0","rotation":270,"tintindex":0},"up":{"uv":[12.625,12.75,12.75,12.875],"texture":"#0","rotation":180,"tintindex":0},"down":{"uv":[12.625,12.75,13.125,13.25],"texture":"#0","tintindex":0}}},{"from":[-0.8125,6.253124,10.578125],"to":[2.6875,9.753124,13.578125],"faces":{"east":{"uv":[1.75,8.0625,1.375,8.5],"texture":"#0","tintindex":0},"south":{"uv":[13.75,2.875,13.3125,3.3125],"texture":"#0","tintindex":0},"north":{"uv":[13.75,2.875,13.3125,3.3125],"texture":"#0","tintindex":0},"west":{"uv":[1.75,8.0625,1.375,8.5],"texture":"#0","tintindex":0},"up":{"uv":[3.3125,8.5625,3.75,8.1875],"texture":"#0","tintindex":0},"down":{"uv":[3.3125,8.1875,3.75,8.5625],"texture":"#0","tintindex":0}}},{"from":[-0.8125,2.2531242,6.328125],"to":[2.6875,5.253124,9.828125],"faces":{"east":{"uv":[1.375,8.5,1.75,8.0625],"texture":"#0","rotation":90,"tintindex":0},"south":{"uv":[3.3125,8.5625,3.75,8.1875],"texture":"#0","tintindex":0},"north":{"uv":[3.3125,8.1875,3.75,8.5625],"texture":"#0","rotation":180,"tintindex":0},"west":{"uv":[1.375,8.5,1.75,8.0625],"texture":"#0","rotation":270,"tintindex":0},"up":{"uv":[13.75,2.875,13.3125,3.3125],"texture":"#0","rotation":180,"tintindex":0},"down":{"uv":[13.75,2.875,13.3125,3.3125],"texture":"#0","tintindex":0}}},{"from":[-1.1124954,5.953124,14.553125],"to":[2.8875046,9.953125,17.053125],"faces":{"east":{"uv":[12.0625,13.625,11.75,14.125],"texture":"#0","tintindex":0},"south":{"uv":[13.125,12.75,12.625,13.25],"texture":"#0","tintindex":0},"north":{"uv":[13.125,12.75,12.625,13.25],"texture":"#0","tintindex":0},"west":{"uv":[13.9375,11.5,13.625,12.0],"texture":"#0","tintindex":0},"up":{"uv":[13.9375,12.0,13.625,12.5],"texture":"#0","rotation":90,"tintindex":0},"down":{"uv":[12.375,14.125,12.0625,13.625],"texture":"#0","rotation":270,"tintindex":0}}},{"from":[-11.478523,2.7286873,11.953125],"to":[1.5214767,12.228687,12.203125],"rotation":{"origin":[-0.2624588,5.1262846,7.8031254],"axis":"z","angle":-45.0},"faces":{"south":{"uv":[5.0,2.9375,3.375,4.125],"texture":"#0","tintindex":0},"north":{"uv":[3.375,2.9375,5.0,4.125],"texture":"#0","tintindex":0}}},{"from":[-0.3125,1.2531242,6.828125],"to":[2.1875,6.253124,9.328125],"faces":{"east":{"uv":[3.3125,8.4375,3.0,9.0625],"texture":"#0","tintindex":0},"south":{"uv":[3.3125,8.4375,3.0,9.0625],"texture":"#0","tintindex":0},"north":{"uv":[3.3125,8.4375,3.0,9.0625],"texture":"#0","tintindex":0},"west":{"uv":[3.3125,8.4375,3.0,9.0625],"texture":"#0","tintindex":0},"up":{"uv":[8.9375,14.375,9.25,14.0625],"texture":"#0","tintindex":0},"down":{"uv":[14.0625,9.25,14.375,9.5625],"texture":"#0","tintindex":0}}},{"from":[-1.1124954,5.953124,-1.4468746],"to":[2.8875046,9.953125,1.0531254],"faces":{"east":{"uv":[11.75,13.625,12.0625,14.125],"texture":"#0","tintindex":0},"south":{"uv":[12.625,12.75,13.125,13.25],"texture":"#0","tintindex":0},"north":{"uv":[12.625,12.75,13.125,13.25],"texture":"#0","tintindex":0},"west":{"uv":[13.625,11.5,13.9375,12.0],"texture":"#0","tintindex":0},"up":{"uv":[13.625,12.0,13.9375,12.5],"texture":"#0","rotation":90,"tintindex":0},"down":{"uv":[12.0625,14.125,12.375,13.625],"texture":"#0","rotation":270,"tintindex":0}}},{"from":[-10.547165,0.31970882,7.953125],"to":[2.452835,9.81971,8.203125],"rotation":{"origin":[-0.2624588,5.1262846,7.8031254],"axis":"z","angle":22.5},"faces":{"south":{"uv":[5.0,4.125,3.375,2.9375],"texture":"#0","tintindex":0},"north":{"uv":[3.375,4.125,5.0,2.9375],"texture":"#0","tintindex":0}}}],"textures":{"particle":"#0","0":"modelengine:entity/ce87828b-e79e-3451-ba37-df2252904e58"}}