{"display":{"head":{},"firstperson_righthand":{},"thirdperson_lefthand":{},"firstperson_lefthand":{},"fixed":{},"ground":{},"thirdperson_righthand":{},"gui":{"rotation":[-150.0,-45.0,180.0]}},"elements":[{"from":[10.660471,7.987499,-4.2215767],"to":[29.660471,8.087498,10.778423],"rotation":{"origin":[15.410471,8.012501,4.278423],"axis":"y","angle":22.5},"faces":{"south":{"uv":[16.0,0.0,15.875,0.25],"texture":"#0","tintindex":0},"up":{"uv":[6.5,5.6875,5.3125,4.75],"texture":"#0","tintindex":0},"down":{"uv":[6.5,4.75,5.3125,5.6875],"texture":"#0","tintindex":0}}},{"from":[3.6604705,5.987499,1.7784228],"to":[17.660471,9.987499,8.778423],"rotation":{"origin":[15.410471,8.012501,4.278423],"axis":"y","angle":22.5},"faces":{"east":{"uv":[6.0,7.25,6.4375,7.5],"texture":"#0","tintindex":0},"south":{"uv":[6.75,12.9375,5.875,13.1875],"texture":"#0","tintindex":0},"north":{"uv":[5.875,12.9375,6.75,13.1875],"texture":"#0","tintindex":0},"west":{"uv":[6.0,7.25,6.4375,7.5],"texture":"#0","tintindex":0},"up":{"uv":[12.5625,7.5,11.6875,7.0625],"texture":"#0","tintindex":0},"down":{"uv":[12.5625,7.0625,11.6875,7.5],"texture":"#0","tintindex":0}}},{"from":[12.599749,0.98749924,3.797563],"to":[15.599749,14.987499,6.797563],"rotation":{"origin":[15.410471,8.012501,4.278423],"axis":"y","angle":22.5},"faces":{"east":{"uv":[4.3125,9.125,4.5,10.0],"texture":"#0","tintindex":0},"south":{"uv":[4.3125,9.125,4.5,10.0],"texture":"#0","tintindex":0},"north":{"uv":[4.3125,9.125,4.5,10.0],"texture":"#0","tintindex":0},"west":{"uv":[10.75,13.1875,10.9375,14.0625],"texture":"#0","tintindex":0},"up":{"uv":[9.1875,7.9375,9.0,7.75],"texture":"#0","tintindex":0},"down":{"uv":[9.1875,7.75,9.0,7.9375],"texture":"#0","tintindex":0}}},{"from":[11.599749,4.987499,2.797563],"to":[16.599749,10.987499,7.797563],"rotation":{"origin":[15.410471,8.012501,4.278423],"axis":"y","angle":22.5},"faces":{"east":{"uv":[7.3125,12.5625,7.625,12.9375],"texture":"#0","tintindex":0},"south":{"uv":[7.3125,12.5625,7.625,12.9375],"texture":"#0","tintindex":0},"north":{"uv":[7.3125,12.5625,7.625,12.9375],"texture":"#0","tintindex":0},"west":{"uv":[7.3125,12.5625,7.625,12.9375],"texture":"#0","tintindex":0},"up":{"uv":[7.3125,12.5625,7.625,12.9375],"texture":"#0","tintindex":0},"down":{"uv":[7.3125,12.5625,7.625,12.9375],"texture":"#0","tintindex":0}}}],"textures":{"particle":"#0","0":"modelengine:entity/ce87828b-e79e-3451-ba37-df2252904e58"}}