{"display":{"head":{},"firstperson_righthand":{},"thirdperson_lefthand":{},"firstperson_lefthand":{},"fixed":{},"ground":{},"thirdperson_righthand":{},"gui":{"rotation":[-150.0,-45.0,180.0]}},"elements":[{"from":[5.25,7.0,6.75],"to":[10.75,9.0,8.75],"faces":{"east":{"uv":[7.3125,12.5625,7.8125,13.0625],"texture":"#0","tintindex":0},"south":{"uv":[10.5625,2.9375,11.9375,3.4375],"texture":"#0","tintindex":0},"north":{"uv":[10.5625,2.9375,11.9375,3.4375],"texture":"#0","tintindex":0},"west":{"uv":[12.5625,10.4375,13.0625,10.9375],"texture":"#0","tintindex":0},"up":{"uv":[11.9375,3.4375,10.5625,2.9375],"texture":"#0","tintindex":0},"down":{"uv":[11.9375,2.9375,10.5625,3.4375],"texture":"#0","tintindex":0}}},{"from":[10.509499,3.7575955,-0.5],"to":[13.509499,6.2575955,-0.47499847],"faces":{"south":{"uv":[7.25,6.625,6.5,6.0],"texture":"#0","tintindex":0},"north":{"uv":[7.25,6.0,6.5,6.625],"texture":"#0","rotation":180,"tintindex":0},"down":{"uv":[16.0,0.0,15.875,0.25],"texture":"#0","tintindex":0}}},{"from":[5.25,7.0,-14.25],"to":[10.75,9.0,-12.25],"faces":{"east":{"uv":[7.3125,12.5625,7.8125,13.0625],"texture":"#0","tintindex":0},"south":{"uv":[10.5625,2.9375,11.9375,3.4375],"texture":"#0","tintindex":0},"north":{"uv":[10.5625,2.9375,11.9375,3.4375],"texture":"#0","tintindex":0},"west":{"uv":[12.5625,10.4375,13.0625,10.9375],"texture":"#0","tintindex":0},"up":{"uv":[11.9375,3.4375,10.5625,2.9375],"texture":"#0","tintindex":0},"down":{"uv":[11.9375,2.9375,10.5625,3.4375],"texture":"#0","tintindex":0}}},{"from":[3.5,6.7500005,4.25],"to":[5.0,9.25,9.25],"faces":{"east":{"uv":[9.875,9.625,8.625,10.25],"texture":"#0","tintindex":0},"south":{"uv":[4.3125,8.3125,3.9375,8.9375],"texture":"#0","tintindex":0},"north":{"uv":[3.9375,8.3125,4.3125,8.9375],"texture":"#0","tintindex":0},"west":{"uv":[8.625,9.625,9.875,10.25],"texture":"#0","tintindex":0},"up":{"uv":[1.3125,7.25,0.9375,8.5],"texture":"#0","tintindex":0},"down":{"uv":[1.3125,8.5,0.9375,7.25],"texture":"#0","tintindex":0}}},{"from":[10.509499,3.7575955,-5.75],"to":[13.509499,6.2575955,-5.7249985],"faces":{"south":{"uv":[7.25,6.625,6.5,6.0],"texture":"#0","tintindex":0},"north":{"uv":[7.25,6.0,6.5,6.625],"texture":"#0","rotation":180,"tintindex":0},"down":{"uv":[16.0,0.0,15.875,0.25],"texture":"#0","tintindex":0}}},{"from":[1.75,-0.42462063,-11.174622],"to":[3.0,1.5753789,-9.174622],"rotation":{"origin":[8.0,8.0,-2.75],"axis":"x","angle":45.0},"faces":{"east":{"uv":[13.125,12.75,12.625,13.25],"texture":"#0","tintindex":0},"south":{"uv":[12.0625,13.625,11.75,14.125],"texture":"#0","tintindex":0},"north":{"uv":[13.9375,11.5,13.625,12.0],"texture":"#0","tintindex":0},"west":{"uv":[13.125,12.75,12.625,13.25],"texture":"#0","tintindex":0},"up":{"uv":[13.625,12.5,13.9375,12.0],"texture":"#0","tintindex":0},"down":{"uv":[12.0625,13.625,12.375,14.125],"texture":"#0","tintindex":0}}},{"from":[3.0,7.25,7.0],"to":[5.25,8.75,8.5],"faces":{"east":{"uv":[14.0625,8.8125,13.6875,9.1875],"texture":"#0","tintindex":0},"south":{"uv":[12.9375,8.0625,13.5,8.4375],"texture":"#0","tintindex":0},"north":{"uv":[13.5,8.0625,12.9375,8.4375],"texture":"#0","tintindex":0},"west":{"uv":[14.0625,4.125,13.6875,4.5],"texture":"#0","tintindex":0},"up":{"uv":[12.9375,8.4375,13.5,8.0625],"texture":"#0","tintindex":0},"down":{"uv":[12.9375,8.4375,13.5,8.0625],"texture":"#0","tintindex":0}}},{"from":[2.4905014,3.7575955,-5.75],"to":[5.4905014,6.2575955,-5.7249985],"faces":{"south":{"uv":[6.5,6.625,7.25,6.0],"texture":"#0","tintindex":0},"north":{"uv":[6.5,6.0,7.25,6.625],"texture":"#0","rotation":180,"tintindex":0},"down":{"uv":[15.875,0.0,16.0,0.25],"texture":"#0","tintindex":0}}},{"from":[10.5,6.2500005,-9.5],"to":[12.75,9.75,4.25],"faces":{"east":{"uv":[2.25,0.0,5.6875,0.875],"texture":"#0","tintindex":0},"south":{"uv":[0.375,6.125,0.9375,7.0],"texture":"#0","tintindex":0},"north":{"uv":[0.9375,6.125,0.375,7.0],"texture":"#0","tintindex":0},"west":{"uv":[5.6875,0.0,2.25,0.875],"texture":"#0","tintindex":0},"up":{"uv":[2.8125,5.1875,2.25,1.75],"texture":"#0","tintindex":0},"down":{"uv":[2.8125,1.75,2.25,5.1875],"texture":"#0","tintindex":0}}},{"from":[10.509499,9.742406,-5.75],"to":[13.509499,12.242406,-5.7249985],"faces":{"south":{"uv":[7.25,6.0,6.5,6.625],"texture":"#0","tintindex":0},"north":{"uv":[7.25,6.625,6.5,6.0],"texture":"#0","rotation":180,"tintindex":0},"up":{"uv":[16.0,0.25,15.875,0.0],"texture":"#0","tintindex":0}}},{"from":[10.75,7.25,-14.0],"to":[13.0,8.75,-12.5],"faces":{"east":{"uv":[13.6875,4.125,14.0625,4.5],"texture":"#0","tintindex":0},"south":{"uv":[13.5,8.0625,12.9375,8.4375],"texture":"#0","tintindex":0},"north":{"uv":[12.9375,8.0625,13.5,8.4375],"texture":"#0","tintindex":0},"west":{"uv":[13.6875,8.8125,14.0625,9.1875],"texture":"#0","tintindex":0},"up":{"uv":[13.5,8.4375,12.9375,8.0625],"texture":"#0","tintindex":0},"down":{"uv":[13.5,8.4375,12.9375,8.0625],"texture":"#0","tintindex":0}}},{"from":[2.4905014,3.7575955,-0.5],"to":[5.4905014,6.2575955,-0.47499847],"faces":{"south":{"uv":[6.5,6.625,7.25,6.0],"texture":"#0","tintindex":0},"north":{"uv":[6.5,6.0,7.25,6.625],"texture":"#0","rotation":180,"tintindex":0},"down":{"uv":[15.875,0.0,16.0,0.25],"texture":"#0","tintindex":0}}},{"from":[1.2655015,9.742406,-4.75],"to":[4.2655015,12.242406,-4.7249985],"faces":{"south":{"uv":[6.5,6.0,7.25,6.625],"texture":"#0","tintindex":0},"north":{"uv":[6.5,6.625,7.25,6.0],"texture":"#0","rotation":180,"tintindex":0},"up":{"uv":[15.875,0.25,16.0,0.0],"texture":"#0","tintindex":0}}},{"from":[1.2655015,3.7575955,-4.75],"to":[4.2655015,6.2575955,-4.7249985],"faces":{"south":{"uv":[6.5,6.625,7.25,6.0],"texture":"#0","tintindex":0},"north":{"uv":[6.5,6.0,7.25,6.625],"texture":"#0","rotation":180,"tintindex":0},"down":{"uv":[15.875,0.0,16.0,0.25],"texture":"#0","tintindex":0}}},{"from":[11.0,6.7500005,-14.5],"to":[12.5,9.25,-9.5],"faces":{"east":{"uv":[8.625,9.625,9.875,10.25],"texture":"#0","tintindex":0},"south":{"uv":[4.3125,8.3125,3.9375,8.9375],"texture":"#0","tintindex":0},"north":{"uv":[3.9375,8.3125,4.3125,8.9375],"texture":"#0","tintindex":0},"west":{"uv":[9.875,9.625,8.625,10.25],"texture":"#0","tintindex":0},"up":{"uv":[1.3125,8.5,0.9375,7.25],"texture":"#0","tintindex":0},"down":{"uv":[1.3125,7.25,0.9375,8.5],"texture":"#0","tintindex":0}}},{"from":[2.4905014,9.742406,-0.5],"to":[5.4905014,12.242406,-0.47499847],"faces":{"south":{"uv":[6.5,6.0,7.25,6.625],"texture":"#0","tintindex":0},"north":{"uv":[6.5,6.625,7.25,6.0],"texture":"#0","rotation":180,"tintindex":0},"up":{"uv":[15.875,0.25,16.0,0.0],"texture":"#0","tintindex":0}}},{"from":[2.4327898,2.6720495,-5.25],"to":[5.43279,5.1720495,-5.2249985],"rotation":{"origin":[8.0,8.0,-2.75],"axis":"z","angle":-45.0},"faces":{"south":{"uv":[7.25,6.625,8.0,6.0],"texture":"#0","tintindex":0},"north":{"uv":[7.25,6.0,8.0,6.625],"texture":"#0","rotation":180,"tintindex":0},"up":{"uv":[15.875,0.25,16.0,0.0],"texture":"#0","tintindex":0}}},{"from":[13.0,14.424622,3.6746216],"to":[14.25,16.424622,5.6746216],"rotation":{"origin":[8.0,8.0,-2.75],"axis":"x","angle":45.0},"faces":{"east":{"uv":[12.625,12.75,13.125,13.25],"texture":"#0","tintindex":0},"south":{"uv":[11.75,13.625,12.0625,14.125],"texture":"#0","tintindex":0},"north":{"uv":[13.625,11.5,13.9375,12.0],"texture":"#0","tintindex":0},"west":{"uv":[12.625,12.75,13.125,13.25],"texture":"#0","tintindex":0},"up":{"uv":[13.9375,12.5,13.625,12.0],"texture":"#0","tintindex":0},"down":{"uv":[12.375,13.625,12.0625,14.125],"texture":"#0","tintindex":0}}},{"from":[2.4905014,9.742406,-5.75],"to":[5.4905014,12.242406,-5.7249985],"faces":{"south":{"uv":[6.5,6.0,7.25,6.625],"texture":"#0","tintindex":0},"north":{"uv":[6.5,6.625,7.25,6.0],"texture":"#0","rotation":180,"tintindex":0},"up":{"uv":[15.875,0.25,16.0,0.0],"texture":"#0","tintindex":0}}},{"from":[10.75,7.25,7.0],"to":[13.0,8.75,8.5],"faces":{"east":{"uv":[13.6875,4.125,14.0625,4.5],"texture":"#0","tintindex":0},"south":{"uv":[13.5,8.0625,12.9375,8.4375],"texture":"#0","tintindex":0},"north":{"uv":[12.9375,8.0625,13.5,8.4375],"texture":"#0","tintindex":0},"west":{"uv":[13.6875,8.8125,14.0625,9.1875],"texture":"#0","tintindex":0},"up":{"uv":[13.5,8.4375,12.9375,8.0625],"texture":"#0","tintindex":0},"down":{"uv":[13.5,8.4375,12.9375,8.0625],"texture":"#0","tintindex":0}}},{"from":[11.734499,9.742406,-4.75],"to":[14.734499,12.242406,-4.7249985],"faces":{"south":{"uv":[7.25,6.0,6.5,6.625],"texture":"#0","tintindex":0},"north":{"uv":[7.25,6.625,6.5,6.0],"texture":"#0","rotation":180,"tintindex":0},"up":{"uv":[16.0,0.25,15.875,0.0],"texture":"#0","tintindex":0}}},{"from":[3.25,6.2500005,-9.5],"to":[5.5,9.75,4.25],"faces":{"east":{"uv":[2.25,0.0,5.6875,0.875],"texture":"#0","tintindex":0},"south":{"uv":[0.9375,6.125,0.375,7.0],"texture":"#0","tintindex":0},"north":{"uv":[0.375,6.125,0.9375,7.0],"texture":"#0","tintindex":0},"west":{"uv":[5.6875,0.0,2.25,0.875],"texture":"#0","tintindex":0},"up":{"uv":[2.25,5.1875,2.8125,1.75],"texture":"#0","tintindex":0},"down":{"uv":[2.25,1.75,2.8125,5.1875],"texture":"#0","tintindex":0}}},{"from":[1.75,14.424622,3.6746216],"to":[3.0,16.424622,5.6746216],"rotation":{"origin":[8.0,8.0,-2.75],"axis":"x","angle":45.0},"faces":{"east":{"uv":[13.125,12.75,12.625,13.25],"texture":"#0","tintindex":0},"south":{"uv":[12.0625,13.625,11.75,14.125],"texture":"#0","tintindex":0},"north":{"uv":[13.9375,11.5,13.625,12.0],"texture":"#0","tintindex":0},"west":{"uv":[13.125,12.75,12.625,13.25],"texture":"#0","tintindex":0},"up":{"uv":[13.625,12.5,13.9375,12.0],"texture":"#0","tintindex":0},"down":{"uv":[12.0625,13.625,12.375,14.125],"texture":"#0","tintindex":0}}},{"from":[2.4327898,2.6720495,0.0],"to":[5.43279,5.1720495,0.025001526],"rotation":{"origin":[8.0,8.0,-2.75],"axis":"z","angle":-45.0},"faces":{"south":{"uv":[7.25,6.625,8.0,6.0],"texture":"#0","tintindex":0},"north":{"uv":[7.25,6.0,8.0,6.625],"texture":"#0","rotation":180,"tintindex":0},"up":{"uv":[15.875,0.25,16.0,0.0],"texture":"#0","tintindex":0}}},{"from":[11.734499,3.7575955,-4.75],"to":[14.734499,6.2575955,-4.7249985],"faces":{"south":{"uv":[7.25,6.625,6.5,6.0],"texture":"#0","tintindex":0},"north":{"uv":[7.25,6.0,6.5,6.625],"texture":"#0","rotation":180,"tintindex":0},"down":{"uv":[16.0,0.0,15.875,0.25],"texture":"#0","tintindex":0}}},{"from":[11.734499,3.7575955,0.5],"to":[14.734499,6.2575955,0.5250015],"faces":{"south":{"uv":[7.25,6.625,6.5,6.0],"texture":"#0","tintindex":0},"north":{"uv":[7.25,6.0,6.5,6.625],"texture":"#0","rotation":180,"tintindex":0},"down":{"uv":[16.0,0.0,15.875,0.25],"texture":"#0","tintindex":0}}},{"from":[10.56721,2.6720495,0.0],"to":[13.56721,5.1720495,0.025001526],"rotation":{"origin":[8.0,8.0,-2.75],"axis":"z","angle":45.0},"faces":{"south":{"uv":[8.0,6.625,7.25,6.0],"texture":"#0","tintindex":0},"north":{"uv":[8.0,6.0,7.25,6.625],"texture":"#0","rotation":180,"tintindex":0},"up":{"uv":[16.0,0.25,15.875,0.0],"texture":"#0","tintindex":0}}},{"from":[11.734499,9.742406,0.5],"to":[14.734499,12.242406,0.5250015],"faces":{"south":{"uv":[7.25,6.0,6.5,6.625],"texture":"#0","tintindex":0},"north":{"uv":[7.25,6.625,6.5,6.0],"texture":"#0","rotation":180,"tintindex":0},"up":{"uv":[16.0,0.25,15.875,0.0],"texture":"#0","tintindex":0}}},{"from":[1.2655015,9.742406,0.5],"to":[4.2655015,12.242406,0.5250015],"faces":{"south":{"uv":[6.5,6.0,7.25,6.625],"texture":"#0","tintindex":0},"north":{"uv":[6.5,6.625,7.25,6.0],"texture":"#0","rotation":180,"tintindex":0},"up":{"uv":[15.875,0.25,16.0,0.0],"texture":"#0","tintindex":0}}},{"from":[10.509499,9.742406,-0.5],"to":[13.509499,12.242406,-0.47499847],"faces":{"south":{"uv":[7.25,6.0,6.5,6.625],"texture":"#0","tintindex":0},"north":{"uv":[7.25,6.625,6.5,6.0],"texture":"#0","rotation":180,"tintindex":0},"up":{"uv":[16.0,0.25,15.875,0.0],"texture":"#0","tintindex":0}}},{"from":[3.5,6.7500005,-14.5],"to":[5.0,9.25,-9.5],"faces":{"east":{"uv":[8.625,9.625,9.875,10.25],"texture":"#0","tintindex":0},"south":{"uv":[4.3125,8.3125,3.9375,8.9375],"texture":"#0","tintindex":0},"north":{"uv":[3.9375,8.3125,4.3125,8.9375],"texture":"#0","tintindex":0},"west":{"uv":[9.875,9.625,8.625,10.25],"texture":"#0","tintindex":0},"up":{"uv":[1.3125,8.5,0.9375,7.25],"texture":"#0","tintindex":0},"down":{"uv":[1.3125,7.25,0.9375,8.5],"texture":"#0","tintindex":0}}},{"from":[11.0,6.7500005,4.25],"to":[12.5,9.25,9.25],"faces":{"east":{"uv":[9.875,9.625,8.625,10.25],"texture":"#0","tintindex":0},"south":{"uv":[4.3125,8.3125,3.9375,8.9375],"texture":"#0","tintindex":0},"north":{"uv":[3.9375,8.3125,4.3125,8.9375],"texture":"#0","tintindex":0},"west":{"uv":[8.625,9.625,9.875,10.25],"texture":"#0","tintindex":0},"up":{"uv":[1.3125,7.25,0.9375,8.5],"texture":"#0","tintindex":0},"down":{"uv":[1.3125,8.5,0.9375,7.25],"texture":"#0","tintindex":0}}},{"from":[10.56721,2.6720495,-5.25],"to":[13.56721,5.1720495,-5.2249985],"rotation":{"origin":[8.0,8.0,-2.75],"axis":"z","angle":45.0},"faces":{"south":{"uv":[8.0,6.625,7.25,6.0],"texture":"#0","tintindex":0},"north":{"uv":[8.0,6.0,7.25,6.625],"texture":"#0","rotation":180,"tintindex":0},"up":{"uv":[16.0,0.25,15.875,0.0],"texture":"#0","tintindex":0}}},{"from":[1.2655015,3.7575955,0.5],"to":[4.2655015,6.2575955,0.5250015],"faces":{"south":{"uv":[6.5,6.625,7.25,6.0],"texture":"#0","tintindex":0},"north":{"uv":[6.5,6.0,7.25,6.625],"texture":"#0","rotation":180,"tintindex":0},"down":{"uv":[15.875,0.0,16.0,0.25],"texture":"#0","tintindex":0}}},{"from":[3.0,7.25,-14.0],"to":[5.25,8.75,-12.5],"faces":{"east":{"uv":[14.0625,8.8125,13.6875,9.1875],"texture":"#0","tintindex":0},"south":{"uv":[12.9375,8.0625,13.5,8.4375],"texture":"#0","tintindex":0},"north":{"uv":[13.5,8.0625,12.9375,8.4375],"texture":"#0","tintindex":0},"west":{"uv":[14.0625,4.125,13.6875,4.5],"texture":"#0","tintindex":0},"up":{"uv":[12.9375,8.4375,13.5,8.0625],"texture":"#0","tintindex":0},"down":{"uv":[12.9375,8.4375,13.5,8.0625],"texture":"#0","tintindex":0}}},{"from":[13.0,-0.42462063,-11.174622],"to":[14.25,1.5753789,-9.174622],"rotation":{"origin":[8.0,8.0,-2.75],"axis":"x","angle":45.0},"faces":{"east":{"uv":[12.625,12.75,13.125,13.25],"texture":"#0","tintindex":0},"south":{"uv":[11.75,13.625,12.0625,14.125],"texture":"#0","tintindex":0},"north":{"uv":[13.625,11.5,13.9375,12.0],"texture":"#0","tintindex":0},"west":{"uv":[12.625,12.75,13.125,13.25],"texture":"#0","tintindex":0},"up":{"uv":[13.9375,12.5,13.625,12.0],"texture":"#0","tintindex":0},"down":{"uv":[12.375,13.625,12.0625,14.125],"texture":"#0","tintindex":0}}}],"textures":{"particle":"#0","0":"modelengine:entity/ce87828b-e79e-3451-ba37-df2252904e58"}}