{"display":{"head":{},"firstperson_righthand":{},"thirdperson_lefthand":{},"firstperson_lefthand":{},"fixed":{},"ground":{},"thirdperson_righthand":{},"gui":{"rotation":[-150.0,-45.0,180.0]}},"elements":[{"from":[-1.2877197,6.0,12.70582],"to":[-1.2477198,18.0,24.70582],"rotation":{"origin":[-0.28771973,13.0,17.55582],"axis":"y","angle":-45.0},"faces":{"east":{"uv":[0.0,0.0,12.0,12.0],"texture":"#1","tintindex":0},"west":{"uv":[12.0,0.0,0.0,12.0],"texture":"#1","tintindex":0}}},{"from":[17.247719,6.0,12.70582],"to":[17.28772,18.0,24.70582],"rotation":{"origin":[16.28772,13.0,17.55582],"axis":"y","angle":45.0},"faces":{"east":{"uv":[0.0,0.0,12.0,12.0],"texture":"#1","tintindex":0},"west":{"uv":[12.0,0.0,0.0,12.0],"texture":"#1","tintindex":0}}},{"from":[3.0,4.0,3.0],"to":[13.0,10.0,13.0],"faces":{"east":{"uv":[3.25,5.5,5.75,7.0],"texture":"#0","tintindex":0},"south":{"uv":[3.25,5.5,5.75,7.0],"texture":"#0","tintindex":0},"north":{"uv":[3.25,5.5,5.75,7.0],"texture":"#0","tintindex":0},"west":{"uv":[3.25,5.5,5.75,7.0],"texture":"#0","tintindex":0},"up":{"uv":[5.75,2.5,3.25,0.0],"texture":"#0","tintindex":0},"down":{"uv":[5.75,2.75,3.25,5.25],"texture":"#0","tintindex":0}}},{"from":[2.0,-1.5377197,9.205821],"to":[14.0,-1.4977198,21.205822],"rotation":{"origin":[-3.0,-4.2877197,17.55582],"axis":"x","angle":45.0},"faces":{"up":{"uv":[0.0,0.0,12.0,12.0],"texture":"#1","rotation":270,"tintindex":0},"down":{"uv":[12.0,0.0,0.0,12.0],"texture":"#1","rotation":270,"tintindex":0}}},{"from":[13.3,10.3,13.3],"to":[2.7,3.7,2.7],"faces":{"east":{"uv":[9.25,0.75,9.75,1.25],"texture":"#0","tintindex":0},"south":{"uv":[9.25,0.75,9.75,1.25],"texture":"#0","tintindex":0},"north":{"uv":[9.25,0.75,9.75,1.25],"texture":"#0","tintindex":0},"west":{"uv":[9.25,0.75,9.75,1.25],"texture":"#0","tintindex":0},"up":{"uv":[9.25,0.75,9.75,1.25],"texture":"#0","tintindex":0},"down":{"uv":[9.25,0.75,9.75,1.25],"texture":"#0","tintindex":0}}}],"textures":{"particle":"#1","0":"modelengine:entity/cubee_ender_chest","1":"modelengine:entity/end_particle"}}