{"display":{"head":{},"firstperson_righthand":{},"thirdperson_lefthand":{},"firstperson_lefthand":{},"fixed":{},"ground":{},"thirdperson_righthand":{},"gui":{"rotation":[-150.0,-45.0,180.0]}},"elements":[{"from":[10.3,10.3,9.3],"to":[5.7,6.7,5.7],"faces":{"east":{"uv":[9.75,0.75,9.25,1.25],"texture":"#0","tintindex":0},"south":{"uv":[9.75,0.75,9.25,1.25],"texture":"#0","tintindex":0},"north":{"uv":[9.75,0.75,9.25,1.25],"texture":"#0","tintindex":0},"up":{"uv":[9.75,0.75,9.25,1.25],"texture":"#0","tintindex":0},"down":{"uv":[9.75,0.75,9.25,1.25],"texture":"#0","tintindex":0}}},{"from":[6.0,7.0,6.0],"to":[10.0,10.0,9.0],"faces":{"east":{"uv":[9.75,3.0,9.0,3.75],"texture":"#0","tintindex":0},"south":{"uv":[8.75,7.75,7.75,8.5],"texture":"#0","tintindex":0},"north":{"uv":[8.75,6.75,7.75,7.5],"texture":"#0","tintindex":0},"west":{"uv":[3.75,9.0,3.0,9.75],"texture":"#0","tintindex":0},"up":{"uv":[0.0,9.0,1.0,8.25],"texture":"#0","tintindex":0},"down":{"uv":[5.25,8.25,6.25,9.0],"texture":"#0","tintindex":0}}}],"textures":{"particle":"#0","0":"modelengine:entity/cubee_ender_chest"}}