{"display":{"head":{},"firstperson_righthand":{},"thirdperson_lefthand":{},"firstperson_lefthand":{},"fixed":{},"ground":{},"thirdperson_righthand":{},"gui":{"rotation":[-150.0,-45.0,180.0]}},"elements":[{"from":[9.8,9.3,9.8],"to":[6.2,4.7,6.2],"faces":{"east":{"uv":[9.75,0.75,9.25,1.25],"texture":"#0","tintindex":0},"south":{"uv":[9.75,0.75,9.25,1.25],"texture":"#0","tintindex":0},"north":{"uv":[9.75,0.75,9.25,1.25],"texture":"#0","tintindex":0},"west":{"uv":[9.75,0.75,9.25,1.25],"texture":"#0","tintindex":0},"up":{"uv":[9.75,0.75,9.25,1.25],"texture":"#0","tintindex":0}}},{"from":[6.5,5.0,6.5],"to":[9.5,9.0,9.5],"faces":{"east":{"uv":[2.0,9.0,1.25,10.0],"texture":"#0","tintindex":0},"south":{"uv":[9.25,8.75,8.5,9.75],"texture":"#0","tintindex":0},"north":{"uv":[7.25,8.25,6.5,9.25],"texture":"#0","tintindex":0},"west":{"uv":[8.25,8.75,7.5,9.75],"texture":"#0","tintindex":0},"up":{"uv":[4.0,9.75,4.75,9.0],"texture":"#0","tintindex":0},"down":{"uv":[9.0,4.0,9.75,4.75],"texture":"#0","tintindex":0}}}],"textures":{"particle":"#0","0":"modelengine:entity/cubee_ender_chest"}}