{"display":{"head":{},"firstperson_righthand":{},"thirdperson_lefthand":{},"firstperson_lefthand":{},"fixed":{},"ground":{},"thirdperson_righthand":{},"gui":{"rotation":[-150.0,-45.0,180.0]}},"elements":[{"from":[5.0,6.0,5.0],"to":[7.0,8.0,5.0],"faces":{"north":{"uv":[9.75,0.0,9.25,0.5],"texture":"#0","tintindex":0},"west":{"uv":[7.5,4.75,6.0,6.25],"texture":"#0","tintindex":0},"up":{"uv":[0.0,8.0,1.5,6.5],"texture":"#0","tintindex":0},"down":{"uv":[6.0,6.5,7.5,8.0],"texture":"#0","tintindex":0}}}],"textures":{"particle":"#0","0":"modelengine:entity/cubee_ender_chest"}}