{"display":{"head":{},"firstperson_righthand":{},"thirdperson_lefthand":{},"firstperson_lefthand":{},"fixed":{},"ground":{},"thirdperson_righthand":{},"gui":{"rotation":[-150.0,-45.0,180.0]}},"elements":[{"from":[2.0,8.0,-3.5],"to":[14.0,13.0,8.5],"faces":{"east":{"uv":[6.0,1.5,9.0,2.75],"texture":"#0","tintindex":0},"south":{"uv":[6.0,1.5,9.0,2.75],"texture":"#0","tintindex":0},"north":{"uv":[6.0,0.0,9.0,1.25],"texture":"#0","tintindex":0},"west":{"uv":[6.0,1.5,9.0,2.75],"texture":"#0","tintindex":0},"up":{"uv":[3.0,3.0,0.0,0.0],"texture":"#0","tintindex":0},"down":{"uv":[3.0,3.25,0.0,6.25],"texture":"#0","tintindex":0}}},{"from":[11.3,15.3,5.8],"to":[4.7,12.7,-0.8],"faces":{"east":{"uv":[9.25,0.75,9.75,1.25],"texture":"#0","tintindex":0},"south":{"uv":[9.25,0.75,9.75,1.25],"texture":"#0","tintindex":0},"north":{"uv":[9.25,0.75,9.75,1.25],"texture":"#0","tintindex":0},"west":{"uv":[9.25,0.75,9.75,1.25],"texture":"#0","tintindex":0},"down":{"uv":[9.25,0.75,9.75,1.25],"texture":"#0","tintindex":0}}},{"from":[10.3,11.3,-2.7],"to":[5.7,5.7,-5.3],"faces":{"east":{"uv":[9.25,0.75,9.75,1.25],"texture":"#0","tintindex":0},"south":{"uv":[9.25,0.75,9.75,1.25],"texture":"#0","tintindex":0},"north":{"uv":[9.25,0.75,9.75,1.25],"texture":"#0","tintindex":0},"west":{"uv":[9.25,0.75,9.75,1.25],"texture":"#0","tintindex":0},"up":{"uv":[9.25,0.75,9.75,1.25],"texture":"#0","tintindex":0},"down":{"uv":[9.25,0.75,9.75,1.25],"texture":"#0","tintindex":0}}},{"from":[5.0,13.0,-0.5],"to":[11.0,15.0,5.5],"faces":{"east":{"uv":[7.75,6.0,9.25,6.5],"texture":"#0","tintindex":0},"south":{"uv":[7.75,6.0,9.25,6.5],"texture":"#0","tintindex":0},"north":{"uv":[7.75,6.0,9.25,6.5],"texture":"#0","tintindex":0},"west":{"uv":[7.75,6.0,9.25,6.5],"texture":"#0","tintindex":0},"up":{"uv":[3.25,8.75,1.75,7.25],"texture":"#0","tintindex":0},"down":{"uv":[5.0,7.25,3.5,8.75],"texture":"#0","tintindex":0}}},{"from":[6.0,6.0,-5.0],"to":[10.0,11.0,-3.0],"faces":{"east":{"uv":[2.25,9.0,2.75,10.25],"texture":"#0","tintindex":0},"south":{"uv":[7.75,4.5,8.75,5.75],"texture":"#0","tintindex":0},"north":{"uv":[7.75,3.0,8.75,4.25],"texture":"#0","tintindex":0},"west":{"uv":[2.75,9.0,2.25,10.25],"texture":"#0","tintindex":0},"up":{"uv":[2.75,7.0,1.75,6.5],"texture":"#0","tintindex":0},"down":{"uv":[10.0,5.0,9.0,5.5],"texture":"#0","tintindex":0}}},{"from":[14.3,13.3,8.8],"to":[1.7,7.7,-3.8],"faces":{"east":{"uv":[9.25,0.75,9.75,1.25],"texture":"#0","tintindex":0},"south":{"uv":[9.25,0.75,9.75,1.25],"texture":"#0","tintindex":0},"north":{"uv":[9.25,0.75,9.75,1.25],"texture":"#0","tintindex":0},"west":{"uv":[9.25,0.75,9.75,1.25],"texture":"#0","tintindex":0},"up":{"uv":[9.25,0.75,9.75,1.25],"texture":"#0","tintindex":0},"down":{"uv":[9.25,0.75,9.75,1.25],"texture":"#0","tintindex":0}}}],"textures":{"particle":"#0","0":"modelengine:entity/cubee_ender_chest"}}