{"display":{"head":{},"firstperson_righthand":{},"thirdperson_lefthand":{},"firstperson_lefthand":{},"fixed":{},"ground":{},"thirdperson_righthand":{},"gui":{"rotation":[-150.0,-45.0,180.0]}},"elements":[{"from":[11.5,30.0,11.5],"to":[4.5,6.0,4.5],"faces":{"east":{"uv":[6.0,9.25,6.75,4.25],"texture":"#2","tintindex":0},"south":{"uv":[5.25,9.25,6.0,4.25],"texture":"#2","tintindex":0},"north":{"uv":[6.75,9.25,7.5,4.25],"texture":"#2","tintindex":0},"west":{"uv":[4.5,9.25,5.25,4.25],"texture":"#2","tintindex":0},"up":{"uv":[6.0,3.5,6.75,4.25],"texture":"#2","tintindex":0},"down":{"uv":[5.25,4.25,6.0,3.5],"texture":"#2","tintindex":0}}},{"from":[4.5,6.0,4.5],"to":[11.5,30.0,11.5],"faces":{"east":{"uv":[4.5,4.25,5.25,9.25],"texture":"#2","tintindex":0},"south":{"uv":[6.75,4.25,7.5,9.25],"texture":"#2","tintindex":0},"north":{"uv":[5.25,4.25,6.0,9.25],"texture":"#2","tintindex":0},"west":{"uv":[6.0,4.25,6.75,9.25],"texture":"#2","tintindex":0},"up":{"uv":[6.0,4.25,5.25,3.5],"texture":"#2","tintindex":0},"down":{"uv":[6.75,3.5,6.0,4.25],"texture":"#2","tintindex":0}}}],"textures":{"particle":"#2","2":"modelengine:entity/creeper_armor_1"}}