{"display":{"head":{},"firstperson_righthand":{},"thirdperson_lefthand":{},"firstperson_lefthand":{},"fixed":{},"ground":{},"thirdperson_righthand":{},"gui":{"rotation":[-150.0,-45.0,180.0]}},"elements":[{"from":[6.5,8.0,6.5],"to":[9.5,28.0,9.5],"faces":{"east":{"uv":[4.5,4.25,5.25,9.25],"texture":"#0","tintindex":0},"south":{"uv":[6.75,4.25,7.5,9.25],"texture":"#0","tintindex":0},"north":{"uv":[5.25,4.25,6.0,9.25],"texture":"#0","tintindex":0},"west":{"uv":[6.0,4.25,6.75,9.25],"texture":"#0","tintindex":0},"up":{"uv":[6.0,4.25,5.25,3.5],"texture":"#0","tintindex":0},"down":{"uv":[6.75,3.5,6.0,4.25],"texture":"#0","tintindex":0}}},{"from":[3.5,10.0,8.0],"to":[12.5,28.0,8.0],"faces":{"south":{"uv":[2.25,3.5,0.0,8.0],"texture":"#0","tintindex":0},"north":{"uv":[0.0,3.5,2.25,8.0],"texture":"#0","tintindex":0}}}],"textures":{"particle":"#0","0":"modelengine:entity/bamboo_creeper"}}