{"display":{"head":{},"firstperson_righthand":{},"thirdperson_lefthand":{},"firstperson_lefthand":{},"fixed":{},"ground":{},"thirdperson_righthand":{},"gui":{"rotation":[-150.0,-45.0,180.0]}},"elements":[{"from":[2.5,6.0,2.5],"to":[13.5,17.0,13.5],"faces":{"east":{"uv":[0.0,1.75,1.75,3.5],"texture":"#2","tintindex":0},"south":{"uv":[5.25,1.75,7.0,3.5],"texture":"#2","tintindex":0},"north":{"uv":[1.75,1.75,3.5,3.5],"texture":"#2","tintindex":0},"west":{"uv":[3.5,1.75,5.25,3.5],"texture":"#2","tintindex":0},"up":{"uv":[3.5,1.75,1.75,0.0],"texture":"#2","tintindex":0},"down":{"uv":[5.25,0.0,3.5,1.75],"texture":"#2","tintindex":0}}},{"from":[13.5,17.0,13.5],"to":[2.5,6.0,2.5],"faces":{"east":{"uv":[3.5,3.5,5.25,1.75],"texture":"#2","tintindex":0},"south":{"uv":[1.75,3.5,3.5,1.75],"texture":"#2","tintindex":0},"north":{"uv":[5.25,3.5,7.0,1.75],"texture":"#2","tintindex":0},"west":{"uv":[0.0,3.5,1.75,1.75],"texture":"#2","tintindex":0},"up":{"uv":[3.5,0.0,5.25,1.75],"texture":"#2","tintindex":0},"down":{"uv":[1.75,1.75,3.5,0.0],"texture":"#2","tintindex":0}}}],"textures":{"particle":"#2","2":"modelengine:entity/creeper_armor_1"}}