{"display":{"head":{},"firstperson_righthand":{},"thirdperson_lefthand":{},"firstperson_lefthand":{},"fixed":{},"ground":{},"thirdperson_righthand":{},"gui":{"rotation":[-150.0,-45.0,180.0]}},"elements":[{"from":[4.5,8.0,4.5],"to":[11.5,15.0,11.5],"faces":{"east":{"uv":[0.0,1.75,1.75,3.5],"texture":"#0","tintindex":0},"south":{"uv":[5.25,1.75,7.0,3.5],"texture":"#0","tintindex":0},"north":{"uv":[1.75,1.75,3.5,3.5],"texture":"#0","tintindex":0},"west":{"uv":[3.5,1.75,5.25,3.5],"texture":"#0","tintindex":0},"up":{"uv":[3.5,1.75,1.75,0.0],"texture":"#0","tintindex":0},"down":{"uv":[5.25,0.0,3.5,1.75],"texture":"#0","tintindex":0}}},{"from":[1.5,10.0,8.0],"to":[14.5,14.0,8.0],"faces":{"south":{"uv":[8.5,0.0,5.25,1.0],"texture":"#0","tintindex":0},"north":{"uv":[5.25,0.0,8.5,1.0],"texture":"#0","tintindex":0}}}],"textures":{"particle":"#0","0":"modelengine:entity/bamboo_creeper"}}