{"display":{"head":{},"firstperson_righthand":{},"thirdperson_lefthand":{},"firstperson_lefthand":{},"fixed":{},"ground":{},"thirdperson_righthand":{},"gui":{"rotation":[-150.0,-45.0,180.0]}},"elements":[{"from":[6.5,2.0,6.0],"to":[9.5,8.0,9.0],"faces":{"east":{"uv":[7.5,8.5,8.25,10.0],"texture":"#0","tintindex":0},"south":{"uv":[9.75,8.5,10.5,10.0],"texture":"#0","tintindex":0},"north":{"uv":[8.25,8.5,9.0,10.0],"texture":"#0","tintindex":0},"west":{"uv":[9.0,8.5,9.75,10.0],"texture":"#0","tintindex":0},"up":{"uv":[9.0,8.5,8.25,7.75],"texture":"#0","tintindex":0},"down":{"uv":[9.75,7.75,9.0,8.5],"texture":"#0","tintindex":0}}}],"textures":{"particle":"#0","0":"modelengine:entity/bamboo_creeper"}}