{"display":{"head":{},"firstperson_righthand":{},"thirdperson_lefthand":{},"firstperson_lefthand":{},"fixed":{},"ground":{},"thirdperson_righthand":{},"gui":{"rotation":[-150.0,-45.0,180.0]}},"elements":[{"from":[4.5,0.0,4.0],"to":[11.5,10.0,11.0],"faces":{"east":{"uv":[7.5,8.5,8.25,10.0],"texture":"#2","tintindex":0},"south":{"uv":[9.75,8.5,10.5,10.0],"texture":"#2","tintindex":0},"north":{"uv":[8.25,8.5,9.0,10.0],"texture":"#2","tintindex":0},"west":{"uv":[9.0,8.5,9.75,10.0],"texture":"#2","tintindex":0},"up":{"uv":[9.0,8.5,8.25,7.75],"texture":"#2","tintindex":0},"down":{"uv":[9.75,7.75,9.0,8.5],"texture":"#2","tintindex":0}}},{"from":[11.5,10.0,11.0],"to":[4.5,0.0,4.0],"faces":{"east":{"uv":[9.0,10.0,9.75,8.5],"texture":"#2","tintindex":0},"south":{"uv":[8.25,10.0,9.0,8.5],"texture":"#2","tintindex":0},"north":{"uv":[9.75,10.0,10.5,8.5],"texture":"#2","tintindex":0},"west":{"uv":[7.5,10.0,8.25,8.5],"texture":"#2","tintindex":0},"up":{"uv":[9.0,7.75,9.75,8.5],"texture":"#2","tintindex":0},"down":{"uv":[8.25,8.5,9.0,7.75],"texture":"#2","tintindex":0}}}],"textures":{"particle":"#2","2":"modelengine:entity/creeper_armor_1"}}