{"display":{"head":{},"firstperson_righthand":{},"thirdperson_lefthand":{},"firstperson_lefthand":{},"fixed":{},"ground":{},"thirdperson_righthand":{},"gui":{"rotation":[-150.0,-45.0,180.0]}},"elements":[{"from":[4.5,0.0,4.0],"to":[11.5,10.0,11.0],"faces":{"east":{"uv":[7.5,6.25,8.25,7.75],"texture":"#2","tintindex":0},"south":{"uv":[9.75,6.25,10.5,7.75],"texture":"#2","tintindex":0},"north":{"uv":[8.25,6.25,9.0,7.75],"texture":"#2","tintindex":0},"west":{"uv":[9.0,6.25,9.75,7.75],"texture":"#2","tintindex":0},"up":{"uv":[9.0,6.25,8.25,5.5],"texture":"#2","tintindex":0},"down":{"uv":[9.75,5.5,9.0,6.25],"texture":"#2","tintindex":0}}},{"from":[11.5,10.0,11.0],"to":[4.5,0.0,4.0],"faces":{"east":{"uv":[9.0,7.75,9.75,6.25],"texture":"#2","tintindex":0},"south":{"uv":[8.25,7.75,9.0,6.25],"texture":"#2","tintindex":0},"north":{"uv":[9.75,7.75,10.5,6.25],"texture":"#2","tintindex":0},"west":{"uv":[7.5,7.75,8.25,6.25],"texture":"#2","tintindex":0},"up":{"uv":[9.0,5.5,9.75,6.25],"texture":"#2","tintindex":0},"down":{"uv":[8.25,6.25,9.0,5.5],"texture":"#2","tintindex":0}}}],"textures":{"particle":"#2","2":"modelengine:entity/creeper_armor_1"}}