{"display":{"head":{},"firstperson_righthand":{},"thirdperson_lefthand":{},"firstperson_lefthand":{},"fixed":{},"ground":{},"thirdperson_righthand":{},"gui":{"rotation":[-150.0,-45.0,180.0]}},"elements":[{"from":[6.5,2.0,7.0],"to":[9.5,8.0,10.0],"faces":{"east":{"uv":[7.5,4.0,8.25,5.5],"texture":"#0","tintindex":0},"south":{"uv":[9.75,4.0,10.5,5.5],"texture":"#0","tintindex":0},"north":{"uv":[8.25,4.0,9.0,5.5],"texture":"#0","tintindex":0},"west":{"uv":[9.0,4.0,9.75,5.5],"texture":"#0","tintindex":0},"up":{"uv":[9.0,4.0,8.25,3.25],"texture":"#0","tintindex":0},"down":{"uv":[9.75,3.25,9.0,4.0],"texture":"#0","tintindex":0}}}],"textures":{"particle":"#0","0":"modelengine:entity/bamboo_creeper"}}