{"display":{"head":{},"firstperson_righthand":{},"thirdperson_lefthand":{},"firstperson_lefthand":{},"fixed":{},"ground":{},"thirdperson_righthand":{},"gui":{"rotation":[-150.0,-45.0,180.0]}},"elements":[{"from":[6.5,2.0,7.0],"to":[9.5,8.0,10.0],"faces":{"east":{"uv":[7.0,1.75,7.75,3.25],"texture":"#0","tintindex":0},"south":{"uv":[9.25,1.75,10.0,3.25],"texture":"#0","tintindex":0},"north":{"uv":[7.75,1.75,8.5,3.25],"texture":"#0","tintindex":0},"west":{"uv":[8.5,1.75,9.25,3.25],"texture":"#0","tintindex":0},"up":{"uv":[8.5,1.75,7.75,1.0],"texture":"#0","tintindex":0},"down":{"uv":[9.25,1.0,8.5,1.75],"texture":"#0","tintindex":0}}}],"textures":{"particle":"#0","0":"modelengine:entity/bamboo_creeper"}}