{"display":{"head":{},"firstperson_righthand":{},"thirdperson_lefthand":{},"firstperson_lefthand":{},"fixed":{},"ground":{},"thirdperson_righthand":{},"gui":{"rotation":[-150.0,-45.0,180.0]}},"elements":[{"from":[4.5,0.0,5.0],"to":[11.5,10.0,12.0],"faces":{"east":{"uv":[7.0,1.75,7.75,3.25],"texture":"#2","tintindex":0},"south":{"uv":[9.25,1.75,10.0,3.25],"texture":"#2","tintindex":0},"north":{"uv":[7.75,1.75,8.5,3.25],"texture":"#2","tintindex":0},"west":{"uv":[8.5,1.75,9.25,3.25],"texture":"#2","tintindex":0},"up":{"uv":[8.5,1.75,7.75,1.0],"texture":"#2","tintindex":0},"down":{"uv":[9.25,1.0,8.5,1.75],"texture":"#2","tintindex":0}}},{"from":[11.5,10.0,12.0],"to":[4.5,0.0,5.0],"faces":{"east":{"uv":[8.5,3.25,9.25,1.75],"texture":"#2","tintindex":0},"south":{"uv":[7.75,3.25,8.5,1.75],"texture":"#2","tintindex":0},"north":{"uv":[9.25,3.25,10.0,1.75],"texture":"#2","tintindex":0},"west":{"uv":[7.0,3.25,7.75,1.75],"texture":"#2","tintindex":0},"up":{"uv":[8.5,1.0,9.25,1.75],"texture":"#2","tintindex":0},"down":{"uv":[7.75,1.75,8.5,1.0],"texture":"#2","tintindex":0}}}],"textures":{"particle":"#2","2":"modelengine:entity/creeper_armor_1"}}