{"display":{"head":{},"firstperson_righthand":{},"thirdperson_lefthand":{},"firstperson_lefthand":{},"fixed":{},"ground":{},"thirdperson_righthand":{},"gui":{"rotation":[-150.0,-45.0,180.0]}},"elements":[{"from":[1.0,8.0,8.0],"to":[-5.3,1.7000008,5.55],"faces":{"east":{"uv":[0.080000006,10.6,0.096,10.900001],"texture":"#1","tintindex":0},"south":{"uv":[0.272,10.900001,0.36800003,10.6],"texture":"#1","tintindex":0},"north":{"uv":[0.36800003,10.900001,0.272,10.6],"texture":"#1","tintindex":0},"west":{"uv":[0.080000006,10.6,0.096,10.900001],"texture":"#1","tintindex":0},"up":{"uv":[0.272,10.85,0.36800003,10.900001],"texture":"#1","tintindex":0},"down":{"uv":[0.272,10.6,0.36800003,10.650001],"texture":"#1","tintindex":0}}},{"from":[-5.3,6.950001,5.55],"to":[-4.25,8.0,8.0],"faces":{"east":{"uv":[0.0,10.650001,0.016,10.7],"texture":"#1","tintindex":0},"down":{"uv":[0.0,10.650001,0.016,10.7],"texture":"#1","tintindex":0}}},{"from":[-0.05000019,1.7000008,5.55],"to":[1.0,2.75,8.0],"faces":{"west":{"uv":[0.0,10.650001,0.016,10.7],"texture":"#1","tintindex":0},"up":{"uv":[0.0,10.650001,0.016,10.7],"texture":"#1","tintindex":0}}},{"from":[-5.3,1.7000008,5.55],"to":[-4.25,2.75,8.0],"faces":{"east":{"uv":[0.0,10.650001,0.016,10.7],"texture":"#1","tintindex":0},"up":{"uv":[0.0,10.650001,0.016,10.7],"texture":"#1","tintindex":0}}},{"from":[-0.05000019,6.950001,5.55],"to":[1.0,8.0,8.0],"faces":{"west":{"uv":[0.0,10.650001,0.016,10.7],"texture":"#1","tintindex":0},"down":{"uv":[0.0,10.650001,0.016,10.7],"texture":"#1","tintindex":0}}},{"from":[-3.1999998,3.7999992,5.55],"to":[-1.1000004,5.9000015,8.0],"faces":{"east":{"uv":[0.0,10.6,0.016,10.650001],"texture":"#1","tintindex":0},"west":{"uv":[0.0,10.6,0.016,10.650001],"texture":"#1","tintindex":0},"up":{"uv":[0.0,10.6,0.016,10.650001],"texture":"#1","tintindex":0},"down":{"uv":[0.0,10.6,0.016,10.650001],"texture":"#1","tintindex":0}}},{"from":[-4.95,2.0499992,5.9],"to":[0.6500001,7.6500015,7.65],"faces":{"south":{"uv":[2.144,0.8,1.6320001,2.4],"texture":"#1","tintindex":0},"north":{"uv":[1.6320001,0.8,2.144,2.4],"texture":"#1","tintindex":0},"up":{"uv":[2.144,0.8,1.6320001,0.0],"texture":"#1","tintindex":0},"down":{"uv":[2.144,3.2,1.6320001,2.4],"texture":"#1","tintindex":0}}}],"textures":{"particle":"#1","1":"modelengine:entity/den_officiele"}}