{"display":{"head":{},"firstperson_righthand":{},"thirdperson_lefthand":{},"firstperson_lefthand":{},"fixed":{},"ground":{},"thirdperson_righthand":{},"gui":{"rotation":[-150.0,-45.0,180.0]}},"elements":[{"from":[27.6,1.7000008,5.55],"to":[29.7,2.75,8.0],"faces":{"east":{"uv":[0.0,10.6,0.016,10.650001],"texture":"#1","tintindex":0},"west":{"uv":[0.0,10.6,0.016,10.650001],"texture":"#1","tintindex":0},"up":{"uv":[0.99200004,10.8,0.96000004,10.85],"texture":"#1","tintindex":0}}},{"from":[25.85,2.0499992,5.9],"to":[31.45,7.6500015,7.65],"faces":{"south":{"uv":[7.9360003,0.8,7.4240003,2.4],"texture":"#1","tintindex":0},"north":{"uv":[7.4240003,0.8,7.9360003,2.4],"texture":"#1","tintindex":0},"up":{"uv":[7.9360003,0.8,7.4240003,0.0],"texture":"#1","tintindex":0},"down":{"uv":[7.9360003,3.2,7.4240003,2.4],"texture":"#1","tintindex":0}}},{"from":[27.6,5.9000015,5.55],"to":[28.65,6.950001,8.0],"faces":{"east":{"uv":[0.0,10.6,0.016,10.650001],"texture":"#1","tintindex":0},"west":{"uv":[0.0,10.6,0.016,10.650001],"texture":"#1","tintindex":0},"down":{"uv":[0.0,10.6,0.016,10.650001],"texture":"#1","tintindex":0}}},{"from":[28.65,2.75,5.55],"to":[29.7,3.7999992,8.0],"faces":{"east":{"uv":[0.0,10.6,0.016,10.650001],"texture":"#1","tintindex":0},"west":{"uv":[0.0,10.6,0.016,10.650001],"texture":"#1","tintindex":0},"up":{"uv":[0.0,10.6,0.016,10.650001],"texture":"#1","tintindex":0}}},{"from":[27.6,6.950001,5.55],"to":[29.7,8.0,8.0],"faces":{"east":{"uv":[0.0,10.6,0.016,10.650001],"texture":"#1","tintindex":0},"west":{"uv":[0.0,10.6,0.016,10.650001],"texture":"#1","tintindex":0},"down":{"uv":[0.99200004,10.650001,0.96000004,10.7],"texture":"#1","tintindex":0}}},{"from":[31.8,8.0,8.0],"to":[25.5,1.7000008,5.55],"faces":{"east":{"uv":[0.0,10.6,0.016,10.650001],"texture":"#1","tintindex":0},"south":{"uv":[1.024,10.900001,0.92800003,10.6],"texture":"#1","tintindex":0},"north":{"uv":[1.024,10.900001,0.92800003,10.6],"texture":"#1","tintindex":0},"west":{"uv":[0.0,10.6,0.016,10.650001],"texture":"#1","tintindex":0},"up":{"uv":[1.024,10.900001,0.92800003,10.85],"texture":"#1","tintindex":0},"down":{"uv":[1.024,10.650001,0.92800003,10.6],"texture":"#1","tintindex":0}}}],"textures":{"particle":"#1","1":"modelengine:entity/den_officiele"}}