{"display":{"head":{},"firstperson_righthand":{},"thirdperson_lefthand":{},"firstperson_lefthand":{},"fixed":{},"ground":{},"thirdperson_righthand":{},"gui":{"rotation":[-150.0,-45.0,180.0]}},"elements":[{"from":[23.05,1.7000008,5.55],"to":[24.1,2.75,8.0],"faces":{"west":{"uv":[0.0,10.6,0.016,10.650001],"texture":"#1","tintindex":0},"up":{"uv":[0.0,10.6,0.016,10.650001],"texture":"#1","tintindex":0}}},{"from":[24.1,8.0,8.0],"to":[17.8,1.7000008,5.55],"faces":{"east":{"uv":[1.1040001,10.6,1.12,10.900001],"texture":"#1","tintindex":0},"south":{"uv":[1.12,10.900001,1.024,10.6],"texture":"#1","tintindex":0},"north":{"uv":[1.12,10.900001,1.024,10.6],"texture":"#1","tintindex":0},"west":{"uv":[1.024,10.6,1.0400001,10.900001],"texture":"#1","tintindex":0},"up":{"uv":[1.12,10.900001,1.024,10.85],"texture":"#1","tintindex":0},"down":{"uv":[1.12,10.650001,1.024,10.6],"texture":"#1","tintindex":0}}},{"from":[23.05,6.950001,5.55],"to":[24.1,8.0,8.0],"faces":{"west":{"uv":[0.0,10.6,0.016,10.650001],"texture":"#1","tintindex":0},"down":{"uv":[0.0,10.6,0.016,10.650001],"texture":"#1","tintindex":0}}},{"from":[19.9,3.7999992,5.55],"to":[22.0,5.9000015,8.0],"faces":{"east":{"uv":[0.0,10.6,0.016,10.650001],"texture":"#1","tintindex":0},"west":{"uv":[0.0,10.6,0.016,10.650001],"texture":"#1","tintindex":0},"up":{"uv":[0.0,10.6,0.016,10.650001],"texture":"#1","tintindex":0},"down":{"uv":[0.0,10.6,0.016,10.650001],"texture":"#1","tintindex":0}}},{"from":[17.8,1.7000008,5.55],"to":[18.85,2.75,8.0],"faces":{"east":{"uv":[0.0,10.6,0.016,10.650001],"texture":"#1","tintindex":0},"up":{"uv":[0.0,10.6,0.016,10.650001],"texture":"#1","tintindex":0}}},{"from":[17.8,6.950001,5.55],"to":[18.85,8.0,8.0],"faces":{"east":{"uv":[0.0,10.6,0.016,10.650001],"texture":"#1","tintindex":0},"down":{"uv":[0.0,10.6,0.016,10.650001],"texture":"#1","tintindex":0}}},{"from":[18.15,2.0499992,5.9],"to":[23.75,7.6500015,7.65],"faces":{"south":{"uv":[8.4800005,0.8,7.9680004,2.4],"texture":"#1","tintindex":0},"north":{"uv":[7.9680004,0.8,8.4800005,2.4],"texture":"#1","tintindex":0},"up":{"uv":[8.4800005,0.8,7.9680004,0.0],"texture":"#1","tintindex":0},"down":{"uv":[8.4800005,3.2,7.9680004,2.4],"texture":"#1","tintindex":0}}}],"textures":{"particle":"#1","1":"modelengine:entity/den_officiele"}}