{"display":{"head":{},"firstperson_righthand":{},"thirdperson_lefthand":{},"firstperson_lefthand":{},"fixed":{},"ground":{},"thirdperson_righthand":{},"gui":{"rotation":[-150.0,-45.0,180.0]}},"elements":[{"from":[-5.3,-3.9000015,3.8000002],"to":[1.6999998,7.300003,7.3],"faces":{"south":{"uv":[5.216,0.8,4.8960004,2.4],"texture":"#1","tintindex":0},"north":{"uv":[4.8960004,0.8,5.216,2.4],"texture":"#1","tintindex":0},"up":{"uv":[5.216,0.8,4.8960004,0.0],"texture":"#1","tintindex":0},"down":{"uv":[5.216,3.2,4.8960004,2.4],"texture":"#1","tintindex":0}}},{"from":[0.3000002,-0.40000153,3.1],"to":[2.4,3.800003,8.0],"faces":{"west":{"uv":[0.0,10.6,0.016,10.650001],"texture":"#1","tintindex":0},"up":{"uv":[0.0,10.6,0.016,10.650001],"texture":"#1","tintindex":0},"down":{"uv":[0.0,10.6,0.016,10.650001],"texture":"#1","tintindex":0}}},{"from":[2.4,8.0,8.0],"to":[-6.0,-4.5999985,3.1],"faces":{"east":{"uv":[0.624,10.900001,0.60800004,10.75],"texture":"#1","tintindex":0},"south":{"uv":[0.60800004,10.900001,0.67200005,10.75],"texture":"#1","tintindex":0},"north":{"uv":[0.67200005,10.900001,0.60800004,10.75],"texture":"#1","tintindex":0},"west":{"uv":[0.624,10.900001,0.60800004,10.75],"texture":"#1","tintindex":0},"up":{"uv":[0.0,10.6,0.016,10.650001],"texture":"#1","tintindex":0},"down":{"uv":[0.0,10.6,0.016,10.650001],"texture":"#1","tintindex":0}}},{"from":[-6.0,-0.40000153,3.1],"to":[-3.8999996,3.800003,8.0],"faces":{"east":{"uv":[0.0,10.6,0.016,10.650001],"texture":"#1","tintindex":0},"up":{"uv":[0.0,10.6,0.016,10.650001],"texture":"#1","tintindex":0},"down":{"uv":[0.0,10.6,0.016,10.650001],"texture":"#1","tintindex":0}}}],"textures":{"particle":"#1","1":"modelengine:entity/den_officiele"}}