{"display":{"head":{},"firstperson_righthand":{},"thirdperson_lefthand":{},"firstperson_lefthand":{},"fixed":{},"ground":{},"thirdperson_righthand":{},"gui":{"rotation":[-150.0,-45.0,180.0]}},"elements":[{"from":[29.142859,14.285715,9.857143],"to":[24.57143,8.0,6.142857],"faces":{"east":{"uv":[0.032,13.3,0.016,13.85],"texture":"#0","tintindex":0},"south":{"uv":[0.0,13.3,0.032,13.85],"texture":"#0","tintindex":0},"north":{"uv":[0.032,13.3,0.0,13.85],"texture":"#0","tintindex":0},"west":{"uv":[0.0,13.3,0.016,13.35],"texture":"#0","tintindex":0},"up":{"uv":[0.0,13.3,0.016,13.35],"texture":"#0","tintindex":0},"down":{"uv":[0.0,13.3,0.016,13.35],"texture":"#0","tintindex":0}}},{"from":[24.857143,8.285714,6.428571],"to":[28.857143,14.0,9.571428],"faces":{"south":{"uv":[1.8880001,1.1,1.44,3.1000001],"texture":"#0","tintindex":0},"north":{"uv":[1.44,1.1,1.8880001,3.1000001],"texture":"#0","tintindex":0},"up":{"uv":[1.8880001,1.1,1.44,0.0],"texture":"#0","tintindex":0},"down":{"uv":[1.8880001,4.2000003,1.44,3.1000001],"texture":"#0","tintindex":0}}},{"from":[24.57143,9.714286,6.142857],"to":[26.857143,12.571428,9.857143],"faces":{"east":{"uv":[0.016,13.3,0.0,13.35],"texture":"#0","tintindex":0},"up":{"uv":[0.016,13.3,0.0,13.35],"texture":"#0","tintindex":0},"down":{"uv":[0.016,13.3,0.0,13.35],"texture":"#0","tintindex":0}}}],"textures":{"particle":"#0","0":"modelengine:entity/coding_smp"}}