{"display":{"head":{},"firstperson_righthand":{},"thirdperson_lefthand":{},"firstperson_lefthand":{},"fixed":{},"ground":{},"thirdperson_righthand":{},"gui":{"rotation":[-150.0,-45.0,180.0]}},"elements":[{"from":[20.666668,8.666667,4.333333],"to":[24.666668,22.0,11.666667],"faces":{"south":{"uv":[4.512,1.1,4.32,3.1000001],"texture":"#0","tintindex":0},"north":{"uv":[4.32,1.1,4.512,3.1000001],"texture":"#0","tintindex":0},"up":{"uv":[4.512,1.1,4.32,0.0],"texture":"#0","tintindex":0},"down":{"uv":[4.512,4.2000003,4.32,3.1000001],"texture":"#0","tintindex":0}}},{"from":[25.333334,22.666668,12.333334],"to":[20.0,8.0,3.6666665],"faces":{"east":{"uv":[0.0,13.3,0.016,13.35],"texture":"#0","tintindex":0},"south":{"uv":[0.0,13.3,0.016,13.35],"texture":"#0","tintindex":0},"north":{"uv":[0.0,13.3,0.016,13.35],"texture":"#0","tintindex":0},"west":{"uv":[0.0,13.3,0.016,13.35],"texture":"#0","tintindex":0},"up":{"uv":[0.0,13.3,0.016,13.35],"texture":"#0","tintindex":0},"down":{"uv":[0.0,13.3,0.016,13.35],"texture":"#0","tintindex":0}}}],"textures":{"particle":"#0","0":"modelengine:entity/coding_smp"}}