{"display":{"head":{},"firstperson_righthand":{},"thirdperson_lefthand":{},"firstperson_lefthand":{},"fixed":{},"ground":{},"thirdperson_righthand":{},"gui":{"rotation":[-150.0,-45.0,180.0]}},"elements":[{"from":[-7.866667,8.0,8.0],"to":[-12.066668,3.8000002,6.366667],"faces":{"east":{"uv":[0.91200006,10.75,0.92800003,10.900001],"texture":"#1","tintindex":0},"south":{"uv":[0.88000005,10.75,0.92800003,10.900001],"texture":"#1","tintindex":0},"north":{"uv":[0.92800003,10.75,0.88000005,10.900001],"texture":"#1","tintindex":0},"west":{"uv":[0.0,10.6,0.016,10.650001],"texture":"#1","tintindex":0},"up":{"uv":[0.0,10.6,0.016,10.650001],"texture":"#1","tintindex":0},"down":{"uv":[0.88000005,10.900001,0.92800003,10.85],"texture":"#1","tintindex":0}}},{"from":[-11.833334,4.033333,6.6],"to":[-8.1,7.766668,7.766667],"faces":{"south":{"uv":[6.8480005,0.8,6.3360004,2.4],"texture":"#1","tintindex":0},"north":{"uv":[6.3360004,0.8,6.8480005,2.4],"texture":"#1","tintindex":0},"up":{"uv":[6.8480005,0.8,6.3360004,0.0],"texture":"#1","tintindex":0},"down":{"uv":[6.8480005,3.2,6.3360004,2.4],"texture":"#1","tintindex":0}}},{"from":[-12.066668,5.1999993,6.366667],"to":[-9.266666,8.0,8.0],"faces":{"east":{"uv":[0.0,10.6,0.016,10.650001],"texture":"#1","tintindex":0},"down":{"uv":[0.0,10.6,0.016,10.650001],"texture":"#1","tintindex":0}}}],"textures":{"particle":"#1","1":"modelengine:entity/den_officiele"}}