{"display":{"head":{},"firstperson_righthand":{},"thirdperson_lefthand":{},"firstperson_lefthand":{},"fixed":{},"ground":{},"thirdperson_righthand":{},"gui":{"rotation":[-150.0,-45.0,180.0]}},"elements":[{"from":[16.0,8.0,1.5],"to":[18.0,13.0,14.5],"faces":{"east":{"uv":[0.0,13.3,0.016,13.35],"texture":"#0","tintindex":0},"west":{"uv":[0.0,13.3,0.016,13.35],"texture":"#0","tintindex":0},"up":{"uv":[0.0,13.3,0.016,13.35],"texture":"#0","tintindex":0}}},{"from":[16.0,26.0,1.5],"to":[18.0,30.0,14.5],"faces":{"east":{"uv":[0.0,13.3,0.016,13.35],"texture":"#0","tintindex":0},"west":{"uv":[0.0,13.3,0.016,13.35],"texture":"#0","tintindex":0},"down":{"uv":[0.0,13.3,0.016,13.35],"texture":"#0","tintindex":0}}},{"from":[9.0,9.0,2.5],"to":[25.0,29.0,13.5],"faces":{"south":{"uv":[7.2640004,1.1,6.7520003,3.1000001],"texture":"#0","tintindex":0},"north":{"uv":[6.7520003,1.1,7.2640004,3.1000001],"texture":"#0","tintindex":0},"up":{"uv":[7.2640004,1.1,6.7520003,0.0],"texture":"#0","tintindex":0},"down":{"uv":[7.2640004,4.2000003,6.7520003,3.1000001],"texture":"#0","tintindex":0}}},{"from":[26.0,30.0,14.5],"to":[8.0,8.0,1.5],"faces":{"east":{"uv":[0.0,13.3,0.016,13.35],"texture":"#0","tintindex":0},"south":{"uv":[0.30400002,14.400001,0.448,13.3],"texture":"#0","tintindex":0},"north":{"uv":[0.30400002,14.400001,0.448,13.3],"texture":"#0","tintindex":0},"west":{"uv":[0.0,13.3,0.016,13.35],"texture":"#0","tintindex":0},"up":{"uv":[0.30400002,13.3,0.448,13.35],"texture":"#0","tintindex":0},"down":{"uv":[0.30400002,13.3,0.448,13.35],"texture":"#0","tintindex":0}}}],"textures":{"particle":"#0","0":"modelengine:entity/coding_smp"}}