{"display":{"head":{},"firstperson_righthand":{},"thirdperson_lefthand":{},"firstperson_lefthand":{},"fixed":{},"ground":{},"thirdperson_righthand":{},"gui":{"rotation":[-150.0,-45.0,180.0]}},"elements":[{"from":[25.2,8.4,5.8],"to":[30.800001,16.400002,10.2],"faces":{"south":{"uv":[7.7440004,1.1,7.2960005,3.1000001],"texture":"#0","tintindex":0},"north":{"uv":[7.2960005,1.1,7.7440004,3.1000001],"texture":"#0","tintindex":0},"up":{"uv":[7.7440004,1.1,7.2960005,0.0],"texture":"#0","tintindex":0},"down":{"uv":[7.7440004,4.2000003,7.2960005,3.1000001],"texture":"#0","tintindex":0}}},{"from":[31.2,16.8,10.6],"to":[24.800001,8.0,5.3999996],"faces":{"east":{"uv":[0.0,13.3,0.016,13.35],"texture":"#0","tintindex":0},"south":{"uv":[0.0,13.3,0.016,13.35],"texture":"#0","tintindex":0},"north":{"uv":[0.0,13.3,0.016,13.35],"texture":"#0","tintindex":0},"west":{"uv":[0.0,13.3,0.016,13.35],"texture":"#0","tintindex":0},"up":{"uv":[0.0,13.3,0.016,13.35],"texture":"#0","tintindex":0},"down":{"uv":[0.0,13.3,0.016,13.35],"texture":"#0","tintindex":0}}}],"textures":{"particle":"#0","0":"modelengine:entity/coding_smp"}}