{"display":{"head":{},"firstperson_righthand":{},"thirdperson_lefthand":{},"firstperson_lefthand":{},"fixed":{},"ground":{},"thirdperson_righthand":{},"gui":{"rotation":[-150.0,-45.0,180.0]}},"elements":[{"from":[-12.857143,8.285714,6.428571],"to":[-8.857143,14.0,9.571428],"faces":{"south":{"uv":[8.224,1.1,7.7760005,3.1000001],"texture":"#0","tintindex":0},"north":{"uv":[7.7760005,1.1,8.224,3.1000001],"texture":"#0","tintindex":0},"up":{"uv":[8.224,1.1,7.7760005,0.0],"texture":"#0","tintindex":0},"down":{"uv":[8.224,4.2000003,7.7760005,3.1000001],"texture":"#0","tintindex":0}}},{"from":[-13.1428585,8.0,6.142857],"to":[-10.857143,10.285714,9.857143],"faces":{"east":{"uv":[0.0,13.3,0.016,13.35],"texture":"#0","tintindex":0},"up":{"uv":[0.0,13.3,0.016,13.35],"texture":"#0","tintindex":0}}},{"from":[-8.57143,14.285715,9.857143],"to":[-13.1428585,8.0,6.142857],"faces":{"east":{"uv":[0.28800002,14.400001,0.30400002,13.85],"texture":"#0","tintindex":0},"south":{"uv":[0.32000002,14.400001,0.28800002,13.85],"texture":"#0","tintindex":0},"north":{"uv":[0.28800002,14.400001,0.32000002,13.85],"texture":"#0","tintindex":0},"west":{"uv":[0.0,13.3,0.016,13.35],"texture":"#0","tintindex":0},"up":{"uv":[0.016,13.35,0.048,13.400001],"texture":"#0","tintindex":0},"down":{"uv":[0.0,13.3,0.016,13.35],"texture":"#0","tintindex":0}}}],"textures":{"particle":"#0","0":"modelengine:entity/coding_smp"}}