{"display":{"head":{},"firstperson_righthand":{},"thirdperson_lefthand":{},"firstperson_lefthand":{},"fixed":{},"ground":{},"thirdperson_righthand":{},"gui":{"rotation":[-150.0,-45.0,180.0]}},"elements":[{"from":[-5.333334,22.666668,12.333334],"to":[-16.0,8.0,3.6666665],"faces":{"east":{"uv":[0.0,13.85,0.016,14.400001],"texture":"#0","tintindex":0},"south":{"uv":[0.032,13.85,0.0,14.400001],"texture":"#0","tintindex":0},"north":{"uv":[0.0,13.85,0.032,14.400001],"texture":"#0","tintindex":0},"west":{"uv":[0.016,13.85,0.032,14.400001],"texture":"#0","tintindex":0},"up":{"uv":[0.0,13.3,0.016,13.35],"texture":"#0","tintindex":0},"down":{"uv":[0.0,13.3,0.016,13.35],"texture":"#0","tintindex":0}}},{"from":[-15.333334,8.666667,4.333333],"to":[-6.0,22.0,11.666667],"faces":{"south":{"uv":[9.728001,1.1,9.280001,3.1000001],"texture":"#0","tintindex":0},"north":{"uv":[9.280001,1.1,9.728001,3.1000001],"texture":"#0","tintindex":0},"up":{"uv":[9.728001,1.1,9.280001,0.0],"texture":"#0","tintindex":0},"down":{"uv":[9.728001,4.2000003,9.280001,3.1000001],"texture":"#0","tintindex":0}}},{"from":[-16.0,17.333334,3.6666665],"to":[-10.666668,18.666668,12.333334],"faces":{"east":{"uv":[0.0,13.3,0.016,13.35],"texture":"#0","tintindex":0},"up":{"uv":[0.0,13.3,0.016,13.35],"texture":"#0","tintindex":0},"down":{"uv":[0.0,13.3,0.016,13.35],"texture":"#0","tintindex":0}}},{"from":[-10.666668,12.0,3.6666665],"to":[-5.333334,13.333334,12.333334],"faces":{"west":{"uv":[0.0,13.3,0.016,13.35],"texture":"#0","tintindex":0},"up":{"uv":[0.0,13.3,0.016,13.35],"texture":"#0","tintindex":0},"down":{"uv":[0.0,13.3,0.016,13.35],"texture":"#0","tintindex":0}}}],"textures":{"particle":"#0","0":"modelengine:entity/coding_smp"}}