{"display":{"head":{},"firstperson_righthand":{},"thirdperson_lefthand":{},"firstperson_lefthand":{},"fixed":{},"ground":{},"thirdperson_righthand":{},"gui":{"rotation":[-150.0,-45.0,180.0]}},"elements":[{"from":[6.5,18.5,6.5],"to":[8.5,21.5,9.5],"faces":{"east":{"uv":[0.0,12.75,1.5,14.25],"texture":"#0","tintindex":0},"south":{"uv":[4.0,12.75,5.0,14.25],"texture":"#0","tintindex":0},"north":{"uv":[1.5,12.75,2.5,14.25],"texture":"#0","tintindex":0},"west":{"uv":[2.5,12.75,4.0,14.25],"texture":"#0","tintindex":0},"up":{"uv":[2.5,12.75,1.5,11.25],"texture":"#0","tintindex":0},"down":{"uv":[3.5,11.25,2.5,12.75],"texture":"#0","tintindex":0}}},{"from":[6.5,18.5,7.0],"to":[8.5,21.0,9.0],"faces":{"east":{"uv":[10.0,12.25,11.0,13.5],"texture":"#0","tintindex":0},"south":{"uv":[13.0,12.25,14.0,13.5],"texture":"#0","tintindex":0},"north":{"uv":[11.0,12.25,12.0,13.5],"texture":"#0","tintindex":0},"west":{"uv":[12.0,12.25,13.0,13.5],"texture":"#0","tintindex":0},"up":{"uv":[12.0,12.25,11.0,11.25],"texture":"#0","tintindex":0},"down":{"uv":[13.0,11.25,12.0,12.25],"texture":"#0","tintindex":0}}},{"from":[5.0,8.0,5.0],"to":[11.0,18.5,11.0],"faces":{"east":{"uv":[0.0,3.0,3.0,8.25],"texture":"#0","tintindex":0},"south":{"uv":[9.0,3.0,12.0,8.25],"texture":"#0","tintindex":0},"north":{"uv":[3.0,3.0,6.0,8.25],"texture":"#0","tintindex":0},"west":{"uv":[6.0,3.0,9.0,8.25],"texture":"#0","tintindex":0},"up":{"uv":[6.0,3.0,3.0,0.0],"texture":"#0","tintindex":0},"down":{"uv":[9.0,0.0,6.0,3.0],"texture":"#0","tintindex":0}}},{"from":[6.0,18.5,7.0],"to":[9.0,21.0,9.0],"faces":{"east":{"uv":[5.0,12.25,6.0,13.5],"texture":"#0","tintindex":0},"south":{"uv":[8.5,12.25,10.0,13.5],"texture":"#0","tintindex":0},"north":{"uv":[6.0,12.25,7.5,13.5],"texture":"#0","tintindex":0},"west":{"uv":[7.5,12.25,8.5,13.5],"texture":"#0","tintindex":0},"up":{"uv":[7.5,12.25,6.0,11.25],"texture":"#0","tintindex":0},"down":{"uv":[9.0,11.25,7.5,12.25],"texture":"#0","tintindex":0}}}],"textures":{"particle":"#0","0":"modelengine:entity/badlands_creeper"}}