{"display":{"head":{},"firstperson_righthand":{},"thirdperson_lefthand":{},"firstperson_lefthand":{},"fixed":{},"ground":{},"thirdperson_righthand":{},"gui":{"rotation":[-150.0,-45.0,180.0]}},"elements":[{"from":[0.0,6.0,0.0],"to":[16.0,31.0,16.0],"faces":{"east":{"uv":[0.0,3.0,3.0,8.25],"texture":"#2","tintindex":0},"south":{"uv":[9.0,3.0,12.0,8.25],"texture":"#2","tintindex":0},"north":{"uv":[3.0,3.0,6.0,8.25],"texture":"#2","tintindex":0},"west":{"uv":[6.0,3.0,9.0,8.25],"texture":"#2","tintindex":0},"up":{"uv":[6.0,3.0,3.0,0.0],"texture":"#2","tintindex":0},"down":{"uv":[9.0,0.0,6.0,3.0],"texture":"#2","tintindex":0}}},{"from":[16.0,31.0,16.0],"to":[0.0,6.0,0.0],"faces":{"east":{"uv":[6.0,8.25,9.0,3.0],"texture":"#2","tintindex":0},"south":{"uv":[3.0,8.25,6.0,3.0],"texture":"#2","tintindex":0},"north":{"uv":[9.0,8.25,12.0,3.0],"texture":"#2","tintindex":0},"west":{"uv":[0.0,8.25,3.0,3.0],"texture":"#2","tintindex":0},"up":{"uv":[6.0,0.0,9.0,3.0],"texture":"#2","tintindex":0},"down":{"uv":[3.0,3.0,6.0,0.0],"texture":"#2","tintindex":0}}}],"textures":{"particle":"#2","2":"modelengine:entity/creeper_armor_2"}}