{"display":{"head":{},"firstperson_righthand":{},"thirdperson_lefthand":{},"firstperson_lefthand":{},"fixed":{},"ground":{},"thirdperson_righthand":{},"gui":{"rotation":[-150.0,-45.0,180.0]}},"elements":[{"from":[6.0,2.0,6.0],"to":[11.0,9.0,11.0],"faces":{"east":{"uv":[10.0,9.5,11.25,11.25],"texture":"#0","tintindex":0},"south":{"uv":[13.75,9.5,15.0,11.25],"texture":"#0","tintindex":0},"north":{"uv":[11.25,9.5,12.5,11.25],"texture":"#0","tintindex":0},"west":{"uv":[12.5,9.5,13.75,11.25],"texture":"#0","tintindex":0},"up":{"uv":[12.5,9.5,11.25,8.25],"texture":"#0","tintindex":0},"down":{"uv":[13.75,8.25,12.5,9.5],"texture":"#0","tintindex":0}}}],"textures":{"particle":"#0","0":"modelengine:entity/badlands_creeper"}}