{"display":{"head":{},"firstperson_righthand":{},"thirdperson_lefthand":{},"firstperson_lefthand":{},"fixed":{},"ground":{},"thirdperson_righthand":{},"gui":{"rotation":[-150.0,-45.0,180.0]}},"elements":[{"from":[12.0,11.0,13.0],"to":[3.0,0.0,4.0],"faces":{"east":{"uv":[11.5,3.0,12.75,1.25],"texture":"#2","tintindex":0},"south":{"uv":[10.25,3.0,11.5,1.25],"texture":"#2","tintindex":0},"north":{"uv":[12.75,3.0,14.0,1.25],"texture":"#2","tintindex":0},"west":{"uv":[9.0,3.0,10.25,1.25],"texture":"#2","tintindex":0},"up":{"uv":[11.5,0.0,12.75,1.25],"texture":"#2","tintindex":0},"down":{"uv":[10.25,1.25,11.5,0.0],"texture":"#2","tintindex":0}}},{"from":[3.0,0.0,4.0],"to":[12.0,11.0,13.0],"faces":{"east":{"uv":[9.0,1.25,10.25,3.0],"texture":"#2","tintindex":0},"south":{"uv":[12.75,1.25,14.0,3.0],"texture":"#2","tintindex":0},"north":{"uv":[10.25,1.25,11.5,3.0],"texture":"#2","tintindex":0},"west":{"uv":[11.5,1.25,12.75,3.0],"texture":"#2","tintindex":0},"up":{"uv":[11.5,1.25,10.25,0.0],"texture":"#2","tintindex":0},"down":{"uv":[12.75,0.0,11.5,1.25],"texture":"#2","tintindex":0}}}],"textures":{"particle":"#2","2":"modelengine:entity/creeper_armor_2"}}