{"display":{"head":{},"firstperson_righthand":{},"thirdperson_lefthand":{},"firstperson_lefthand":{},"fixed":{},"ground":{},"thirdperson_righthand":{},"gui":{"rotation":[-150.0,-45.0,180.0]}},"elements":[{"from":[5.0,2.0,6.0],"to":[10.0,9.0,11.0],"faces":{"east":{"uv":[9.0,1.25,10.25,3.0],"texture":"#0","tintindex":0},"south":{"uv":[12.75,1.25,14.0,3.0],"texture":"#0","tintindex":0},"north":{"uv":[10.25,1.25,11.5,3.0],"texture":"#0","tintindex":0},"west":{"uv":[11.5,1.25,12.75,3.0],"texture":"#0","tintindex":0},"up":{"uv":[11.5,1.25,10.25,0.0],"texture":"#0","tintindex":0},"down":{"uv":[12.75,0.0,11.5,1.25],"texture":"#0","tintindex":0}}}],"textures":{"particle":"#0","0":"modelengine:entity/badlands_creeper"}}