{"display":{"head":{},"firstperson_righthand":{},"thirdperson_lefthand":{},"firstperson_lefthand":{},"fixed":{},"ground":{},"thirdperson_righthand":{},"gui":{"rotation":[-150.0,-45.0,180.0]}},"elements":[{"from":[13.0,11.0,12.0],"to":[4.0,0.0,3.0],"faces":{"east":{"uv":[7.5,11.25,8.75,9.5],"texture":"#2","tintindex":0},"south":{"uv":[6.25,11.25,7.5,9.5],"texture":"#2","tintindex":0},"north":{"uv":[8.75,11.25,10.0,9.5],"texture":"#2","tintindex":0},"west":{"uv":[5.0,11.25,6.25,9.5],"texture":"#2","tintindex":0},"up":{"uv":[7.5,8.25,8.75,9.5],"texture":"#2","tintindex":0},"down":{"uv":[6.25,9.5,7.5,8.25],"texture":"#2","tintindex":0}}},{"from":[4.0,0.0,3.0],"to":[13.0,11.0,12.0],"faces":{"east":{"uv":[5.0,9.5,6.25,11.25],"texture":"#2","tintindex":0},"south":{"uv":[8.75,9.5,10.0,11.25],"texture":"#2","tintindex":0},"north":{"uv":[6.25,9.5,7.5,11.25],"texture":"#2","tintindex":0},"west":{"uv":[7.5,9.5,8.75,11.25],"texture":"#2","tintindex":0},"up":{"uv":[7.5,9.5,6.25,8.25],"texture":"#2","tintindex":0},"down":{"uv":[8.75,8.25,7.5,9.5],"texture":"#2","tintindex":0}}}],"textures":{"particle":"#2","2":"modelengine:entity/creeper_armor_2"}}