{"display":{"head":{},"firstperson_righthand":{},"thirdperson_lefthand":{},"firstperson_lefthand":{},"fixed":{},"ground":{},"thirdperson_righthand":{},"gui":{"rotation":[-150.0,-45.0,180.0]}},"elements":[{"from":[3.0,0.0,3.0],"to":[12.0,11.0,12.0],"faces":{"east":{"uv":[0.0,9.5,1.25,11.25],"texture":"#2","tintindex":0},"south":{"uv":[3.75,9.5,5.0,11.25],"texture":"#2","tintindex":0},"north":{"uv":[1.25,9.5,2.5,11.25],"texture":"#2","tintindex":0},"west":{"uv":[2.5,9.5,3.75,11.25],"texture":"#2","tintindex":0},"up":{"uv":[2.5,9.5,1.25,8.25],"texture":"#2","tintindex":0},"down":{"uv":[3.75,8.25,2.5,9.5],"texture":"#2","tintindex":0}}},{"from":[12.0,11.0,12.0],"to":[3.0,0.0,3.0],"faces":{"east":{"uv":[2.5,11.25,3.75,9.5],"texture":"#2","tintindex":0},"south":{"uv":[1.25,11.25,2.5,9.5],"texture":"#2","tintindex":0},"north":{"uv":[3.75,11.25,5.0,9.5],"texture":"#2","tintindex":0},"west":{"uv":[0.0,11.25,1.25,9.5],"texture":"#2","tintindex":0},"up":{"uv":[2.5,8.25,3.75,9.5],"texture":"#2","tintindex":0},"down":{"uv":[1.25,9.5,2.5,8.25],"texture":"#2","tintindex":0}}}],"textures":{"particle":"#2","2":"modelengine:entity/creeper_armor_2"}}