{"display":{"head":{},"firstperson_righthand":{},"thirdperson_lefthand":{},"firstperson_lefthand":{},"fixed":{},"ground":{},"thirdperson_righthand":{},"gui":{"rotation":[-150.0,-45.0,180.0]}},"elements":[{"from":[5.0,2.0,5.0],"to":[10.0,9.0,10.0],"faces":{"east":{"uv":[0.0,9.5,1.25,11.25],"texture":"#0","tintindex":0},"south":{"uv":[3.75,9.5,5.0,11.25],"texture":"#0","tintindex":0},"north":{"uv":[1.25,9.5,2.5,11.25],"texture":"#0","tintindex":0},"west":{"uv":[2.5,9.5,3.75,11.25],"texture":"#0","tintindex":0},"up":{"uv":[2.5,9.5,1.25,8.25],"texture":"#0","tintindex":0},"down":{"uv":[3.75,8.25,2.5,9.5],"texture":"#0","tintindex":0}}}],"textures":{"particle":"#0","0":"modelengine:entity/badlands_creeper"}}