{"display":{"head":{},"firstperson_righthand":{},"thirdperson_lefthand":{},"firstperson_lefthand":{},"fixed":{},"ground":{},"thirdperson_righthand":{},"gui":{"rotation":[-150.0,-45.0,180.0]}},"elements":[{"from":[-6.3500004,8.0,8.0],"to":[-12.65,1.7000008,5.55],"faces":{"east":{"uv":[0.448,10.6,0.46400002,10.900001],"texture":"#1","tintindex":0},"south":{"uv":[0.416,10.6,0.46400002,10.900001],"texture":"#1","tintindex":0},"north":{"uv":[0.46400002,10.6,0.416,10.900001],"texture":"#1","tintindex":0},"west":{"uv":[0.0,10.6,0.016,10.650001],"texture":"#1","tintindex":0},"up":{"uv":[0.0,10.6,0.016,10.650001],"texture":"#1","tintindex":0},"down":{"uv":[0.0,10.6,0.016,10.650001],"texture":"#1","tintindex":0}}},{"from":[-12.65,3.7999992,5.55],"to":[-10.549999,5.9000015,8.0],"faces":{"east":{"uv":[0.0,10.6,0.016,10.650001],"texture":"#1","tintindex":0},"up":{"uv":[0.0,10.6,0.016,10.650001],"texture":"#1","tintindex":0},"down":{"uv":[0.0,10.6,0.016,10.650001],"texture":"#1","tintindex":0}}},{"from":[-12.299999,2.0499992,5.9],"to":[-6.7,7.6500015,7.65],"faces":{"south":{"uv":[3.232,0.8,2.72,2.4],"texture":"#1","tintindex":0},"north":{"uv":[2.72,0.8,3.232,2.4],"texture":"#1","tintindex":0},"up":{"uv":[3.232,0.8,2.72,0.0],"texture":"#1","tintindex":0},"down":{"uv":[3.232,3.2,2.72,2.4],"texture":"#1","tintindex":0}}}],"textures":{"particle":"#1","1":"modelengine:entity/den_officielle"}}