{"display":{"head":{},"firstperson_righthand":{},"thirdperson_lefthand":{},"firstperson_lefthand":{},"fixed":{},"ground":{},"thirdperson_righthand":{},"gui":{"rotation":[-150.0,-45.0,180.0]}},"elements":[{"from":[22.0,18.0,11.25],"to":[21.0,9.0,4.75],"faces":{"east":{"uv":[0.0,13.3,0.016,13.35],"texture":"#0","tintindex":0},"south":{"uv":[0.0,13.3,0.016,13.35],"texture":"#0","tintindex":0},"north":{"uv":[0.0,13.3,0.016,13.35],"texture":"#0","tintindex":0},"up":{"uv":[0.0,13.3,0.016,13.35],"texture":"#0","tintindex":0},"down":{"uv":[0.0,13.3,0.016,13.35],"texture":"#0","tintindex":0}}},{"from":[29.0,19.0,11.25],"to":[22.0,8.0,4.75],"faces":{"east":{"uv":[0.032,13.3,0.048,13.85],"texture":"#0","tintindex":0},"south":{"uv":[0.0,13.3,0.016,13.35],"texture":"#0","tintindex":0},"north":{"uv":[0.0,13.3,0.016,13.35],"texture":"#0","tintindex":0},"west":{"uv":[0.0,13.3,0.016,13.35],"texture":"#0","tintindex":0},"up":{"uv":[0.0,13.3,0.016,13.35],"texture":"#0","tintindex":0},"down":{"uv":[0.0,13.3,0.016,13.35],"texture":"#0","tintindex":0}}},{"from":[21.5,8.5,5.25],"to":[28.5,18.5,10.75],"faces":{"south":{"uv":[2.368,1.1,1.9200001,3.1000001],"texture":"#0","tintindex":0},"north":{"uv":[1.9200001,1.1,2.368,3.1000001],"texture":"#0","tintindex":0},"up":{"uv":[2.368,1.1,1.9200001,0.0],"texture":"#0","tintindex":0},"down":{"uv":[2.368,4.2000003,1.9200001,3.1000001],"texture":"#0","tintindex":0}}}],"textures":{"particle":"#0","0":"modelengine:entity/coding_smp"}}