{"display":{"head":{},"firstperson_righthand":{},"thirdperson_lefthand":{},"firstperson_lefthand":{},"fixed":{},"ground":{},"thirdperson_righthand":{},"gui":{"rotation":[-150.0,-45.0,180.0]}},"elements":[{"from":[9.4,-3.9000015,3.8000002],"to":[20.6,7.300003,7.3],"faces":{"south":{"uv":[3.7760003,0.8,3.2640002,2.4],"texture":"#1","tintindex":0},"north":{"uv":[3.2640002,0.8,3.7760003,2.4],"texture":"#1","tintindex":0},"up":{"uv":[3.7760003,0.8,3.2640002,0.0],"texture":"#1","tintindex":0},"down":{"uv":[3.7760003,3.2,3.2640002,2.4],"texture":"#1","tintindex":0}}},{"from":[21.3,8.0,8.0],"to":[8.7,-4.5999985,3.1],"faces":{"east":{"uv":[0.49600002,10.900001,0.512,10.6],"texture":"#1","tintindex":0},"south":{"uv":[0.46400002,10.900001,0.512,10.6],"texture":"#1","tintindex":0},"north":{"uv":[0.512,10.900001,0.46400002,10.6],"texture":"#1","tintindex":0},"west":{"uv":[0.0,10.6,0.016,10.650001],"texture":"#1","tintindex":0},"up":{"uv":[0.46400002,10.85,0.512,10.900001],"texture":"#1","tintindex":0},"down":{"uv":[0.0,10.6,0.016,10.650001],"texture":"#1","tintindex":0}}},{"from":[8.7,-0.40000153,3.1],"to":[12.9,3.800003,8.0],"faces":{"east":{"uv":[0.0,10.6,0.016,10.650001],"texture":"#1","tintindex":0},"up":{"uv":[0.0,10.6,0.016,10.650001],"texture":"#1","tintindex":0}}},{"from":[12.9,-4.5999985,3.1],"to":[17.1,-0.40000153,8.0],"faces":{"east":{"uv":[0.0,10.6,0.016,10.650001],"texture":"#1","tintindex":0},"up":{"uv":[0.0,10.6,0.016,10.650001],"texture":"#1","tintindex":0}}}],"textures":{"particle":"#1","1":"modelengine:entity/den_officielle"}}