{"display":{"head":{},"firstperson_righthand":{},"thirdperson_lefthand":{},"firstperson_lefthand":{},"fixed":{},"ground":{},"thirdperson_righthand":{},"gui":{"rotation":[-150.0,-45.0,180.0]}},"elements":[{"from":[26.2,4.033333,6.6],"to":[29.933334,7.766668,7.766667],"faces":{"south":{"uv":[3.232,0.8,2.72,2.4],"texture":"#1","tintindex":0},"north":{"uv":[2.72,0.8,3.232,2.4],"texture":"#1","tintindex":0},"up":{"uv":[3.232,0.8,2.72,0.0],"texture":"#1","tintindex":0},"down":{"uv":[3.232,3.2,2.72,2.4],"texture":"#1","tintindex":0}}},{"from":[25.966667,5.1999993,6.366667],"to":[27.366667,6.600001,8.0],"faces":{"east":{"uv":[0.0,10.6,0.016,10.650001],"texture":"#1","tintindex":0},"up":{"uv":[0.0,10.6,0.016,10.650001],"texture":"#1","tintindex":0},"down":{"uv":[0.0,10.6,0.016,10.650001],"texture":"#1","tintindex":0}}},{"from":[30.166668,8.0,8.0],"to":[25.966667,3.8000002,6.366667],"faces":{"east":{"uv":[0.448,10.6,0.46400002,10.900001],"texture":"#1","tintindex":0},"south":{"uv":[0.416,10.6,0.46400002,10.900001],"texture":"#1","tintindex":0},"north":{"uv":[0.46400002,10.6,0.416,10.900001],"texture":"#1","tintindex":0},"west":{"uv":[0.0,10.6,0.016,10.650001],"texture":"#1","tintindex":0},"up":{"uv":[0.0,10.6,0.016,10.650001],"texture":"#1","tintindex":0},"down":{"uv":[0.0,10.6,0.016,10.650001],"texture":"#1","tintindex":0}}}],"textures":{"particle":"#1","1":"modelengine:entity/den_officielle"}}