{"display":{"head":{},"firstperson_righthand":{},"thirdperson_lefthand":{},"firstperson_lefthand":{},"fixed":{},"ground":{},"thirdperson_righthand":{},"gui":{"rotation":[-150.0,-45.0,180.0]}},"elements":[{"from":[-12.299999,5.9000015,3.1],"to":[-10.200001,8.0,8.0],"faces":{"east":{"uv":[0.0,10.650001,0.016,10.7],"texture":"#1","tintindex":0},"down":{"uv":[0.0,10.650001,0.016,10.7],"texture":"#1","tintindex":0}}},{"from":[-1.8000002,-4.5999985,3.1],"to":[0.3000002,-2.5,8.0],"faces":{"west":{"uv":[0.0,10.650001,0.016,10.7],"texture":"#1","tintindex":0},"up":{"uv":[0.0,10.650001,0.016,10.7],"texture":"#1","tintindex":0}}},{"from":[0.3000002,8.0,8.0],"to":[-12.299999,-4.5999985,3.1],"faces":{"east":{"uv":[0.080000006,10.6,0.096,10.900001],"texture":"#1","tintindex":0},"south":{"uv":[0.272,10.900001,0.36800003,10.6],"texture":"#1","tintindex":0},"north":{"uv":[0.36800003,10.900001,0.272,10.6],"texture":"#1","tintindex":0},"west":{"uv":[0.080000006,10.6,0.096,10.900001],"texture":"#1","tintindex":0},"up":{"uv":[0.272,10.85,0.36800003,10.900001],"texture":"#1","tintindex":0},"down":{"uv":[0.272,10.6,0.36800003,10.650001],"texture":"#1","tintindex":0}}},{"from":[-1.8000002,5.9000015,3.1],"to":[0.3000002,8.0,8.0],"faces":{"west":{"uv":[0.0,10.650001,0.016,10.7],"texture":"#1","tintindex":0},"down":{"uv":[0.0,10.650001,0.016,10.7],"texture":"#1","tintindex":0}}},{"from":[-8.1,-0.40000153,3.1],"to":[-3.8999996,3.800003,8.0],"faces":{"east":{"uv":[0.0,10.6,0.016,10.650001],"texture":"#1","tintindex":0},"west":{"uv":[0.0,10.6,0.016,10.650001],"texture":"#1","tintindex":0},"up":{"uv":[0.0,10.6,0.016,10.650001],"texture":"#1","tintindex":0},"down":{"uv":[0.0,10.6,0.016,10.650001],"texture":"#1","tintindex":0}}},{"from":[-11.6,-3.9000015,3.8000002],"to":[-0.39999962,7.300003,7.3],"faces":{"south":{"uv":[2.144,0.8,1.6320001,2.4],"texture":"#1","tintindex":0},"north":{"uv":[1.6320001,0.8,2.144,2.4],"texture":"#1","tintindex":0},"up":{"uv":[2.144,0.8,1.6320001,0.0],"texture":"#1","tintindex":0},"down":{"uv":[2.144,3.2,1.6320001,2.4],"texture":"#1","tintindex":0}}},{"from":[-12.299999,-4.5999985,3.1],"to":[-10.200001,-2.5,8.0],"faces":{"east":{"uv":[0.0,10.650001,0.016,10.7],"texture":"#1","tintindex":0},"up":{"uv":[0.0,10.650001,0.016,10.7],"texture":"#1","tintindex":0}}}],"textures":{"particle":"#1","1":"modelengine:entity/den_officielle"}}