{"display":{"head":{},"firstperson_righthand":{},"thirdperson_lefthand":{},"firstperson_lefthand":{},"fixed":{},"ground":{},"thirdperson_righthand":{},"gui":{"rotation":[-150.0,-45.0,180.0]}},"elements":[{"from":[25.675,5.8999996,6.775],"to":[26.725,6.950001,8.0],"faces":{"east":{"uv":[0.0,10.6,0.016,10.650001],"texture":"#1","tintindex":0},"west":{"uv":[0.0,10.6,0.016,10.650001],"texture":"#1","tintindex":0},"up":{"uv":[0.0,10.6,0.016,10.650001],"texture":"#1","tintindex":0},"down":{"uv":[0.0,10.6,0.016,10.650001],"texture":"#1","tintindex":0}}},{"from":[27.775,8.0,8.0],"to":[24.625,4.8500004,6.775],"faces":{"east":{"uv":[0.080000006,10.6,0.096,10.900001],"texture":"#1","tintindex":0},"south":{"uv":[0.448,10.900001,0.35200003,10.6],"texture":"#1","tintindex":0},"north":{"uv":[0.35200003,10.6,0.448,10.900001],"texture":"#1","tintindex":0},"west":{"uv":[0.0,10.6,0.016,10.650001],"texture":"#1","tintindex":0},"up":{"uv":[0.448,10.85,0.35200003,10.900001],"texture":"#1","tintindex":0},"down":{"uv":[0.448,10.6,0.35200003,10.650001],"texture":"#1","tintindex":0}}},{"from":[24.8,5.0249996,6.95],"to":[27.6,7.825001,7.825],"faces":{"south":{"uv":[2.6880002,0.8,2.176,2.4],"texture":"#1","tintindex":0},"north":{"uv":[2.176,0.8,2.6880002,2.4],"texture":"#1","tintindex":0},"up":{"uv":[2.6880002,0.8,2.176,0.0],"texture":"#1","tintindex":0},"down":{"uv":[2.6880002,3.2,2.176,2.4],"texture":"#1","tintindex":0}}},{"from":[24.625,4.8500004,6.775],"to":[25.15,5.375,8.0],"faces":{"east":{"uv":[0.0,10.650001,0.016,10.7],"texture":"#1","tintindex":0},"up":{"uv":[0.0,10.650001,0.016,10.7],"texture":"#1","tintindex":0}}},{"from":[24.625,7.4750004,6.775],"to":[25.15,8.0,8.0],"faces":{"east":{"uv":[0.0,10.650001,0.016,10.7],"texture":"#1","tintindex":0},"down":{"uv":[0.0,10.650001,0.016,10.7],"texture":"#1","tintindex":0}}}],"textures":{"particle":"#1","1":"modelengine:entity/den_officielle"}}