{"display":{"head":{},"firstperson_righthand":{},"thirdperson_lefthand":{},"firstperson_lefthand":{},"fixed":{},"ground":{},"thirdperson_righthand":{},"gui":{"rotation":[-150.0,-45.0,180.0]}},"elements":[{"from":[-11.775,5.8999996,6.775],"to":[-10.725,6.950001,8.0],"faces":{"east":{"uv":[0.0,10.6,0.016,10.650001],"texture":"#1","tintindex":0},"up":{"uv":[0.0,10.6,0.016,10.650001],"texture":"#1","tintindex":0},"down":{"uv":[0.0,10.6,0.016,10.650001],"texture":"#1","tintindex":0}}},{"from":[-11.6,5.0249996,6.95],"to":[-8.799999,7.825001,7.825],"faces":{"south":{"uv":[3.232,0.8,2.72,2.4],"texture":"#1","tintindex":0},"north":{"uv":[2.72,0.8,3.232,2.4],"texture":"#1","tintindex":0},"up":{"uv":[3.232,0.8,2.72,0.0],"texture":"#1","tintindex":0},"down":{"uv":[3.232,3.2,2.72,2.4],"texture":"#1","tintindex":0}}},{"from":[-8.625,8.0,8.0],"to":[-11.775,4.8500004,6.775],"faces":{"east":{"uv":[0.448,10.6,0.46400002,10.900001],"texture":"#1","tintindex":0},"south":{"uv":[0.416,10.6,0.46400002,10.900001],"texture":"#1","tintindex":0},"north":{"uv":[0.46400002,10.6,0.416,10.900001],"texture":"#1","tintindex":0},"west":{"uv":[0.0,10.6,0.016,10.650001],"texture":"#1","tintindex":0},"up":{"uv":[0.0,10.6,0.016,10.650001],"texture":"#1","tintindex":0},"down":{"uv":[0.0,10.6,0.016,10.650001],"texture":"#1","tintindex":0}}}],"textures":{"particle":"#1","1":"modelengine:entity/den_officielle"}}