{"display":{"head":{},"firstperson_righthand":{},"thirdperson_lefthand":{},"firstperson_lefthand":{},"fixed":{},"ground":{},"thirdperson_righthand":{},"gui":{"rotation":[-150.0,-45.0,180.0]}},"elements":[{"from":[20.95,8.0,8.0],"to":[14.65,1.7000008,5.55],"faces":{"east":{"uv":[0.49600002,10.900001,0.512,10.6],"texture":"#1","tintindex":0},"south":{"uv":[0.46400002,10.900001,0.512,10.6],"texture":"#1","tintindex":0},"north":{"uv":[0.512,10.900001,0.46400002,10.6],"texture":"#1","tintindex":0},"west":{"uv":[0.0,10.6,0.016,10.650001],"texture":"#1","tintindex":0},"up":{"uv":[0.46400002,10.85,0.512,10.900001],"texture":"#1","tintindex":0},"down":{"uv":[0.0,10.6,0.016,10.650001],"texture":"#1","tintindex":0}}},{"from":[14.65,3.7999992,5.55],"to":[16.75,5.9000015,8.0],"faces":{"east":{"uv":[0.0,10.6,0.016,10.650001],"texture":"#1","tintindex":0},"up":{"uv":[0.0,10.6,0.016,10.650001],"texture":"#1","tintindex":0}}},{"from":[15.0,2.0499992,5.9],"to":[20.6,7.6500015,7.65],"faces":{"south":{"uv":[3.7760003,0.8,3.2640002,2.4],"texture":"#1","tintindex":0},"north":{"uv":[3.2640002,0.8,3.7760003,2.4],"texture":"#1","tintindex":0},"up":{"uv":[3.7760003,0.8,3.2640002,0.0],"texture":"#1","tintindex":0},"down":{"uv":[3.7760003,3.2,3.2640002,2.4],"texture":"#1","tintindex":0}}},{"from":[16.75,1.7000008,5.55],"to":[18.85,3.7999992,8.0],"faces":{"east":{"uv":[0.0,10.6,0.016,10.650001],"texture":"#1","tintindex":0},"up":{"uv":[0.0,10.6,0.016,10.650001],"texture":"#1","tintindex":0}}}],"textures":{"particle":"#1","1":"modelengine:entity/den_officielle"}}