{"display":{"head":{},"firstperson_righthand":{},"thirdperson_lefthand":{},"firstperson_lefthand":{},"fixed":{},"ground":{},"thirdperson_righthand":{},"gui":{"rotation":[-150.0,-45.0,180.0]}},"elements":[{"from":[-8.0,22.0,1.5],"to":[0.0,24.0,14.5],"faces":{"east":{"uv":[0.0,13.3,0.016,13.35],"texture":"#0","tintindex":0},"up":{"uv":[0.0,13.3,0.016,13.35],"texture":"#0","tintindex":0},"down":{"uv":[0.0,13.3,0.016,13.35],"texture":"#0","tintindex":0}}},{"from":[8.0,30.0,14.5],"to":[-8.0,8.0,1.5],"faces":{"east":{"uv":[0.112,13.85,0.096,13.3],"texture":"#0","tintindex":0},"south":{"uv":[0.128,13.85,0.096,13.3],"texture":"#0","tintindex":0},"north":{"uv":[0.096,13.85,0.128,13.3],"texture":"#0","tintindex":0},"west":{"uv":[0.0,13.3,0.016,13.35],"texture":"#0","tintindex":0},"up":{"uv":[0.0,13.3,0.016,13.35],"texture":"#0","tintindex":0},"down":{"uv":[0.0,13.3,0.016,13.35],"texture":"#0","tintindex":0}}},{"from":[-7.0,9.0,2.5],"to":[7.0,29.0,13.5],"faces":{"south":{"uv":[3.808,1.1,3.3600001,3.1000001],"texture":"#0","tintindex":0},"north":{"uv":[3.3600001,1.1,3.808,3.1000001],"texture":"#0","tintindex":0},"up":{"uv":[3.808,1.1,3.3600001,0.0],"texture":"#0","tintindex":0},"down":{"uv":[3.808,4.2000003,3.3600001,3.1000001],"texture":"#0","tintindex":0}}}],"textures":{"particle":"#0","0":"modelengine:entity/coding_smp"}}