{"display":{"head":{},"firstperson_righthand":{},"thirdperson_lefthand":{},"firstperson_lefthand":{},"fixed":{},"ground":{},"thirdperson_righthand":{},"gui":{"rotation":[-150.0,-45.0,180.0]}},"elements":[{"from":[-11.6,10.0,5.8],"to":[-10.0,10.0,10.2],"faces":{"down":{"uv":[6.7200003,4.2000003,6.5920005,3.1000001],"texture":"#0","tintindex":0}}},{"from":[-12.0,8.0,5.3999996],"to":[-9.6,9.6,10.6],"faces":{"east":{"uv":[0.0,13.3,0.016,13.35],"texture":"#0","tintindex":0},"west":{"uv":[0.0,13.3,0.016,13.35],"texture":"#0","tintindex":0},"up":{"uv":[0.0,13.3,0.016,13.35],"texture":"#0","tintindex":0}}},{"from":[-12.0,15.200001,5.3999996],"to":[-9.6,16.8,10.6],"faces":{"east":{"uv":[0.0,13.3,0.016,13.35],"texture":"#0","tintindex":0},"west":{"uv":[0.0,13.3,0.016,13.35],"texture":"#0","tintindex":0},"down":{"uv":[0.016,13.35,0.064,13.400001],"texture":"#0","tintindex":0}}},{"from":[-14.800001,8.4,5.8],"to":[-6.8,16.400002,10.2],"faces":{"east":{"uv":[0.032,13.400001,0.048,13.3],"texture":"#0","tintindex":0},"south":{"uv":[6.5600004,1.1,5.92,3.1000001],"texture":"#0","tintindex":0},"north":{"uv":[5.92,1.1,6.5600004,3.1000001],"texture":"#0","tintindex":0},"west":{"uv":[0.032,13.400001,0.048,13.3],"texture":"#0","tintindex":0},"up":{"uv":[6.5600004,1.1,5.92,0.0],"texture":"#0","tintindex":0},"down":{"uv":[6.5600004,4.2000003,5.92,3.1000001],"texture":"#0","tintindex":0}}},{"from":[-11.200001,13.6,5.3999996],"to":[-10.4,15.200001,10.6],"faces":{"east":{"uv":[0.0,13.3,0.016,13.35],"texture":"#0","tintindex":0},"west":{"uv":[0.0,13.3,0.016,13.35],"texture":"#0","tintindex":0},"down":{"uv":[0.0,13.3,0.016,13.35],"texture":"#0","tintindex":0}}},{"from":[-6.4000006,16.8,10.6],"to":[-15.200001,8.0,5.3999996],"faces":{"east":{"uv":[0.0,13.3,0.016,13.35],"texture":"#0","tintindex":0},"south":{"uv":[0.192,13.85,0.36800003,13.3],"texture":"#0","tintindex":0},"north":{"uv":[0.192,13.85,0.36800003,13.3],"texture":"#0","tintindex":0},"west":{"uv":[0.0,13.3,0.016,13.35],"texture":"#0","tintindex":0},"up":{"uv":[0.192,13.3,0.36800003,13.35],"texture":"#0","tintindex":0},"down":{"uv":[0.192,13.3,0.36800003,13.35],"texture":"#0","tintindex":0}}}],"textures":{"particle":"#0","0":"modelengine:entity/coding_smp"}}