{"display":{"head":{},"firstperson_righthand":{},"thirdperson_lefthand":{},"firstperson_lefthand":{},"fixed":{},"ground":{},"thirdperson_righthand":{},"gui":{"rotation":[-150.0,-45.0,180.0]}},"elements":[{"from":[23.166668,6.600001,6.366667],"to":[23.866667,7.3000007,8.0],"faces":{"east":{"uv":[0.0,10.6,0.016,10.650001],"texture":"#1","tintindex":0},"west":{"uv":[0.0,10.6,0.016,10.650001],"texture":"#1","tintindex":0},"down":{"uv":[0.0,10.6,0.016,10.650001],"texture":"#1","tintindex":0}}},{"from":[23.166668,3.8000002,6.366667],"to":[24.566668,4.5,8.0],"faces":{"east":{"uv":[0.0,10.6,0.016,10.650001],"texture":"#1","tintindex":0},"west":{"uv":[0.0,10.6,0.016,10.650001],"texture":"#1","tintindex":0},"up":{"uv":[0.99200004,10.8,0.96000004,10.85],"texture":"#1","tintindex":0}}},{"from":[25.966667,8.0,8.0],"to":[21.766666,3.8000002,6.366667],"faces":{"east":{"uv":[0.0,10.6,0.016,10.650001],"texture":"#1","tintindex":0},"south":{"uv":[1.024,10.900001,0.92800003,10.6],"texture":"#1","tintindex":0},"north":{"uv":[1.024,10.900001,0.92800003,10.6],"texture":"#1","tintindex":0},"west":{"uv":[0.0,10.6,0.016,10.650001],"texture":"#1","tintindex":0},"up":{"uv":[1.024,10.900001,0.92800003,10.85],"texture":"#1","tintindex":0},"down":{"uv":[1.024,10.650001,0.92800003,10.6],"texture":"#1","tintindex":0}}},{"from":[23.166668,7.3000007,6.366667],"to":[24.566668,8.0,8.0],"faces":{"east":{"uv":[0.0,10.6,0.016,10.650001],"texture":"#1","tintindex":0},"west":{"uv":[0.0,10.6,0.016,10.650001],"texture":"#1","tintindex":0},"down":{"uv":[0.99200004,10.650001,0.96000004,10.7],"texture":"#1","tintindex":0}}},{"from":[23.866667,4.5,6.366667],"to":[24.566668,5.1999993,8.0],"faces":{"east":{"uv":[0.0,10.6,0.016,10.650001],"texture":"#1","tintindex":0},"west":{"uv":[0.0,10.6,0.016,10.650001],"texture":"#1","tintindex":0},"up":{"uv":[0.0,10.6,0.016,10.650001],"texture":"#1","tintindex":0}}},{"from":[22.0,4.033333,6.6],"to":[25.733334,7.766668,7.766667],"faces":{"south":{"uv":[7.9360003,0.8,7.4240003,2.4],"texture":"#1","tintindex":0},"north":{"uv":[7.4240003,0.8,7.9360003,2.4],"texture":"#1","tintindex":0},"up":{"uv":[7.9360003,0.8,7.4240003,0.0],"texture":"#1","tintindex":0},"down":{"uv":[7.9360003,3.2,7.4240003,2.4],"texture":"#1","tintindex":0}}}],"textures":{"particle":"#1","1":"modelengine:entity/den_officielle"}}