{"display":{"head":{},"firstperson_righthand":{},"thirdperson_lefthand":{},"firstperson_lefthand":{},"fixed":{},"ground":{},"thirdperson_righthand":{},"gui":{"rotation":[-150.0,-45.0,180.0]}},"elements":[{"from":[5.0,8.0,6.0],"to":[11.0,16.0,10.0],"faces":{"east":{"uv":[0.0,7.75,1.0,9.75],"texture":"#0","tintindex":0},"south":{"uv":[3.5,7.75,5.0,9.75],"texture":"#0","tintindex":0},"north":{"uv":[1.0,7.75,2.5,9.75],"texture":"#0","tintindex":0},"west":{"uv":[2.5,7.75,3.5,9.75],"texture":"#0","tintindex":0},"up":{"uv":[2.5,7.75,1.0,6.75],"texture":"#0","tintindex":0},"down":{"uv":[4.0,6.75,2.5,7.75],"texture":"#0","tintindex":0}}}],"textures":{"particle":"#0","0":"modelengine:entity/spruce_creeper"}}