{"display":{"head":{},"firstperson_righthand":{},"thirdperson_lefthand":{},"firstperson_lefthand":{},"fixed":{},"ground":{},"thirdperson_righthand":{},"gui":{"rotation":[-150.0,-45.0,180.0]}},"elements":[{"from":[4.0,15.0,12.0],"to":[12.0,19.0,12.0],"faces":{"east":{"uv":[0.0,5.75,2.0,6.75],"texture":"#0","tintindex":0},"south":{"uv":[6.0,5.75,8.0,6.75],"texture":"#0","tintindex":0},"north":{"uv":[8.0,5.75,6.0,6.75],"texture":"#0","tintindex":0},"west":{"uv":[4.0,5.75,6.0,6.75],"texture":"#0","tintindex":0},"up":{"uv":[4.0,5.75,2.0,3.75],"texture":"#0","tintindex":0},"down":{"uv":[6.0,3.75,4.0,5.75],"texture":"#0","tintindex":0}}},{"from":[4.0,8.0,4.0],"to":[12.0,15.0,12.0],"faces":{"east":{"uv":[0.0,2.0,2.0,3.75],"texture":"#0","tintindex":0},"south":{"uv":[6.0,2.0,8.0,3.75],"texture":"#0","tintindex":0},"north":{"uv":[2.0,2.0,4.0,3.75],"texture":"#0","tintindex":0},"west":{"uv":[4.0,2.0,6.0,3.75],"texture":"#0","tintindex":0},"up":{"uv":[4.0,2.0,2.0,0.0],"texture":"#0","tintindex":0},"down":{"uv":[6.0,0.0,4.0,2.0],"texture":"#0","tintindex":0}}},{"from":[3.0,15.0,4.0],"to":[13.0,19.0,4.0],"faces":{"south":{"uv":[11.5,7.75,9.0,8.75],"texture":"#0","tintindex":0},"north":{"uv":[9.0,7.75,11.5,8.75],"texture":"#0","tintindex":0}}},{"from":[12.0,15.0,4.0],"to":[12.0,19.0,12.0],"faces":{"east":{"uv":[0.0,5.75,2.0,6.75],"texture":"#0","tintindex":0},"south":{"uv":[8.0,5.75,6.0,6.75],"texture":"#0","tintindex":0},"north":{"uv":[4.0,5.75,2.0,6.75],"texture":"#0","tintindex":0},"west":{"uv":[2.0,5.75,0.0,6.75],"texture":"#0","tintindex":0},"up":{"uv":[2.0,5.75,4.0,3.75],"texture":"#0","tintindex":0},"down":{"uv":[4.0,3.75,6.0,5.75],"texture":"#0","tintindex":0}}},{"from":[4.0,15.0,4.0],"to":[4.0,19.0,12.0],"faces":{"east":{"uv":[6.0,5.75,4.0,6.75],"texture":"#0","tintindex":0},"south":{"uv":[6.0,5.75,8.0,6.75],"texture":"#0","tintindex":0},"north":{"uv":[2.0,5.75,4.0,6.75],"texture":"#0","tintindex":0},"west":{"uv":[4.0,5.75,6.0,6.75],"texture":"#0","tintindex":0},"up":{"uv":[4.0,5.75,2.0,3.75],"texture":"#0","tintindex":0},"down":{"uv":[6.0,3.75,4.0,5.75],"texture":"#0","tintindex":0}}}],"textures":{"particle":"#0","0":"modelengine:entity/spruce_creeper"}}