{"display":{"head":{},"firstperson_righthand":{},"thirdperson_lefthand":{},"firstperson_lefthand":{},"fixed":{},"ground":{},"thirdperson_righthand":{},"gui":{"rotation":[-150.0,-45.0,180.0]}},"elements":[{"from":[6.0,2.0,8.0],"to":[10.0,8.0,12.0],"faces":{"east":{"uv":[8.0,6.25,9.0,7.75],"texture":"#0","tintindex":0},"south":{"uv":[11.0,6.25,12.0,7.75],"texture":"#0","tintindex":0},"north":{"uv":[9.0,6.25,10.0,7.75],"texture":"#0","tintindex":0},"west":{"uv":[10.0,6.25,11.0,7.75],"texture":"#0","tintindex":0},"up":{"uv":[10.0,6.25,9.0,5.25],"texture":"#0","tintindex":0},"down":{"uv":[11.0,5.25,10.0,6.25],"texture":"#0","tintindex":0}}}],"textures":{"particle":"#0","0":"modelengine:entity/spruce_creeper"}}