{"display":{"head":{},"firstperson_righthand":{},"thirdperson_lefthand":{},"firstperson_lefthand":{},"fixed":{},"ground":{},"thirdperson_righthand":{},"gui":{"rotation":[-150.0,-45.0,180.0]}},"elements":[{"from":[6.0,2.0,8.0],"to":[10.0,8.0,12.0],"faces":{"east":{"uv":[8.0,1.0,9.0,2.5],"texture":"#0","tintindex":0},"south":{"uv":[11.0,1.0,12.0,2.5],"texture":"#0","tintindex":0},"north":{"uv":[9.0,1.0,10.0,2.5],"texture":"#0","tintindex":0},"west":{"uv":[10.0,1.0,11.0,2.5],"texture":"#0","tintindex":0},"up":{"uv":[10.0,1.0,9.0,0.0],"texture":"#0","tintindex":0},"down":{"uv":[11.0,0.0,10.0,1.0],"texture":"#0","tintindex":0}}}],"textures":{"particle":"#0","0":"modelengine:entity/spruce_creeper"}}