{"display":{"head":{},"firstperson_righthand":{},"thirdperson_lefthand":{},"firstperson_lefthand":{},"fixed":{},"ground":{},"thirdperson_righthand":{},"gui":{"rotation":[-150.0,-45.0,180.0]}},"elements":[{"from":[4.0,0.0,2.0],"to":[12.0,10.0,10.0],"faces":{"east":{"uv":[7.0,3.75,8.0,5.25],"texture":"#2","tintindex":0},"south":{"uv":[10.0,3.75,11.0,5.25],"texture":"#2","tintindex":0},"north":{"uv":[8.0,3.75,9.0,5.25],"texture":"#2","tintindex":0},"west":{"uv":[9.0,3.75,10.0,5.25],"texture":"#2","tintindex":0},"up":{"uv":[9.0,3.75,8.0,2.75],"texture":"#2","tintindex":0},"down":{"uv":[10.0,2.75,9.0,3.75],"texture":"#2","tintindex":0}}},{"from":[12.0,10.0,10.0],"to":[4.0,0.0,2.0],"faces":{"east":{"uv":[9.0,5.25,10.0,3.75],"texture":"#2","tintindex":0},"south":{"uv":[8.0,5.25,9.0,3.75],"texture":"#2","tintindex":0},"north":{"uv":[10.0,5.25,11.0,3.75],"texture":"#2","tintindex":0},"west":{"uv":[7.0,5.25,8.0,3.75],"texture":"#2","tintindex":0},"up":{"uv":[9.0,2.75,10.0,3.75],"texture":"#2","tintindex":0},"down":{"uv":[8.0,3.75,9.0,2.75],"texture":"#2","tintindex":0}}}],"textures":{"particle":"#2","2":"modelengine:entity/creeper_armor_2"}}