{"display":{"head":{},"firstperson_righthand":{},"thirdperson_lefthand":{},"firstperson_lefthand":{},"fixed":{},"ground":{},"thirdperson_righthand":{},"gui":{"rotation":[-150.0,-45.0,180.0]}},"elements":[{"from":[6.0,2.0,4.0],"to":[10.0,8.0,8.0],"faces":{"east":{"uv":[5.0,7.75,6.0,9.25],"texture":"#0","tintindex":0},"south":{"uv":[8.0,7.75,9.0,9.25],"texture":"#0","tintindex":0},"north":{"uv":[6.0,7.75,7.0,9.25],"texture":"#0","tintindex":0},"west":{"uv":[7.0,7.75,8.0,9.25],"texture":"#0","tintindex":0},"up":{"uv":[7.0,7.75,6.0,6.75],"texture":"#0","tintindex":0},"down":{"uv":[8.0,6.75,7.0,7.75],"texture":"#0","tintindex":0}}}],"textures":{"particle":"#0","0":"modelengine:entity/spruce_creeper"}}