{"display":{"head":{},"firstperson_righthand":{},"thirdperson_lefthand":{},"firstperson_lefthand":{},"fixed":{},"ground":{},"thirdperson_righthand":{},"gui":{"rotation":[-150.0,-45.0,180.0]}},"elements":[{"from":[4.0,0.0,2.0],"to":[12.0,10.0,10.0],"faces":{"east":{"uv":[5.0,7.75,6.0,9.25],"texture":"#2","tintindex":0},"south":{"uv":[8.0,7.75,9.0,9.25],"texture":"#2","tintindex":0},"north":{"uv":[6.0,7.75,7.0,9.25],"texture":"#2","tintindex":0},"west":{"uv":[7.0,7.75,8.0,9.25],"texture":"#2","tintindex":0},"up":{"uv":[7.0,7.75,6.0,6.75],"texture":"#2","tintindex":0},"down":{"uv":[8.0,6.75,7.0,7.75],"texture":"#2","tintindex":0}}},{"from":[12.0,10.0,10.0],"to":[4.0,0.0,2.0],"faces":{"east":{"uv":[7.0,9.25,8.0,7.75],"texture":"#2","tintindex":0},"south":{"uv":[6.0,9.25,7.0,7.75],"texture":"#2","tintindex":0},"north":{"uv":[8.0,9.25,9.0,7.75],"texture":"#2","tintindex":0},"west":{"uv":[5.0,9.25,6.0,7.75],"texture":"#2","tintindex":0},"up":{"uv":[7.0,6.75,8.0,7.75],"texture":"#2","tintindex":0},"down":{"uv":[6.0,7.75,7.0,6.75],"texture":"#2","tintindex":0}}}],"textures":{"particle":"#2","2":"modelengine:entity/creeper_armor_2"}}