{"display":{"head":{},"firstperson_righthand":{},"thirdperson_lefthand":{},"firstperson_lefthand":{},"fixed":{},"ground":{},"thirdperson_righthand":{},"gui":{"rotation":[-150.0,-45.0,180.0]}},"elements":[{"from":[-7.2877197,9.0,6.7058206],"to":[-7.24772,21.0,18.70582],"rotation":{"origin":[-6.2877197,16.0,11.55582],"axis":"y","angle":-45.0},"faces":{"east":{"uv":[0.0,0.0,12.0,12.0],"texture":"#2","tintindex":0},"west":{"uv":[12.0,0.0,0.0,12.0],"texture":"#2","tintindex":0}}},{"from":[-4.0,-0.5377197,3.2058206],"to":[8.0,-0.49771976,15.205821],"rotation":{"origin":[-9.0,-3.2877197,11.55582],"axis":"x","angle":45.0},"faces":{"up":{"uv":[0.0,0.0,12.0,12.0],"texture":"#2","rotation":270,"tintindex":0},"down":{"uv":[12.0,0.0,0.0,12.0],"texture":"#2","rotation":270,"tintindex":0}}},{"from":[-4.0,10.0,-5.0],"to":[8.0,14.0,-2.0],"faces":{"east":{"uv":[2.5,8.5,3.25,9.5],"texture":"#0","tintindex":0},"south":{"uv":[5.5,1.25,8.5,2.25],"texture":"#0","tintindex":0},"north":{"uv":[5.5,0.0,8.5,1.0],"texture":"#0","tintindex":0},"west":{"uv":[3.25,8.5,2.5,9.5],"texture":"#0","tintindex":0},"up":{"uv":[8.5,5.0,5.5,4.25],"texture":"#0","tintindex":0},"down":{"uv":[7.5,5.5,4.5,6.25],"texture":"#0","tintindex":0}}},{"from":[-1.0,15.0,-1.0],"to":[5.0,17.0,5.0],"faces":{"east":{"uv":[8.25,6.5,9.75,7.0],"texture":"#0","tintindex":0},"south":{"uv":[8.25,6.5,9.75,7.0],"texture":"#0","tintindex":0},"north":{"uv":[8.25,6.5,9.75,7.0],"texture":"#0","tintindex":0},"west":{"uv":[8.25,6.5,9.75,7.0],"texture":"#0","tintindex":0},"up":{"uv":[7.0,4.0,5.5,2.5],"texture":"#0","tintindex":0},"down":{"uv":[4.25,5.5,2.75,7.0],"texture":"#0","tintindex":0}}},{"from":[5.4,17.4,5.4],"to":[-1.4,15.1,-1.4],"faces":{"east":{"uv":[8.75,0.0,9.25,0.5],"texture":"#0","tintindex":0},"south":{"uv":[8.75,0.0,9.25,0.5],"texture":"#0","tintindex":0},"north":{"uv":[8.75,0.0,9.25,0.5],"texture":"#0","tintindex":0},"west":{"uv":[8.75,0.0,9.25,0.5],"texture":"#0","tintindex":0},"down":{"uv":[8.75,0.0,9.25,0.5],"texture":"#0","tintindex":0}}},{"from":[11.24772,9.0,6.7058206],"to":[11.28772,21.0,18.70582],"rotation":{"origin":[10.28772,16.0,11.55582],"axis":"y","angle":45.0},"faces":{"east":{"uv":[0.0,0.0,12.0,12.0],"texture":"#2","tintindex":0},"west":{"uv":[12.0,0.0,0.0,12.0],"texture":"#2","tintindex":0}}},{"from":[8.4,14.4,-1.6],"to":[-4.4,9.6,-5.4],"faces":{"east":{"uv":[8.75,0.0,9.25,0.5],"texture":"#0","tintindex":0},"south":{"uv":[8.75,0.0,9.25,0.5],"texture":"#0","tintindex":0},"north":{"uv":[8.75,1.0,11.75,1.5],"texture":"#0","tintindex":0},"west":{"uv":[8.75,0.0,9.25,0.5],"texture":"#0","tintindex":0},"up":{"uv":[8.75,0.5,11.75,1.0],"texture":"#0","tintindex":0},"down":{"uv":[8.75,0.0,9.25,0.5],"texture":"#0","tintindex":0}}},{"from":[-3.0,5.0,-3.0],"to":[7.0,15.0,7.0],"faces":{"east":{"uv":[0.0,2.75,2.5,5.25],"texture":"#0","tintindex":0},"south":{"uv":[2.75,0.0,5.25,2.5],"texture":"#0","tintindex":0},"north":{"uv":[0.0,0.0,2.5,2.5],"texture":"#0","tintindex":0},"west":{"uv":[2.5,2.75,0.0,5.25],"texture":"#0","tintindex":0},"up":{"uv":[5.25,5.25,2.75,2.75],"texture":"#0","tintindex":0},"down":{"uv":[2.5,5.5,0.0,8.0],"texture":"#0","tintindex":0}}},{"from":[7.4,15.4,7.4],"to":[-3.4,4.6,-3.4],"faces":{"east":{"uv":[8.75,0.0,9.25,0.5],"texture":"#0","tintindex":0},"south":{"uv":[8.75,0.0,9.25,0.5],"texture":"#0","tintindex":0},"north":{"uv":[8.75,0.0,9.25,0.5],"texture":"#0","tintindex":0},"west":{"uv":[8.75,0.0,9.25,0.5],"texture":"#0","tintindex":0},"up":{"uv":[8.75,0.0,9.25,0.5],"texture":"#0","tintindex":0},"down":{"uv":[8.75,0.0,9.25,0.5],"texture":"#0","tintindex":0}}}],"textures":{"particle":"#2","0":"modelengine:entity/cubee_end_brick","2":"modelengine:entity/end_particle"}}