{"display":{"head":{},"firstperson_righthand":{},"thirdperson_lefthand":{},"firstperson_lefthand":{},"fixed":{},"ground":{},"thirdperson_righthand":{},"gui":{"rotation":[-150.0,-45.0,180.0]}},"elements":[{"from":[4.5,6.0,6.0],"to":[8.5,10.0,10.0],"faces":{"east":{"uv":[8.25,2.5,7.25,3.5],"texture":"#0","tintindex":0},"south":{"uv":[8.0,6.5,7.0,7.5],"texture":"#0","tintindex":0},"north":{"uv":[5.5,6.5,4.5,7.5],"texture":"#0","tintindex":0},"west":{"uv":[6.75,6.5,5.75,7.5],"texture":"#0","tintindex":0},"up":{"uv":[2.75,8.25,3.75,7.25],"texture":"#0","tintindex":0},"down":{"uv":[4.0,7.75,5.0,8.75],"texture":"#0","tintindex":0}}},{"from":[8.4,10.4,10.4],"to":[4.1,5.6,5.6],"faces":{"east":{"uv":[9.25,0.0,8.75,0.5],"texture":"#0","tintindex":0},"south":{"uv":[9.25,0.0,8.75,0.5],"texture":"#0","tintindex":0},"north":{"uv":[9.25,0.0,8.75,0.5],"texture":"#0","tintindex":0},"up":{"uv":[9.25,0.0,8.75,0.5],"texture":"#0","tintindex":0},"down":{"uv":[9.25,0.0,8.75,0.5],"texture":"#0","tintindex":0}}}],"textures":{"particle":"#0","0":"modelengine:entity/cubee_end_brick"}}