{"display":{"head":{},"firstperson_righthand":{},"thirdperson_lefthand":{},"firstperson_lefthand":{},"fixed":{},"ground":{},"thirdperson_righthand":{},"gui":{"rotation":[-150.0,-45.0,180.0]}},"elements":[{"from":[10.4,8.4,10.15],"to":[5.6,4.6,5.35],"faces":{"east":{"uv":[9.25,0.0,8.75,0.5],"texture":"#0","tintindex":0},"south":{"uv":[9.25,0.0,8.75,0.5],"texture":"#0","tintindex":0},"north":{"uv":[9.25,0.0,8.75,0.5],"texture":"#0","tintindex":0},"west":{"uv":[9.25,0.0,8.75,0.5],"texture":"#0","tintindex":0},"up":{"uv":[9.25,0.0,8.75,0.5],"texture":"#0","tintindex":0}}},{"from":[6.0,5.0,5.75],"to":[10.0,9.0,9.75],"faces":{"east":{"uv":[8.75,7.75,7.75,8.75],"texture":"#0","tintindex":0},"south":{"uv":[7.5,7.75,6.5,8.75],"texture":"#0","tintindex":0},"north":{"uv":[6.25,7.75,5.25,8.75],"texture":"#0","tintindex":0},"west":{"uv":[8.75,5.25,7.75,6.25],"texture":"#0","tintindex":0},"up":{"uv":[0.0,9.25,1.0,8.25],"texture":"#0","tintindex":0},"down":{"uv":[1.25,8.25,2.25,9.25],"texture":"#0","tintindex":0}}}],"textures":{"particle":"#0","0":"modelengine:entity/cubee_end_brick"}}