{"display":{"head":{},"firstperson_righthand":{},"thirdperson_lefthand":{},"firstperson_lefthand":{},"fixed":{},"ground":{},"thirdperson_righthand":{},"gui":{"rotation":[-150.0,-45.0,180.0]}},"elements":[{"from":[11.9,10.4,10.4],"to":[7.6,5.6,5.6],"faces":{"south":{"uv":[8.75,0.0,9.25,0.5],"texture":"#0","tintindex":0},"north":{"uv":[8.75,0.0,9.25,0.5],"texture":"#0","tintindex":0},"west":{"uv":[8.75,0.0,9.25,0.5],"texture":"#0","tintindex":0},"up":{"uv":[8.75,0.0,9.25,0.5],"texture":"#0","tintindex":0},"down":{"uv":[8.75,0.0,9.25,0.5],"texture":"#0","tintindex":0}}},{"from":[7.5,6.0,6.0],"to":[11.5,10.0,10.0],"faces":{"east":{"uv":[5.75,6.5,6.75,7.5],"texture":"#0","tintindex":0},"south":{"uv":[7.0,6.5,8.0,7.5],"texture":"#0","tintindex":0},"north":{"uv":[4.5,6.5,5.5,7.5],"texture":"#0","tintindex":0},"west":{"uv":[7.25,2.5,8.25,3.5],"texture":"#0","tintindex":0},"up":{"uv":[3.75,8.25,2.75,7.25],"texture":"#0","tintindex":0},"down":{"uv":[5.0,7.75,4.0,8.75],"texture":"#0","tintindex":0}}}],"textures":{"particle":"#0","0":"modelengine:entity/cubee_end_brick"}}