{"display":{"head":{},"firstperson_righthand":{},"thirdperson_lefthand":{},"firstperson_lefthand":{},"fixed":{},"ground":{},"thirdperson_righthand":{},"gui":{"rotation":[-150.0,-45.0,180.0]}},"elements":[{"from":[13.749626,14.000701,13.97764],"to":[2.0829587,2.334034,2.3109732],"faces":{"east":{"uv":[11.0625,10.25,11.25,10.0625],"texture":"#0","rotation":180,"tintindex":0},"south":{"uv":[11.0625,10.25,11.25,10.0625],"texture":"#0","rotation":180,"tintindex":0},"north":{"uv":[11.0625,10.25,11.25,10.0625],"texture":"#0","rotation":180,"tintindex":0},"west":{"uv":[11.0625,10.25,11.25,10.0625],"texture":"#0","rotation":180,"tintindex":0},"up":{"uv":[11.0625,10.25,11.25,10.0625],"texture":"#0","rotation":180,"tintindex":0},"down":{"uv":[11.0625,10.25,11.25,10.0625],"texture":"#0","rotation":180,"tintindex":0}}},{"from":[2.5829587,2.834034,2.8109736],"to":[13.249626,13.500701,13.47764],"faces":{"east":{"uv":[10.875,10.25,11.875,11.25],"texture":"#0","tintindex":0},"south":{"uv":[10.875,10.25,11.875,11.25],"texture":"#0","tintindex":0},"north":{"uv":[10.875,10.25,11.875,11.25],"texture":"#0","tintindex":0},"west":{"uv":[10.875,10.25,11.875,11.25],"texture":"#0","tintindex":0},"up":{"uv":[10.875,10.25,11.875,11.25],"texture":"#0","tintindex":0},"down":{"uv":[10.875,10.25,11.875,11.25],"texture":"#0","tintindex":0}}},{"from":[-12.08371,2.5411406,7.875103],"to":[2.5829587,13.2078085,7.9084363],"rotation":{"origin":[-4.7503757,7.8744745,7.89177],"axis":"x","angle":45.0},"faces":{"south":{"uv":[10.875,11.25,11.875,12.625],"texture":"#0","rotation":270,"tintindex":0},"north":{"uv":[10.875,11.25,11.875,12.625],"texture":"#0","rotation":90,"tintindex":0}}},{"from":[2.6233988,13.500701,7.875103],"to":[13.290066,28.16737,7.9084363],"rotation":{"origin":[7.9567323,20.834034,7.89177],"axis":"y","angle":-45.0},"faces":{"south":{"uv":[10.875,11.25,11.875,12.625],"texture":"#0","tintindex":0},"north":{"uv":[10.875,11.25,11.875,12.625],"texture":"#0","tintindex":0}}},{"from":[-12.08371,2.5411406,7.875103],"to":[2.5829587,13.2078085,7.9084363],"rotation":{"origin":[-4.7503757,7.8744745,7.89177],"axis":"x","angle":-45.0},"faces":{"south":{"uv":[10.875,11.25,11.875,12.625],"texture":"#0","rotation":270,"tintindex":0},"north":{"uv":[10.875,11.25,11.875,12.625],"texture":"#0","rotation":90,"tintindex":0}}},{"from":[13.249626,2.5411406,7.875103],"to":[27.91629,13.2078085,7.9084363],"rotation":{"origin":[20.582958,7.8744745,7.89177],"axis":"x","angle":-45.0},"faces":{"south":{"uv":[10.875,12.625,11.875,11.25],"texture":"#0","rotation":270,"tintindex":0},"north":{"uv":[10.875,12.625,11.875,11.25],"texture":"#0","rotation":90,"tintindex":0}}},{"from":[2.6233988,-11.832634,7.875103],"to":[13.290066,2.834034,7.9084363],"rotation":{"origin":[7.9567323,-4.4993,7.89177],"axis":"y","angle":45.0},"faces":{"south":{"uv":[10.875,12.625,11.875,11.25],"texture":"#0","tintindex":0},"north":{"uv":[10.875,12.625,11.875,11.25],"texture":"#0","tintindex":0}}},{"from":[8.152163,2.5411406,13.47764],"to":[8.185496,13.2078085,28.144308],"rotation":{"origin":[8.16883,7.8744745,20.810974],"axis":"z","angle":45.0},"faces":{"east":{"uv":[10.875,12.625,11.875,11.25],"texture":"#0","rotation":90,"tintindex":0},"west":{"uv":[10.875,12.625,11.875,11.25],"texture":"#0","rotation":270,"tintindex":0}}},{"from":[8.152163,2.5411406,-11.855694],"to":[8.185496,13.2078085,2.8109736],"rotation":{"origin":[8.16883,7.8744745,-4.52236],"axis":"z","angle":45.0},"faces":{"east":{"uv":[10.875,11.25,11.875,12.625],"texture":"#0","rotation":90,"tintindex":0},"west":{"uv":[10.875,11.25,11.875,12.625],"texture":"#0","rotation":270,"tintindex":0}}},{"from":[2.6233988,13.500701,7.875103],"to":[13.290066,28.16737,7.9084363],"rotation":{"origin":[7.9567323,20.834034,7.89177],"axis":"y","angle":45.0},"faces":{"south":{"uv":[10.875,11.25,11.875,12.625],"texture":"#0","tintindex":0},"north":{"uv":[10.875,11.25,11.875,12.625],"texture":"#0","tintindex":0}}},{"from":[8.152163,2.5411406,13.47764],"to":[8.185496,13.2078085,28.144308],"rotation":{"origin":[8.16883,7.8744745,20.810974],"axis":"z","angle":-45.0},"faces":{"east":{"uv":[10.875,12.625,11.875,11.25],"texture":"#0","rotation":90,"tintindex":0},"west":{"uv":[10.875,12.625,11.875,11.25],"texture":"#0","rotation":270,"tintindex":0}}},{"from":[8.152163,2.5411406,-11.855694],"to":[8.185496,13.2078085,2.8109736],"rotation":{"origin":[8.16883,7.8744745,-4.52236],"axis":"z","angle":-45.0},"faces":{"east":{"uv":[10.875,11.25,11.875,12.625],"texture":"#0","rotation":90,"tintindex":0},"west":{"uv":[10.875,11.25,11.875,12.625],"texture":"#0","rotation":270,"tintindex":0}}},{"from":[13.249626,2.5411406,7.875103],"to":[27.91629,13.2078085,7.9084363],"rotation":{"origin":[20.582958,7.8744745,7.89177],"axis":"x","angle":45.0},"faces":{"south":{"uv":[10.875,12.625,11.875,11.25],"texture":"#0","rotation":270,"tintindex":0},"north":{"uv":[10.875,12.625,11.875,11.25],"texture":"#0","rotation":90,"tintindex":0}}},{"from":[2.6233988,-11.832634,7.875103],"to":[13.290066,2.834034,7.9084363],"rotation":{"origin":[7.9567323,-4.4993,7.89177],"axis":"y","angle":-45.0},"faces":{"south":{"uv":[10.875,12.625,11.875,11.25],"texture":"#0","tintindex":0},"north":{"uv":[10.875,12.625,11.875,11.25],"texture":"#0","tintindex":0}}}],"textures":{"particle":"#0","0":"modelengine:entity/aloc_main"}}