{"display":{"head":{},"firstperson_righthand":{},"thirdperson_lefthand":{},"firstperson_lefthand":{},"fixed":{},"ground":{},"thirdperson_righthand":{},"gui":{"rotation":[-150.0,-45.0,180.0]}},"elements":[{"from":[4.0,8.0,5.0],"to":[12.0,16.0,11.0],"faces":{"east":{"uv":[0.0,6.0,1.5,8.0],"texture":"#0","tintindex":0},"south":{"uv":[5.0,6.0,7.0,8.0],"texture":"#0","tintindex":0},"north":{"uv":[1.5,6.0,3.5,8.0],"texture":"#0","tintindex":0},"west":{"uv":[3.5,6.0,5.0,8.0],"texture":"#0","tintindex":0},"up":{"uv":[3.5,6.0,1.5,4.5],"texture":"#0","tintindex":0},"down":{"uv":[5.5,4.5,3.5,6.0],"texture":"#0","tintindex":0}}}],"textures":{"particle":"#0","0":"modelengine:entity/cave_creeper"}}