{"display":{"head":{},"firstperson_righthand":{},"thirdperson_lefthand":{},"firstperson_lefthand":{},"fixed":{},"ground":{},"thirdperson_righthand":{},"gui":{"rotation":[-150.0,-45.0,180.0]}},"elements":[{"from":[14.0,18.0,13.0],"to":[2.0,6.0,3.0],"faces":{"east":{"uv":[3.5,8.0,5.0,6.0],"texture":"#2","tintindex":0},"south":{"uv":[1.5,8.0,3.5,6.0],"texture":"#2","tintindex":0},"north":{"uv":[5.0,8.0,7.0,6.0],"texture":"#2","tintindex":0},"west":{"uv":[0.0,8.0,1.5,6.0],"texture":"#2","tintindex":0},"up":{"uv":[3.5,4.5,5.5,6.0],"texture":"#2","tintindex":0},"down":{"uv":[1.5,6.0,3.5,4.5],"texture":"#2","tintindex":0}}},{"from":[2.0,6.0,3.0],"to":[14.0,18.0,13.0],"faces":{"east":{"uv":[0.0,6.0,1.5,8.0],"texture":"#2","tintindex":0},"south":{"uv":[5.0,6.0,7.0,8.0],"texture":"#2","tintindex":0},"north":{"uv":[1.5,6.0,3.5,8.0],"texture":"#2","tintindex":0},"west":{"uv":[3.5,6.0,5.0,8.0],"texture":"#2","tintindex":0},"up":{"uv":[3.5,6.0,1.5,4.5],"texture":"#2","tintindex":0},"down":{"uv":[5.5,4.5,3.5,6.0],"texture":"#2","tintindex":0}}}],"textures":{"particle":"#2","2":"modelengine:entity/creeper_armor_2"}}