{"display":{"head":{},"firstperson_righthand":{},"thirdperson_lefthand":{},"firstperson_lefthand":{},"fixed":{},"ground":{},"thirdperson_righthand":{},"gui":{"rotation":[-150.0,-45.0,180.0]}},"elements":[{"from":[15.0,19.0,14.5],"to":[1.0,6.0,1.5],"faces":{"east":{"uv":[4.75,4.5,7.0,2.25],"texture":"#2","tintindex":0},"south":{"uv":[2.25,4.5,4.75,2.25],"texture":"#2","tintindex":0},"north":{"uv":[7.0,4.5,9.5,2.25],"texture":"#2","tintindex":0},"west":{"uv":[0.0,4.5,2.25,2.25],"texture":"#2","tintindex":0},"up":{"uv":[4.75,0.0,7.25,2.25],"texture":"#2","tintindex":0},"down":{"uv":[2.25,2.25,4.75,0.0],"texture":"#2","tintindex":0}}},{"from":[1.0,6.0,1.5],"to":[15.0,19.0,14.5],"faces":{"east":{"uv":[0.0,2.25,2.25,4.5],"texture":"#2","tintindex":0},"south":{"uv":[7.0,2.25,9.5,4.5],"texture":"#2","tintindex":0},"north":{"uv":[2.25,2.25,4.75,4.5],"texture":"#2","tintindex":0},"west":{"uv":[4.75,2.25,7.0,4.5],"texture":"#2","tintindex":0},"up":{"uv":[4.75,2.25,2.25,0.0],"texture":"#2","tintindex":0},"down":{"uv":[7.25,0.0,4.75,2.25],"texture":"#2","tintindex":0}}}],"textures":{"particle":"#2","2":"modelengine:entity/creeper_armor_2"}}