{"display":{"head":{},"firstperson_righthand":{},"thirdperson_lefthand":{},"firstperson_lefthand":{},"fixed":{},"ground":{},"thirdperson_righthand":{},"gui":{"rotation":[-150.0,-45.0,180.0]}},"elements":[{"from":[3.0,8.0,3.5],"to":[13.0,17.0,12.5],"faces":{"east":{"uv":[0.0,2.25,2.25,4.5],"texture":"#0","tintindex":0},"south":{"uv":[7.0,2.25,9.5,4.5],"texture":"#0","tintindex":0},"north":{"uv":[2.25,2.25,4.75,4.5],"texture":"#0","tintindex":0},"west":{"uv":[4.75,2.25,7.0,4.5],"texture":"#0","tintindex":0},"up":{"uv":[4.75,2.25,2.25,0.0],"texture":"#0","tintindex":0},"down":{"uv":[7.25,0.0,4.75,2.25],"texture":"#0","tintindex":0}}}],"textures":{"particle":"#0","0":"modelengine:entity/cave_creeper"}}