{"display":{"head":{},"firstperson_righthand":{},"thirdperson_lefthand":{},"firstperson_lefthand":{},"fixed":{},"ground":{},"thirdperson_righthand":{},"gui":{"rotation":[-150.0,-45.0,180.0]}},"elements":[{"from":[4.0,-2.0,4.0],"to":[13.0,12.0,13.0],"faces":{"east":{"uv":[9.5,5.0,10.75,7.5],"texture":"#2","tintindex":0},"south":{"uv":[13.25,5.0,14.5,7.5],"texture":"#2","tintindex":0},"north":{"uv":[10.75,5.0,12.0,7.5],"texture":"#2","tintindex":0},"west":{"uv":[12.0,5.0,13.25,7.5],"texture":"#2","tintindex":0},"up":{"uv":[12.0,5.0,10.75,3.75],"texture":"#2","tintindex":0},"down":{"uv":[13.25,3.75,12.0,5.0],"texture":"#2","tintindex":0}}},{"from":[13.0,12.0,13.0],"to":[4.0,-2.0,4.0],"faces":{"east":{"uv":[12.0,7.5,13.25,5.0],"texture":"#2","tintindex":0},"south":{"uv":[10.75,7.5,12.0,5.0],"texture":"#2","tintindex":0},"north":{"uv":[13.25,7.5,14.5,5.0],"texture":"#2","tintindex":0},"west":{"uv":[9.5,7.5,10.75,5.0],"texture":"#2","tintindex":0},"up":{"uv":[12.0,3.75,13.25,5.0],"texture":"#2","tintindex":0},"down":{"uv":[10.75,5.0,12.0,3.75],"texture":"#2","tintindex":0}}}],"textures":{"particle":"#2","2":"modelengine:entity/creeper_armor_2"}}