{"display":{"head":{},"firstperson_righthand":{},"thirdperson_lefthand":{},"firstperson_lefthand":{},"fixed":{},"ground":{},"thirdperson_righthand":{},"gui":{"rotation":[-150.0,-45.0,180.0]}},"elements":[{"from":[5.0,0.0,6.0],"to":[10.0,10.0,11.0],"faces":{"east":{"uv":[9.5,1.25,10.75,3.75],"texture":"#0","tintindex":0},"south":{"uv":[13.25,1.25,14.5,3.75],"texture":"#0","tintindex":0},"north":{"uv":[10.75,1.25,12.0,3.75],"texture":"#0","tintindex":0},"west":{"uv":[12.0,1.25,13.25,3.75],"texture":"#0","tintindex":0},"up":{"uv":[12.0,1.25,10.75,0.0],"texture":"#0","tintindex":0},"down":{"uv":[13.25,0.0,12.0,1.25],"texture":"#0","tintindex":0}}}],"textures":{"particle":"#0","0":"modelengine:entity/cave_creeper"}}