{"display":{"head":{},"firstperson_righthand":{},"thirdperson_lefthand":{},"firstperson_lefthand":{},"fixed":{},"ground":{},"thirdperson_righthand":{},"gui":{"rotation":[-150.0,-45.0,180.0]}},"elements":[{"from":[4.0,-2.0,3.0],"to":[13.0,12.0,12.0],"faces":{"east":{"uv":[0.0,9.25,1.25,11.75],"texture":"#2","tintindex":0},"south":{"uv":[3.75,9.25,5.0,11.75],"texture":"#2","tintindex":0},"north":{"uv":[1.25,9.25,2.5,11.75],"texture":"#2","tintindex":0},"west":{"uv":[2.5,9.25,3.75,11.75],"texture":"#2","tintindex":0},"up":{"uv":[2.5,9.25,1.25,8.0],"texture":"#2","tintindex":0},"down":{"uv":[3.75,8.0,2.5,9.25],"texture":"#2","tintindex":0}}},{"from":[13.0,12.0,12.0],"to":[4.0,-2.0,3.0],"faces":{"east":{"uv":[2.5,11.75,3.75,9.25],"texture":"#2","tintindex":0},"south":{"uv":[1.25,11.75,2.5,9.25],"texture":"#2","tintindex":0},"north":{"uv":[3.75,11.75,5.0,9.25],"texture":"#2","tintindex":0},"west":{"uv":[0.0,11.75,1.25,9.25],"texture":"#2","tintindex":0},"up":{"uv":[2.5,8.0,3.75,9.25],"texture":"#2","tintindex":0},"down":{"uv":[1.25,9.25,2.5,8.0],"texture":"#2","tintindex":0}}}],"textures":{"particle":"#2","2":"modelengine:entity/creeper_armor_2"}}