{"display":{"head":{},"firstperson_righthand":{},"thirdperson_lefthand":{},"firstperson_lefthand":{},"fixed":{},"ground":{},"thirdperson_righthand":{},"gui":{"rotation":[-150.0,-45.0,180.0]}},"elements":[{"from":[3.0,-2.0,3.0],"to":[12.0,12.0,12.0],"faces":{"east":{"uv":[5.75,8.0,7.0,10.5],"texture":"#2","tintindex":0},"south":{"uv":[9.5,8.0,10.75,10.5],"texture":"#2","tintindex":0},"north":{"uv":[7.0,8.0,8.25,10.5],"texture":"#2","tintindex":0},"west":{"uv":[8.25,8.0,9.5,10.5],"texture":"#2","tintindex":0},"up":{"uv":[8.25,8.0,7.0,6.75],"texture":"#2","tintindex":0},"down":{"uv":[9.5,6.75,8.25,8.0],"texture":"#2","tintindex":0}}},{"from":[12.0,12.0,12.0],"to":[3.0,-2.0,3.0],"faces":{"east":{"uv":[8.25,10.5,9.5,8.0],"texture":"#2","tintindex":0},"south":{"uv":[7.0,10.5,8.25,8.0],"texture":"#2","tintindex":0},"north":{"uv":[9.5,10.5,10.75,8.0],"texture":"#2","tintindex":0},"west":{"uv":[5.75,10.5,7.0,8.0],"texture":"#2","tintindex":0},"up":{"uv":[8.25,6.75,9.5,8.0],"texture":"#2","tintindex":0},"down":{"uv":[7.0,8.0,8.25,6.75],"texture":"#2","tintindex":0}}}],"textures":{"particle":"#2","2":"modelengine:entity/creeper_armor_2"}}