{"display":{"head":{},"firstperson_righthand":{},"thirdperson_lefthand":{},"firstperson_lefthand":{},"fixed":{},"ground":{},"thirdperson_righthand":{},"gui":{"rotation":[-150.0,-45.0,180.0]}},"elements":[{"from":[5.0,0.0,5.0],"to":[10.0,10.0,10.0],"faces":{"east":{"uv":[5.75,8.0,7.0,10.5],"texture":"#0","tintindex":0},"south":{"uv":[9.5,8.0,10.75,10.5],"texture":"#0","tintindex":0},"north":{"uv":[7.0,8.0,8.25,10.5],"texture":"#0","tintindex":0},"west":{"uv":[8.25,8.0,9.5,10.5],"texture":"#0","tintindex":0},"up":{"uv":[8.25,8.0,7.0,6.75],"texture":"#0","tintindex":0},"down":{"uv":[9.5,6.75,8.25,8.0],"texture":"#0","tintindex":0}}}],"textures":{"particle":"#0","0":"modelengine:entity/cave_creeper"}}