{"display":{"head":{},"firstperson_righthand":{},"thirdperson_lefthand":{},"firstperson_lefthand":{},"fixed":{},"ground":{},"thirdperson_righthand":{},"gui":{"rotation":[-150.0,-45.0,180.0]}},"elements":[{"from":[4.0,7.0,6.0],"to":[12.0,18.0,10.0],"faces":{"east":{"uv":[7.0,8.5,8.0,11.25],"texture":"#0","tintindex":0},"south":{"uv":[11.0,8.5,13.0,11.25],"texture":"#0","tintindex":0},"north":{"uv":[8.0,8.5,10.0,11.25],"texture":"#0","tintindex":0},"west":{"uv":[10.0,8.5,11.0,11.25],"texture":"#0","tintindex":0},"up":{"uv":[10.0,8.5,8.0,7.5],"texture":"#0","tintindex":0},"down":{"uv":[12.0,7.5,10.0,8.5],"texture":"#0","tintindex":0}}}],"textures":{"particle":"#0","0":"modelengine:entity/mushroom_creeper"}}