{"display":{"head":{},"firstperson_righthand":{},"thirdperson_lefthand":{},"firstperson_lefthand":{},"fixed":{},"ground":{},"thirdperson_righthand":{},"gui":{"rotation":[-150.0,-45.0,180.0]}},"elements":[{"from":[14.0,20.0,12.0],"to":[2.0,5.0,4.0],"faces":{"east":{"uv":[10.0,11.25,11.0,8.5],"texture":"#2","tintindex":0},"south":{"uv":[8.0,11.25,10.0,8.5],"texture":"#2","tintindex":0},"north":{"uv":[11.0,11.25,13.0,8.5],"texture":"#2","tintindex":0},"west":{"uv":[7.0,11.25,8.0,8.5],"texture":"#2","tintindex":0},"up":{"uv":[10.0,7.5,12.0,8.5],"texture":"#2","tintindex":0},"down":{"uv":[8.0,8.5,10.0,7.5],"texture":"#2","tintindex":0}}},{"from":[2.0,5.0,4.0],"to":[14.0,20.0,12.0],"faces":{"east":{"uv":[7.0,8.5,8.0,11.25],"texture":"#2","tintindex":0},"south":{"uv":[11.0,8.5,13.0,11.25],"texture":"#2","tintindex":0},"north":{"uv":[8.0,8.5,10.0,11.25],"texture":"#2","tintindex":0},"west":{"uv":[10.0,8.5,11.0,11.25],"texture":"#2","tintindex":0},"up":{"uv":[10.0,8.5,8.0,7.5],"texture":"#2","tintindex":0},"down":{"uv":[12.0,7.5,10.0,8.5],"texture":"#2","tintindex":0}}}],"textures":{"particle":"#2","2":"modelengine:entity/creeper_armor_4"}}