{"display":{"head":{},"firstperson_righthand":{},"thirdperson_lefthand":{},"firstperson_lefthand":{},"fixed":{},"ground":{},"thirdperson_righthand":{},"gui":{"rotation":[-150.0,-45.0,180.0]}},"elements":[{"from":[4.0,2.0,5.0],"to":[13.0,11.0,13.0],"faces":{"east":{"uv":[10.5,1.0,11.5,2.25],"texture":"#2","tintindex":0},"south":{"uv":[13.75,1.0,15.0,2.25],"texture":"#2","tintindex":0},"north":{"uv":[11.5,1.0,12.75,2.25],"texture":"#2","tintindex":0},"west":{"uv":[12.75,1.0,13.75,2.25],"texture":"#2","tintindex":0},"up":{"uv":[12.75,1.0,11.5,0.0],"texture":"#2","tintindex":0},"down":{"uv":[14.0,0.0,12.75,1.0],"texture":"#2","tintindex":0}}},{"from":[13.0,11.0,13.0],"to":[4.0,2.0,5.0],"faces":{"east":{"uv":[12.75,2.25,13.75,1.0],"texture":"#2","tintindex":0},"south":{"uv":[11.5,2.25,12.75,1.0],"texture":"#2","tintindex":0},"north":{"uv":[13.75,2.25,15.0,1.0],"texture":"#2","tintindex":0},"west":{"uv":[10.5,2.25,11.5,1.0],"texture":"#2","tintindex":0},"up":{"uv":[12.75,0.0,14.0,1.0],"texture":"#2","tintindex":0},"down":{"uv":[11.5,1.0,12.75,0.0],"texture":"#2","tintindex":0}}}],"textures":{"particle":"#2","2":"modelengine:entity/creeper_armor_4"}}