{"display":{"head":{},"firstperson_righthand":{},"thirdperson_lefthand":{},"firstperson_lefthand":{},"fixed":{},"ground":{},"thirdperson_righthand":{},"gui":{"rotation":[-150.0,-45.0,180.0]}},"elements":[{"from":[6.0,4.0,7.0],"to":[11.0,9.0,11.0],"faces":{"east":{"uv":[10.5,1.0,11.5,2.25],"texture":"#0","tintindex":0},"south":{"uv":[13.75,1.0,15.0,2.25],"texture":"#0","tintindex":0},"north":{"uv":[11.5,1.0,12.75,2.25],"texture":"#0","tintindex":0},"west":{"uv":[12.75,1.0,13.75,2.25],"texture":"#0","tintindex":0},"up":{"uv":[12.75,1.0,11.5,0.0],"texture":"#0","tintindex":0},"down":{"uv":[14.0,0.0,12.75,1.0],"texture":"#0","tintindex":0}}}],"textures":{"particle":"#0","0":"modelengine:entity/mushroom_creeper"}}