{"display":{"head":{},"firstperson_righthand":{},"thirdperson_lefthand":{},"firstperson_lefthand":{},"fixed":{},"ground":{},"thirdperson_righthand":{},"gui":{"rotation":[-150.0,-45.0,180.0]}},"elements":[{"from":[3.0,2.0,5.0],"to":[12.0,11.0,13.0],"faces":{"east":{"uv":[3.5,11.25,4.5,12.5],"texture":"#2","tintindex":0},"south":{"uv":[6.75,11.25,8.0,12.5],"texture":"#2","tintindex":0},"north":{"uv":[4.5,11.25,5.75,12.5],"texture":"#2","tintindex":0},"west":{"uv":[5.75,11.25,6.75,12.5],"texture":"#2","tintindex":0},"up":{"uv":[5.75,11.25,4.5,10.25],"texture":"#2","tintindex":0},"down":{"uv":[7.0,10.25,5.75,11.25],"texture":"#2","tintindex":0}}},{"from":[12.0,11.0,13.0],"to":[3.0,2.0,5.0],"faces":{"east":{"uv":[5.75,12.5,6.75,11.25],"texture":"#2","tintindex":0},"south":{"uv":[4.5,12.5,5.75,11.25],"texture":"#2","tintindex":0},"north":{"uv":[6.75,12.5,8.0,11.25],"texture":"#2","tintindex":0},"west":{"uv":[3.5,12.5,4.5,11.25],"texture":"#2","tintindex":0},"up":{"uv":[5.75,10.25,7.0,11.25],"texture":"#2","tintindex":0},"down":{"uv":[4.5,11.25,5.75,10.25],"texture":"#2","tintindex":0}}}],"textures":{"particle":"#2","2":"modelengine:entity/creeper_armor_4"}}