{"display":{"head":{},"firstperson_righthand":{},"thirdperson_lefthand":{},"firstperson_lefthand":{},"fixed":{},"ground":{},"thirdperson_righthand":{},"gui":{"rotation":[-150.0,-45.0,180.0]}},"elements":[{"from":[5.0,4.0,7.0],"to":[10.0,9.0,11.0],"faces":{"east":{"uv":[3.5,11.25,4.5,12.5],"texture":"#0","tintindex":0},"south":{"uv":[6.75,11.25,8.0,12.5],"texture":"#0","tintindex":0},"north":{"uv":[4.5,11.25,5.75,12.5],"texture":"#0","tintindex":0},"west":{"uv":[5.75,11.25,6.75,12.5],"texture":"#0","tintindex":0},"up":{"uv":[5.75,11.25,4.5,10.25],"texture":"#0","tintindex":0},"down":{"uv":[7.0,10.25,5.75,11.25],"texture":"#0","tintindex":0}}}],"textures":{"particle":"#0","0":"modelengine:entity/mushroom_creeper"}}