{"display":{"head":{},"firstperson_righthand":{},"thirdperson_lefthand":{},"firstperson_lefthand":{},"fixed":{},"ground":{},"thirdperson_righthand":{},"gui":{"rotation":[-150.0,-45.0,180.0]}},"elements":[{"from":[6.0,4.0,5.0],"to":[11.0,9.0,9.0],"faces":{"east":{"uv":[0.0,9.5,1.0,10.75],"texture":"#0","tintindex":0},"south":{"uv":[3.25,9.5,4.5,10.75],"texture":"#0","tintindex":0},"north":{"uv":[1.0,9.5,2.25,10.75],"texture":"#0","tintindex":0},"west":{"uv":[2.25,9.5,3.25,10.75],"texture":"#0","tintindex":0},"up":{"uv":[2.25,9.5,1.0,8.5],"texture":"#0","tintindex":0},"down":{"uv":[3.5,8.5,2.25,9.5],"texture":"#0","tintindex":0}}}],"textures":{"particle":"#0","0":"modelengine:entity/mushroom_creeper"}}