{"display":{"head":{},"firstperson_righthand":{},"thirdperson_lefthand":{},"firstperson_lefthand":{},"fixed":{},"ground":{},"thirdperson_righthand":{},"gui":{"rotation":[-150.0,-45.0,180.0]}},"elements":[{"from":[13.0,11.0,11.0],"to":[4.0,2.0,3.0],"faces":{"east":{"uv":[2.25,10.75,3.25,9.5],"texture":"#2","tintindex":0},"south":{"uv":[1.0,10.75,2.25,9.5],"texture":"#2","tintindex":0},"north":{"uv":[3.25,10.75,4.5,9.5],"texture":"#2","tintindex":0},"west":{"uv":[0.0,10.75,1.0,9.5],"texture":"#2","tintindex":0},"up":{"uv":[2.25,8.5,3.5,9.5],"texture":"#2","tintindex":0},"down":{"uv":[1.0,9.5,2.25,8.5],"texture":"#2","tintindex":0}}},{"from":[4.0,2.0,3.0],"to":[13.0,11.0,11.0],"faces":{"east":{"uv":[0.0,9.5,1.0,10.75],"texture":"#2","tintindex":0},"south":{"uv":[3.25,9.5,4.5,10.75],"texture":"#2","tintindex":0},"north":{"uv":[1.0,9.5,2.25,10.75],"texture":"#2","tintindex":0},"west":{"uv":[2.25,9.5,3.25,10.75],"texture":"#2","tintindex":0},"up":{"uv":[2.25,9.5,1.0,8.5],"texture":"#2","tintindex":0},"down":{"uv":[3.5,8.5,2.25,9.5],"texture":"#2","tintindex":0}}}],"textures":{"particle":"#2","2":"modelengine:entity/creeper_armor_4"}}