{"display":{"head":{},"firstperson_righthand":{},"thirdperson_lefthand":{},"firstperson_lefthand":{},"fixed":{},"ground":{},"thirdperson_righthand":{},"gui":{"rotation":[-150.0,-45.0,180.0]}},"elements":[{"from":[3.0,2.0,3.0],"to":[12.0,11.0,11.0],"faces":{"east":{"uv":[8.0,6.0,9.0,7.25],"texture":"#2","tintindex":0},"south":{"uv":[11.25,6.0,12.5,7.25],"texture":"#2","tintindex":0},"north":{"uv":[9.0,6.0,10.25,7.25],"texture":"#2","tintindex":0},"west":{"uv":[10.25,6.0,11.25,7.25],"texture":"#2","tintindex":0},"up":{"uv":[10.25,6.0,9.0,5.0],"texture":"#2","tintindex":0},"down":{"uv":[11.5,5.0,10.25,6.0],"texture":"#2","tintindex":0}}},{"from":[12.0,11.0,11.0],"to":[3.0,2.0,3.0],"faces":{"east":{"uv":[10.25,7.25,11.25,6.0],"texture":"#2","tintindex":0},"south":{"uv":[9.0,7.25,10.25,6.0],"texture":"#2","tintindex":0},"north":{"uv":[11.25,7.25,12.5,6.0],"texture":"#2","tintindex":0},"west":{"uv":[8.0,7.25,9.0,6.0],"texture":"#2","tintindex":0},"up":{"uv":[10.25,5.0,11.5,6.0],"texture":"#2","tintindex":0},"down":{"uv":[9.0,6.0,10.25,5.0],"texture":"#2","tintindex":0}}}],"textures":{"particle":"#2","2":"modelengine:entity/creeper_armor_4"}}