{"display":{"head":{},"firstperson_righthand":{},"thirdperson_lefthand":{},"firstperson_lefthand":{},"fixed":{},"ground":{},"thirdperson_righthand":{},"gui":{"rotation":[-150.0,-45.0,180.0]}},"elements":[{"from":[5.0,4.0,5.0],"to":[10.0,9.0,9.0],"faces":{"east":{"uv":[8.0,6.0,9.0,7.25],"texture":"#0","tintindex":0},"south":{"uv":[11.25,6.0,12.5,7.25],"texture":"#0","tintindex":0},"north":{"uv":[9.0,6.0,10.25,7.25],"texture":"#0","tintindex":0},"west":{"uv":[10.25,6.0,11.25,7.25],"texture":"#0","tintindex":0},"up":{"uv":[10.25,6.0,9.0,5.0],"texture":"#0","tintindex":0},"down":{"uv":[11.5,5.0,10.25,6.0],"texture":"#0","tintindex":0}}}],"textures":{"particle":"#0","0":"modelengine:entity/mushroom_creeper"}}