{"display":{"head":{},"firstperson_righthand":{},"thirdperson_lefthand":{},"firstperson_lefthand":{},"fixed":{},"ground":{},"thirdperson_righthand":{},"gui":{"rotation":[-150.0,-45.0,180.0]}},"elements":[{"from":[5.4975,6.922,7.9615],"to":[7.6535,9.077999,8.0385],"faces":{"east":{"uv":[1.016,14.016,1.25,14.984],"texture":"#0","tintindex":0},"south":{"uv":[12.016,9.016,12.984,9.984],"texture":"#0","tintindex":0},"north":{"uv":[9.016,12.016,9.984,12.984],"texture":"#0","tintindex":0},"west":{"uv":[14.016,1.016,14.25,1.984],"texture":"#0","tintindex":0},"up":{"uv":[2.484,14.25,1.516,14.016],"texture":"#0","tintindex":0},"down":{"uv":[14.984,2.016,14.016,2.25],"texture":"#0","tintindex":0}}},{"from":[8.3465,6.922,7.9615],"to":[10.502501,9.077999,8.0385],"faces":{"east":{"uv":[2.516,14.016,2.75,14.984],"texture":"#0","tintindex":0},"south":{"uv":[12.016,10.016,12.984,10.984],"texture":"#0","tintindex":0},"north":{"uv":[10.016,12.016,10.984,12.984],"texture":"#0","tintindex":0},"west":{"uv":[14.016,2.516,14.25,3.484],"texture":"#0","tintindex":0},"up":{"uv":[3.984,14.25,3.016,14.016],"texture":"#0","tintindex":0},"down":{"uv":[14.984,3.516,14.016,3.75],"texture":"#0","tintindex":0}}}],"textures":{"particle":"#0","0":"modelengine:entity/skeleton_cubee"}}