{"display":{"head":{},"firstperson_righthand":{},"thirdperson_lefthand":{},"firstperson_lefthand":{},"fixed":{},"ground":{},"thirdperson_righthand":{},"gui":{"rotation":[-150.0,-45.0,180.0]}},"elements":[{"from":[7.2973747,5.896062,7.297375],"to":[8.702625,8.003938,8.702625],"faces":{"east":{"uv":[2.016,13.016,2.75,13.984],"texture":"#0","tintindex":0},"south":{"uv":[3.016,13.016,3.75,13.984],"texture":"#0","tintindex":0},"north":{"uv":[1.016,13.016,1.75,13.984],"texture":"#0","tintindex":0},"west":{"uv":[4.016,13.016,4.75,13.984],"texture":"#0","tintindex":0},"up":{"uv":[13.75,10.75,13.016,10.016],"texture":"#0","tintindex":0},"down":{"uv":[11.75,13.016,11.016,13.75],"texture":"#0","tintindex":0}}}],"textures":{"particle":"#0","0":"modelengine:entity/skeleton_cubee"}}