{"display":{"head":{},"firstperson_righthand":{},"thirdperson_lefthand":{},"firstperson_lefthand":{},"fixed":{},"ground":{},"thirdperson_righthand":{},"gui":{"rotation":[-150.0,-45.0,180.0]}},"elements":[{"from":[6.571062,7.2973747,7.297375],"to":[8.678938,8.702624,8.702625],"faces":{"east":{"uv":[13.016,11.016,13.75,11.75],"texture":"#0","tintindex":0},"south":{"uv":[6.016,13.016,6.984,13.75],"texture":"#0","tintindex":0},"north":{"uv":[5.016,13.016,5.984,13.75],"texture":"#0","tintindex":0},"west":{"uv":[12.016,13.016,12.75,13.75],"texture":"#0","tintindex":0},"up":{"uv":[13.984,6.75,13.016,6.016],"texture":"#0","tintindex":0},"down":{"uv":[7.984,13.016,7.016,13.75],"texture":"#0","tintindex":0}}}],"textures":{"particle":"#0","0":"modelengine:entity/skeleton_cubee"}}