{"display":{"head":{},"firstperson_righthand":{},"thirdperson_lefthand":{},"firstperson_lefthand":{},"fixed":{},"ground":{},"thirdperson_righthand":{},"gui":{"rotation":[-150.0,-45.0,180.0]}},"elements":[{"from":[7.297375,5.896062,7.297375],"to":[8.702625,8.003938,8.702625],"faces":{"east":{"uv":[12.016,11.016,12.75,11.984],"texture":"#0","tintindex":0},"south":{"uv":[12.016,12.016,12.75,12.984],"texture":"#0","tintindex":0},"north":{"uv":[11.016,12.016,11.75,12.984],"texture":"#0","tintindex":0},"west":{"uv":[0.016,13.016,0.75,13.984],"texture":"#0","tintindex":0},"up":{"uv":[13.75,9.75,13.016,9.016],"texture":"#0","tintindex":0},"down":{"uv":[10.75,13.016,10.016,13.75],"texture":"#0","tintindex":0}}}],"textures":{"particle":"#0","0":"modelengine:entity/skeleton_cubee"}}