{"display":{"head":{},"firstperson_righthand":{},"thirdperson_lefthand":{},"firstperson_lefthand":{},"fixed":{},"ground":{},"thirdperson_righthand":{},"gui":{"rotation":[-150.0,-45.0,180.0]}},"elements":[{"from":[7.3210626,7.2973747,7.297375],"to":[9.428938,8.702624,8.702625],"faces":{"east":{"uv":[13.016,12.016,13.75,12.75],"texture":"#0","tintindex":0},"south":{"uv":[8.016,13.016,8.984,13.75],"texture":"#0","tintindex":0},"north":{"uv":[13.016,7.016,13.984,7.75],"texture":"#0","tintindex":0},"west":{"uv":[13.016,13.016,13.75,13.75],"texture":"#0","tintindex":0},"up":{"uv":[13.984,8.75,13.016,8.016],"texture":"#0","tintindex":0},"down":{"uv":[9.984,13.016,9.016,13.75],"texture":"#0","tintindex":0}}}],"textures":{"particle":"#0","0":"modelengine:entity/skeleton_cubee"}}