{"display":{"head":{},"firstperson_righthand":{},"thirdperson_lefthand":{},"firstperson_lefthand":{},"fixed":{},"ground":{},"thirdperson_righthand":{},"gui":{"rotation":[-150.0,-45.0,180.0]}},"elements":[{"from":[4.0,8.0,4.0],"to":[12.0,14.0,12.0],"faces":{"east":{"uv":[0.0,2.0,2.0,3.5],"texture":"#0","tintindex":0},"south":{"uv":[6.0,2.0,8.0,3.5],"texture":"#0","tintindex":0},"north":{"uv":[2.0,2.0,4.0,3.5],"texture":"#0","tintindex":0},"west":{"uv":[4.0,2.0,6.0,3.5],"texture":"#0","tintindex":0},"up":{"uv":[4.0,2.0,2.0,0.0],"texture":"#0","tintindex":0},"down":{"uv":[6.0,0.0,4.0,2.0],"texture":"#0","tintindex":0}}},{"from":[8.0,14.0,6.0],"to":[8.0,21.0,10.0],"faces":{"east":{"uv":[1.0,9.5,0.0,11.25],"texture":"#0","tintindex":0},"west":{"uv":[0.0,9.5,1.0,11.25],"texture":"#0","tintindex":0}}},{"from":[6.0,14.0,8.0],"to":[10.0,21.0,8.0],"faces":{"south":{"uv":[1.0,9.5,0.0,11.25],"texture":"#0","tintindex":0},"north":{"uv":[0.0,9.5,1.0,11.25],"texture":"#0","tintindex":0}}}],"textures":{"particle":"#0","0":"modelengine:entity/dripstone_creeper"}}