{"display":{"head":{},"firstperson_righthand":{},"thirdperson_lefthand":{},"firstperson_lefthand":{},"fixed":{},"ground":{},"thirdperson_righthand":{},"gui":{"rotation":[-150.0,-45.0,180.0]}},"elements":[{"from":[4.0,8.0,6.0],"to":[12.0,20.0,10.0],"faces":{"east":{"uv":[4.0,5.0,5.0,8.0],"texture":"#0","tintindex":0},"south":{"uv":[8.0,5.0,10.0,8.0],"texture":"#0","tintindex":0},"north":{"uv":[5.0,5.0,7.0,8.0],"texture":"#0","tintindex":0},"west":{"uv":[7.0,5.0,8.0,8.0],"texture":"#0","tintindex":0},"up":{"uv":[7.0,5.0,5.0,4.0],"texture":"#0","tintindex":0},"down":{"uv":[9.0,4.0,7.0,5.0],"texture":"#0","tintindex":0}}}],"textures":{"particle":"#0","0":"modelengine:entity/plains_creeper_halloween"}}