{"display":{"head":{},"firstperson_righthand":{},"thirdperson_lefthand":{},"firstperson_lefthand":{},"fixed":{},"ground":{},"thirdperson_righthand":{},"gui":{"rotation":[-150.0,-45.0,180.0]}},"elements":[{"from":[-0.39999962,24.2,7.0],"to":[2.6,26.2,9.0],"faces":{"east":{"uv":[4.0,13.25,4.5,13.75],"texture":"#0","tintindex":0},"south":{"uv":[5.75,13.25,6.5,13.75],"texture":"#0","tintindex":0},"north":{"uv":[4.5,13.25,5.25,13.75],"texture":"#0","tintindex":0},"west":{"uv":[5.25,13.25,5.75,13.75],"texture":"#0","tintindex":0},"up":{"uv":[5.25,13.25,4.5,12.75],"texture":"#0","tintindex":0},"down":{"uv":[6.0,12.75,5.25,13.25],"texture":"#0","tintindex":0}}},{"from":[4.0,8.0,4.0],"to":[12.0,16.0,12.0],"faces":{"east":{"uv":[0.0,2.0,2.0,4.0],"texture":"#0","tintindex":0},"south":{"uv":[6.0,2.0,8.0,4.0],"texture":"#0","tintindex":0},"north":{"uv":[2.0,2.0,4.0,4.0],"texture":"#0","tintindex":0},"west":{"uv":[4.0,2.0,6.0,4.0],"texture":"#0","tintindex":0},"up":{"uv":[4.0,2.0,2.0,0.0],"texture":"#0","tintindex":0},"down":{"uv":[6.0,0.0,4.0,2.0],"texture":"#0","tintindex":0}}},{"from":[2.0,14.0,2.0],"to":[14.0,17.0,14.0],"faces":{"east":{"uv":[1.5,10.5,4.5,11.25],"texture":"#0","tintindex":0},"south":{"uv":[1.5,10.5,4.5,11.25],"texture":"#0","tintindex":0},"north":{"uv":[1.5,10.5,4.5,11.25],"texture":"#0","tintindex":0},"west":{"uv":[1.75,10.5,4.5,11.25],"texture":"#0","tintindex":0},"up":{"uv":[4.0,10.0,2.0,8.0],"texture":"#0","tintindex":0},"down":{"uv":[14.5,12.5,11.5,15.5],"texture":"#0","tintindex":0}}},{"from":[4.0,16.0,4.0],"to":[12.0,24.0,12.0],"faces":{"east":{"uv":[0.0,10.0,2.0,12.0],"texture":"#0","tintindex":0},"south":{"uv":[6.0,10.0,8.0,12.0],"texture":"#0","tintindex":0},"north":{"uv":[2.0,10.0,4.0,12.0],"texture":"#0","tintindex":0},"west":{"uv":[4.0,10.0,6.0,12.0],"texture":"#0","tintindex":0},"up":{"uv":[4.0,10.0,2.0,8.0],"texture":"#0","tintindex":0},"down":{"uv":[6.0,8.0,4.0,10.0],"texture":"#0","tintindex":0}}},{"from":[5.6,19.2,6.0],"to":[9.6,28.2,10.0],"rotation":{"origin":[7.6,21.2,8.0],"axis":"z","angle":45.0},"faces":{"east":{"uv":[0.0,12.75,1.0,15.0],"texture":"#0","tintindex":0},"south":{"uv":[3.0,12.75,4.0,15.0],"texture":"#0","tintindex":0},"north":{"uv":[1.0,12.75,2.0,15.0],"texture":"#0","tintindex":0},"west":{"uv":[2.0,12.75,3.0,15.0],"texture":"#0","tintindex":0},"up":{"uv":[2.0,12.75,1.0,11.75],"texture":"#0","tintindex":0},"down":{"uv":[3.0,11.75,2.0,12.75],"texture":"#0","tintindex":0}}}],"textures":{"particle":"#0","0":"modelengine:entity/plains_creeper_halloween"}}