{"display":{"head":{},"firstperson_righthand":{},"thirdperson_lefthand":{},"firstperson_lefthand":{},"fixed":{},"ground":{},"thirdperson_righthand":{},"gui":{"rotation":[-150.0,-45.0,180.0]}},"elements":[{"from":[5.4975,6.922,7.9615],"to":[7.6535,9.077999,8.0385],"faces":{"east":{"uv":[7.0,8.25,7.125,8.75],"texture":"#0","tintindex":0},"south":{"uv":[5.0,7.5,5.5,8.0],"texture":"#0","tintindex":0},"north":{"uv":[4.5,7.5,5.0,8.0],"texture":"#0","tintindex":0},"west":{"uv":[7.25,8.25,7.375,8.75],"texture":"#0","tintindex":0},"up":{"uv":[7.25,1.125,6.75,1.0],"texture":"#0","tintindex":0},"down":{"uv":[7.75,1.0,7.25,1.125],"texture":"#0","tintindex":0}}},{"from":[8.3465,6.922,7.9615],"to":[10.502501,9.077999,8.0385],"faces":{"east":{"uv":[7.5,8.25,7.625,8.75],"texture":"#0","tintindex":0},"south":{"uv":[7.5,5.5,8.0,6.0],"texture":"#0","tintindex":0},"north":{"uv":[5.5,7.5,6.0,8.0],"texture":"#0","tintindex":0},"west":{"uv":[7.75,8.25,7.875,8.75],"texture":"#0","tintindex":0},"up":{"uv":[8.5,7.875,8.0,7.75],"texture":"#0","tintindex":0},"down":{"uv":[8.5,8.25,8.0,8.375],"texture":"#0","tintindex":0}}}],"textures":{"particle":"#0","0":"modelengine:entity/stone_cubee"}}