{"display":{"head":{},"firstperson_righthand":{},"thirdperson_lefthand":{},"firstperson_lefthand":{},"fixed":{},"ground":{},"thirdperson_righthand":{},"gui":{"rotation":[-150.0,-45.0,180.0]}},"elements":[{"from":[5.4975,6.922,8.0],"to":[7.6535,9.077999,8.0],"faces":{"south":{"uv":[4.0,7.5,4.5,8.0],"texture":"#0","tintindex":0},"north":{"uv":[3.5,7.5,4.0,8.0],"texture":"#0","tintindex":0}}},{"from":[8.3465,6.922,8.0],"to":[10.502501,9.077999,8.0],"faces":{"south":{"uv":[3.0,7.5,3.5,8.0],"texture":"#0","tintindex":0},"north":{"uv":[2.5,7.5,3.0,8.0],"texture":"#0","tintindex":0}}}],"textures":{"particle":"#0","0":"modelengine:entity/stone_cubee"}}