{"display":{"head":{},"firstperson_righthand":{},"thirdperson_lefthand":{},"firstperson_lefthand":{},"fixed":{},"ground":{},"thirdperson_righthand":{},"gui":{"rotation":[-150.0,-45.0,180.0]}},"elements":[{"from":[6.9395,9.402849,5.0062733],"to":[9.0605,13.35285,9.002273],"rotation":{"origin":[8.0,12.302849,8.166773],"axis":"x","angle":-45.0},"faces":{"east":{"uv":[6.0,5.75,7.0,6.75],"texture":"#0","tintindex":0},"south":{"uv":[7.0,6.75,7.5,7.75],"texture":"#0","tintindex":0},"north":{"uv":[7.0,5.75,7.5,6.75],"texture":"#0","tintindex":0},"west":{"uv":[1.5,6.25,2.5,7.25],"texture":"#0","tintindex":0},"up":{"uv":[2.0,8.25,1.5,7.25],"texture":"#0","tintindex":0},"down":{"uv":[2.5,7.25,2.0,8.25],"texture":"#0","tintindex":0}}},{"from":[7.1395,12.2002125,10.995588],"to":[5.0144997,10.000212,6.2745886],"rotation":{"origin":[8.0,10.500212,9.285089],"axis":"x","angle":-22.5},"faces":{"east":{"uv":[6.5,3.75,7.625,4.25],"texture":"#0","tintindex":0},"south":{"uv":[7.5,7.5,8.0,8.0],"texture":"#0","tintindex":0},"north":{"uv":[7.5,7.0,8.0,7.5],"texture":"#0","tintindex":0},"west":{"uv":[6.75,0.0,7.875,0.5],"texture":"#0","tintindex":0},"up":{"uv":[6.5,7.875,6.0,6.75],"texture":"#0","tintindex":0},"down":{"uv":[7.0,6.75,6.5,7.875],"texture":"#0","tintindex":0}}},{"from":[5.2145,10.2002125,6.4745884],"to":[6.9395,12.000212,10.7955885],"rotation":{"origin":[8.0,10.500212,9.285089],"axis":"x","angle":-22.5},"faces":{"east":{"uv":[6.5,1.75,7.625,2.25],"texture":"#0","tintindex":0},"south":{"uv":[8.0,7.0,8.375,7.5],"texture":"#0","tintindex":0},"north":{"uv":[8.0,6.5,8.375,7.0],"texture":"#0","tintindex":0},"west":{"uv":[6.5,2.25,7.625,2.75],"texture":"#0","tintindex":0},"up":{"uv":[0.875,8.625,0.5,7.5],"texture":"#0","tintindex":0},"down":{"uv":[1.375,7.5,1.0,8.625],"texture":"#0","tintindex":0}}},{"from":[5.1895,5.189501,4.6895],"to":[10.8105,6.8105,5.1895],"faces":{"east":{"uv":[2.5,8.5,2.625,8.875],"texture":"#0","tintindex":0},"south":{"uv":[0.0,7.0,1.375,7.375],"texture":"#0","tintindex":0},"north":{"uv":[6.75,0.5,8.125,0.875],"texture":"#0","tintindex":0},"west":{"uv":[8.5,2.5,8.625,2.875],"texture":"#0","tintindex":0},"up":{"uv":[8.875,8.125,7.5,8.0],"texture":"#0","tintindex":0},"down":{"uv":[9.375,7.5,8.0,7.625],"texture":"#0","tintindex":0}}},{"from":[5.2699785,8.556875,4.70675],"to":[7.819978,9.856874,5.20675],"faces":{"east":{"uv":[8.5,1.5,8.625,1.875],"texture":"#0","tintindex":0},"south":{"uv":[7.75,2.5,8.375,2.875],"texture":"#0","tintindex":0},"north":{"uv":[7.75,2.0,8.375,2.375],"texture":"#0","tintindex":0},"west":{"uv":[8.5,2.0,8.625,2.375],"texture":"#0","tintindex":0},"up":{"uv":[6.125,1.375,5.5,1.25],"texture":"#0","tintindex":0},"down":{"uv":[7.125,4.25,6.5,4.375],"texture":"#0","tintindex":0}}},{"from":[10.9855,10.9855,11.0105],"to":[5.0144997,5.0145006,4.9895],"faces":{"east":{"uv":[2.0,3.25,3.5,4.75],"texture":"#0","tintindex":0},"south":{"uv":[0.0,3.5,1.5,5.0],"texture":"#0","tintindex":0},"north":{"uv":[2.0,1.75,3.5,3.25],"texture":"#0","tintindex":0},"west":{"uv":[3.5,1.75,5.0,3.25],"texture":"#0","tintindex":0},"up":{"uv":[5.0,4.75,3.5,3.25],"texture":"#0","tintindex":0},"down":{"uv":[5.5,0.0,4.0,1.5],"texture":"#0","tintindex":0}}},{"from":[9.0605,10.2002125,6.4745884],"to":[10.7855,12.000212,10.7955885],"rotation":{"origin":[8.0,10.500212,9.285089],"axis":"x","angle":-22.5},"faces":{"east":{"uv":[0.0,6.5,1.125,7.0],"texture":"#0","tintindex":0},"south":{"uv":[6.5,8.0,6.875,8.5],"texture":"#0","tintindex":0},"north":{"uv":[8.0,6.0,8.375,6.5],"texture":"#0","tintindex":0},"west":{"uv":[6.5,1.25,7.625,1.75],"texture":"#0","tintindex":0},"up":{"uv":[7.625,5.375,7.25,4.25],"texture":"#0","tintindex":0},"down":{"uv":[0.375,7.5,0.0,8.625],"texture":"#0","tintindex":0}}},{"from":[10.9855,12.2002125,10.995588],"to":[8.8605,10.000212,6.2745886],"rotation":{"origin":[8.0,10.500212,9.285089],"axis":"x","angle":-22.5},"faces":{"east":{"uv":[6.5,2.75,7.625,3.25],"texture":"#0","tintindex":0},"south":{"uv":[7.5,6.5,8.0,7.0],"texture":"#0","tintindex":0},"north":{"uv":[7.5,6.0,8.0,6.5],"texture":"#0","tintindex":0},"west":{"uv":[6.5,3.25,7.625,3.75],"texture":"#0","tintindex":0},"up":{"uv":[2.0,4.625,1.5,3.5],"texture":"#0","tintindex":0},"down":{"uv":[6.0,6.25,5.5,7.375],"texture":"#0","tintindex":0}}},{"from":[5.1895,5.189501,5.1895],"to":[10.8105,10.810501,10.8105],"faces":{"east":{"uv":[3.0,4.75,4.375,6.125],"texture":"#0","tintindex":0},"south":{"uv":[4.5,4.75,5.875,6.125],"texture":"#0","tintindex":0},"north":{"uv":[1.5,4.75,2.875,6.125],"texture":"#0","tintindex":0},"west":{"uv":[0.0,5.0,1.375,6.375],"texture":"#0","tintindex":0},"up":{"uv":[6.375,2.875,5.0,1.5],"texture":"#0","tintindex":0},"down":{"uv":[6.375,3.0,5.0,4.375],"texture":"#0","tintindex":0}}},{"from":[9.2605,13.552849,9.352273],"to":[6.7395,9.202848,4.956273],"rotation":{"origin":[8.0,12.302849,8.166773],"axis":"x","angle":-45.0},"faces":{"east":{"uv":[5.5,0.0,6.625,1.125],"texture":"#0","tintindex":0},"south":{"uv":[3.25,6.25,3.875,7.375],"texture":"#0","tintindex":0},"north":{"uv":[2.5,6.25,3.125,7.375],"texture":"#0","tintindex":0},"west":{"uv":[6.0,4.5,7.125,5.625],"texture":"#0","tintindex":0},"up":{"uv":[4.625,7.375,4.0,6.25],"texture":"#0","tintindex":0},"down":{"uv":[5.375,6.25,4.75,7.375],"texture":"#0","tintindex":0}}},{"from":[8.180021,8.556875,4.70675],"to":[10.730021,9.856874,5.20675],"faces":{"east":{"uv":[8.5,0.0,8.625,0.375],"texture":"#0","tintindex":0},"south":{"uv":[7.75,1.5,8.375,1.875],"texture":"#0","tintindex":0},"north":{"uv":[7.75,1.0,8.375,1.375],"texture":"#0","tintindex":0},"west":{"uv":[8.5,1.0,8.625,1.375],"texture":"#0","tintindex":0},"up":{"uv":[4.625,1.625,4.0,1.5],"texture":"#0","tintindex":0},"down":{"uv":[5.625,4.5,5.0,4.625],"texture":"#0","tintindex":0}}}],"textures":{"particle":"#0","0":"modelengine:entity/stone_cubee"}}