{"display":{"head":{},"firstperson_righthand":{},"thirdperson_lefthand":{},"firstperson_lefthand":{},"fixed":{},"ground":{},"thirdperson_righthand":{},"gui":{"rotation":[-150.0,-45.0,180.0]}},"elements":[{"from":[6.571062,7.2973747,7.297375],"to":[8.678938,8.702624,8.702625],"faces":{"east":{"uv":[8.25,0.5,8.625,0.875],"texture":"#0","tintindex":0},"south":{"uv":[7.75,3.5,8.25,3.875],"texture":"#0","tintindex":0},"north":{"uv":[7.75,3.0,8.25,3.375],"texture":"#0","tintindex":0},"west":{"uv":[1.5,8.25,1.875,8.625],"texture":"#0","tintindex":0},"up":{"uv":[8.25,4.375,7.75,4.0],"texture":"#0","tintindex":0},"down":{"uv":[8.25,4.5,7.75,4.875],"texture":"#0","tintindex":0}}}],"textures":{"particle":"#0","0":"modelengine:entity/stone_cubee"}}