{"display":{"head":{},"firstperson_righthand":{},"thirdperson_lefthand":{},"firstperson_lefthand":{},"fixed":{},"ground":{},"thirdperson_righthand":{},"gui":{"rotation":[-150.0,-45.0,180.0]}},"elements":[{"from":[7.3210626,7.2973747,7.297375],"to":[9.428938,8.702624,8.702625],"faces":{"east":{"uv":[2.0,8.25,2.375,8.625],"texture":"#0","tintindex":0},"south":{"uv":[7.0,7.75,7.5,8.125],"texture":"#0","tintindex":0},"north":{"uv":[7.75,5.0,8.25,5.375],"texture":"#0","tintindex":0},"west":{"uv":[8.25,3.0,8.625,3.375],"texture":"#0","tintindex":0},"up":{"uv":[8.5,0.375,8.0,0.0],"texture":"#0","tintindex":0},"down":{"uv":[3.0,8.0,2.5,8.375],"texture":"#0","tintindex":0}}}],"textures":{"particle":"#0","0":"modelengine:entity/stone_cubee"}}