{"display":{"head":{},"firstperson_righthand":{},"thirdperson_lefthand":{},"firstperson_lefthand":{},"fixed":{},"ground":{},"thirdperson_righthand":{},"gui":{"rotation":[-150.0,-45.0,180.0]}},"elements":[{"from":[7.297375,5.896062,7.297375],"to":[8.702625,8.003938,8.702625],"faces":{"east":{"uv":[3.5,8.0,3.875,8.5],"texture":"#0","tintindex":0},"south":{"uv":[4.0,8.0,4.375,8.5],"texture":"#0","tintindex":0},"north":{"uv":[3.0,8.0,3.375,8.5],"texture":"#0","tintindex":0},"west":{"uv":[4.5,8.0,4.875,8.5],"texture":"#0","tintindex":0},"up":{"uv":[8.625,3.875,8.25,3.5],"texture":"#0","tintindex":0},"down":{"uv":[8.625,4.0,8.25,4.375],"texture":"#0","tintindex":0}}}],"textures":{"particle":"#0","0":"modelengine:entity/stone_cubee"}}